ticker,window_idx,train_start,train_end,test_start,test_end,mae,rmse,mape,directional_accuracy,naive_mae,naive_rmse,naive_mape,naive_directional_accuracy
ABL,0,2022-08-01,2025-06-23,2025-06-24,2025-09-15,3.5711650374870145,4.941456024780783,2.231138642852092,40.67796610169492,2.8072773561639313,4.334493566583452,1.777206919466806,52.54237288135594
ABOT,0,2022-08-01,2025-06-23,2025-06-24,2025-09-15,12.319331222320665,17.35689396286041,1.1556173640554517,49.152542372881356,10.49490304720604,15.9200700634927,0.9814795020520231,42.3728813559322
AGP,0,2022-08-01,2025-06-23,2025-06-24,2025-09-15,3.2105731527021284,4.284118097044531,1.6944047764337926,57.6271186440678,2.1276281324483555,3.104853038714137,1.1185975734685405,47.45762711864407
AHCL,0,2022-08-01,2025-06-23,2025-06-24,2025-09-15,0.29066057169525394,0.339008291754704,2.502125171250487,55.932203389830505,0.15635626194840785,0.23980121973252969,1.3551746494832453,45.76271186440678
AICL,0,2022-08-01,2025-06-23,2025-06-24,2025-09-15,1.5727019552962098,2.2593431663003694,2.4713327385588504,50.847457627118644,1.324596081749868,2.033801158893641,2.0803061362282387,59.32203389830508
AIRLINK,0,2022-08-01,2025-06-23,2025-06-24,2025-09-15,2.6327083902983683,3.8211413964226106,1.8004884416407014,49.152542372881356,2.306355363231594,3.394743531624281,1.5703895824829937,55.932203389830505
AKBL,0,2022-08-01,2025-06-23,2025-06-24,2025-09-15,1.2417105150525227,1.593564566212575,1.9592270114433135,59.32203389830508,1.094206405898272,1.5499563690230063,1.7476832277460874,42.3728813559322
APL,0,2022-08-01,2025-06-23,2025-06-24,2025-09-15,9.26342855153037,10.770053835499834,1.8914724020491758,54.23728813559322,3.9305569923530173,5.455790772454037,0.8044063587951183,55.932203389830505
ASTL,0,2022-08-01,2025-06-23,2025-06-24,2025-09-15,0.42592134610392834,0.6267837534012093,1.8122285660031396,50.847457627118644,0.3601695238533666,0.5909816047003318,1.520897110221572,45.76271186440678
ATLH,0,2022-08-01,2025-06-23,2025-06-24,2025-09-15,11.984500317405516,18.269147604132012,1.1018871772278873,64.40677966101694,12.598211773371302,20.054906800941453,1.1523089678457534,52.54237288135594
ATRL,0,2022-08-01,2025-06-23,2025-06-24,2025-09-15,7.742403057021813,9.64826707677174,1.1690813718762616,49.152542372881356,6.224021782309322,8.035354263432112,0.9381275185643458,35.59322033898305
AVN,0,2022-08-01,2025-06-23,2025-06-24,2025-09-15,0.5631074439301477,0.7754877672318119,1.1567464706324389,50.847457627118644,0.4547872381695245,0.7283093802104533,0.93197937831557,44.06779661016949
BAFL,0,2022-08-01,2025-06-23,2025-06-24,2025-09-15,1.578250440925262,1.9767908766540996,1.7893684470581466,57.6271186440678,1.0715387635311846,1.4606016906944113,1.2502891831613774,45.76271186440678
BAHL,0,2022-08-01,2025-06-23,2025-06-24,2025-09-15,3.1615079742698704,4.367603549905794,1.87080839538652,50.847457627118644,2.9566435733083956,4.075118130200284,1.7563216055374018,49.152542372881356
BNWM,0,2022-08-01,2025-06-23,2025-06-24,2025-09-15,8.223749256642265,9.444784824997845,10.275677793780781,40.67796610169492,3.136271460581634,4.3906009906227474,3.7301145195777883,54.23728813559322
BOP,0,2022-08-01,2025-06-23,2025-06-24,2025-09-15,0.3151953503618256,0.4604409449830547,2.3036589770568217,47.45762711864407,0.26438703375347633,0.4196826666719877,1.937115527200704,54.23728813559322
BWCL,0,2022-08-01,2025-06-23,2025-06-24,2025-09-15,7.230682320460379,9.689591606381274,1.5047872873535655,62.71186440677966,3.735160698324954,6.857263881708412,0.8095271280753392,57.6271186440678
CHCC,0,2022-08-01,2025-06-23,2025-06-24,2025-09-15,5.5164245212088305,6.9906534747345574,1.7661014434305746,57.6271186440678,4.346530720338977,5.885851545631227,1.3827673038289352,49.152542372881356
CNERGY,0,2022-08-01,2025-06-23,2025-06-24,2025-09-15,0.0766759467454426,0.0953217919743776,1.0796668268425493,52.54237288135594,0.07355930037417654,0.10188059801477346,1.0304450741557927,32.20338983050847
COLG,0,2022-08-01,2025-06-23,2025-06-24,2025-09-15,5.291811706038893,7.1125744825696575,0.4227679940617569,47.45762711864407,3.6127598649364483,6.121671436572483,0.28967291527470257,38.983050847457626
CPHL,0,2022-08-01,2025-06-23,2025-06-24,2025-09-15,1.3550237026659235,1.916401288553924,1.5685038421236839,61.016949152542374,1.3171187578621553,1.9402598028614688,1.5201166032130695,50.847457627118644
DCR,0,2022-08-01,2025-06-23,2025-06-24,2025-09-15,0.23866653205963712,0.3824392738326052,0.8463775496432812,50.847457627118644,0.18968171588445137,0.37975804919352496,0.6708184988712917,45.76271186440678
DGKC,0,2022-08-01,2025-06-23,2025-06-24,2025-09-15,3.633839731557316,5.485008179314645,1.8769687556837273,42.3728813559322,2.9177618511652494,4.723967132428563,1.5130681800119459,54.23728813559322
DHPL,0,2022-08-01,2025-06-23,2025-06-24,2025-09-15,0.9633787114236315,1.2260875087646053,2.2561443619420025,49.152542372881356,0.7286440677966098,0.9947242186588409,1.7356408243515136,35.59322033898305
EFERT,0,2022-08-01,2025-06-23,2025-06-24,2025-09-15,2.543208161503229,3.468758010735792,1.306767413562921,61.016949152542374,2.610077938791047,3.501256819521116,1.3409989936482636,50.847457627118644
ENGROH,0,2022-08-01,2025-06-23,2025-06-24,2025-09-15,3.432999809727831,4.877676373753804,1.6160435543426295,40.67796610169492,3.0372881355932213,4.279523971626846,1.419455275703882,55.932203389830505
EPCL,0,2022-08-01,2025-06-23,2025-06-24,2025-09-15,0.532535624797206,0.7720018682322726,1.7319548399017934,42.3728813559322,0.4266103647523005,0.6548346617723098,1.3796107838206133,49.152542372881356
FABL,0,2022-08-01,2025-06-23,2025-06-24,2025-09-15,1.1977804154880058,1.6628218821763971,1.7069604894774555,47.45762711864407,1.0905924005023504,1.7085252000008402,1.553274482204143,45.76271186440678
FATIMA,0,2022-08-01,2025-06-23,2025-06-24,2025-09-15,1.7334056592739258,2.4676819149830185,1.5814659239462316,47.45762711864407,1.6039592936887566,2.2769586296332838,1.4766261927231807,54.23728813559322
FCCL,0,2022-08-01,2025-06-23,2025-06-24,2025-09-15,0.87851753009964,1.3249208494782536,1.7391004038983224,50.847457627118644,0.7153228501142086,1.0858398768964537,1.3987127484300923,45.76271186440678
FFC,0,2022-08-01,2025-06-23,2025-06-24,2025-09-15,5.604451535607526,6.4489264305143905,1.3949511953391485,50.847457627118644,4.272358522576797,5.918208027522052,1.0669719367131498,52.54237288135594
FFL,0,2022-08-01,2025-06-23,2025-06-24,2025-09-15,0.23746277630773122,0.3378633307928189,1.4127728369245713,59.32203389830508,0.18745761806681957,0.2747386443268212,1.1171806702554266,55.932203389830505
FHAM,0,2022-08-01,2025-06-23,2025-06-24,2025-09-15,0.5581745861632909,0.7875463402181648,2.1045005758098894,61.016949152542374,0.5686324491339207,0.7590408326778975,2.164621007018833,40.67796610169492
GADT,0,2022-08-01,2025-06-23,2025-06-24,2025-09-15,17.405484965874887,20.267790250448375,3.9156872205371056,49.152542372881356,13.556610624668957,18.84747595085155,3.0057716382255983,59.32203389830508
GAL,0,2022-08-01,2025-06-23,2025-06-24,2025-09-15,14.326892549244024,18.776087531609225,2.797032189131539,47.45762711864407,9.325932203389836,13.79974496202553,1.854344149476365,49.152542372881356
GATM,0,2022-08-01,2025-06-23,2025-06-24,2025-09-15,0.7644294770563992,1.0594057432910724,2.31386533889666,45.76271186440678,0.6688137701002224,0.9498279555004822,2.0033493646677827,59.32203389830508
GHGL,0,2022-08-01,2025-06-23,2025-06-24,2025-09-15,0.894188093844917,1.1391382541878932,2.2562379233797882,45.76271186440678,0.8391046039128709,1.1595723957517607,2.1151914812101253,57.6271186440678
GHNI,0,2022-08-01,2025-06-23,2025-06-24,2025-09-15,16.16420109766366,21.72559910518447,2.068159945042815,57.6271186440678,11.94450042207362,16.595094238039945,1.5416661962054408,37.28813559322034
GLAXO,0,2022-08-01,2025-06-23,2025-06-24,2025-09-15,4.266951398258946,5.618285135960172,1.0936823030918137,71.1864406779661,4.224725238347454,5.577895494596324,1.0817819399136626,45.76271186440678
HALEON,0,2022-08-01,2025-06-23,2025-06-24,2025-09-15,9.941948112243228,14.40601128500362,1.2569951622717526,55.932203389830505,8.68672516386388,12.401732476600262,1.0921611581757982,54.23728813559322
HBL,0,2022-08-01,2025-06-23,2025-06-24,2025-09-15,4.076943973899352,6.161736960869933,1.935199381545431,62.71186440677966,4.068187390343619,5.445102870970668,1.945626466932834,50.847457627118644
HCAR,0,2022-08-01,2025-06-23,2025-06-24,2025-09-15,4.300388696258706,5.207219812588219,1.5157683087506417,52.54237288135594,2.4025009931144066,3.449231507418347,0.8453604293664967,61.016949152542374
HGFA,0,2022-08-01,2025-06-23,2025-06-24,2025-09-15,0.32603813827033656,0.44888396726943175,2.5541464436658976,56.14035087719298,0.31653693684360457,0.4665522175375645,2.4784250088535713,50.877192982456144
HINOON,0,2022-08-01,2025-06-23,2025-06-24,2025-09-15,12.817297253614724,15.842857613008373,1.209590708940373,45.76271186440678,10.000677593683788,13.18987045775279,0.9479947842234138,57.6271186440678
HMB,0,2022-08-01,2025-06-23,2025-06-24,2025-09-15,1.549955186227593,1.9649204338876929,1.5559883283884381,52.54237288135594,1.4324056334414703,1.9490889852194897,1.440286182991984,49.152542372881356
HUBC,0,2022-08-01,2025-06-23,2025-06-24,2025-09-15,2.3199248698641792,3.3666647417822353,1.582372071751737,42.3728813559322,1.974093808966167,2.9207359374161723,1.350634770634562,52.54237288135594
HUMNL,0,2022-08-01,2025-06-23,2025-06-24,2025-09-15,0.2880174478349201,0.4242032086182219,2.0626035236352944,49.152542372881356,0.24564384201825662,0.3651159000222392,1.7661151956930778,49.152542372881356
IBFL,0,2022-08-01,2025-06-23,2025-06-24,2025-09-15,5.587310983414235,7.213734148018504,1.742543271287706,27.11864406779661,3.2254235219147267,5.6748966549012705,0.9924288334849788,30.508474576271187
ILP,0,2022-08-01,2025-06-23,2025-06-24,2025-09-15,1.2952831823528206,1.6696853077956597,1.8479244477903438,54.23728813559322,1.1115224805928894,1.6243009163352589,1.5762396734093937,59.32203389830508
INDU,0,2022-08-01,2025-06-23,2025-06-24,2025-09-15,33.21141062544138,41.953357260133046,1.7391459526193698,35.59322033898305,19.434096514168427,28.882460073739445,1.0232265534487324,59.32203389830508
INIL,0,2022-08-01,2025-06-23,2025-06-24,2025-09-15,3.765345841398064,5.480363690597011,1.9522651959929158,57.6271186440678,3.9167896852654867,5.34374472810458,2.023240716468648,44.06779661016949
ISL,0,2022-08-01,2025-06-23,2025-06-24,2025-09-15,1.8852378919016068,2.6022589803295415,1.8669494539460079,54.23728813559322,1.6670312396550582,2.409624706155687,1.6406379559547497,59.32203389830508
JDWS,0,2022-08-01,2025-06-23,2025-06-24,2025-09-15,9.535863986721074,12.827714094692784,1.092252755553528,52.54237288135594,8.752935894465047,11.504168676207726,0.9982557089520503,37.28813559322034
JVDC,0,2022-08-01,2025-06-23,2025-06-24,2025-09-15,1.563924636831289,2.3726382097053675,2.0925874831911417,50.847457627118644,1.5215160563840704,2.3133188172292667,2.046273401997949,55.932203389830505
KAPCO,0,2022-08-01,2025-06-23,2025-06-24,2025-09-15,0.23679546292851583,0.304592983940424,0.7722246237721409,55.932203389830505,0.17092019420559118,0.250989623524827,0.5515117111894295,44.06779661016949
KEL,0,2022-08-01,2025-06-23,2025-06-24,2025-09-15,0.09321320754321555,0.11151920239728207,1.7888326394524499,45.76271186440678,0.07440676931607523,0.09810921083323977,1.4113591583488008,47.45762711864407
KOHC,0,2022-08-01,2025-06-23,2025-06-24,2025-09-15,23.927271577877473,82.53656030385557,16.018162997744298,50.0,22.755000178019205,82.92909895077301,15.641744942921129,48.333333333333336
KTML,0,2022-08-01,2025-06-23,2025-06-24,2025-09-15,14.068248584077537,43.62165868627139,16.406322454186974,60.0,14.097151120503744,43.990298911348155,16.537665958631717,50.0
LCI,0,2022-08-01,2025-06-23,2025-06-24,2025-09-15,783.5985136397466,857.3620837082112,208.1852876536733,35.59322033898305,31.404290150787872,181.00573986721113,8.060838957789521,62.71186440677966
LOTCHEM,0,2022-08-01,2025-06-23,2025-06-24,2025-09-15,0.2764465261851259,0.4259308307095279,1.5749496070528421,57.6271186440678,0.21304811057397863,0.36971274881402844,1.1887810721638918,54.23728813559322
LUCK,0,2022-08-01,2025-06-23,2025-06-24,2025-09-15,5.597030094841662,6.642248467616978,1.4529580938505875,54.23728813559322,4.738612805382683,6.511334932442552,1.1997462522814815,57.6271186440678
MARI,0,2022-08-01,2025-06-23,2025-06-24,2025-09-15,6.57265519572918,9.185212810370318,1.0711317893445713,50.847457627118644,5.921723963850634,8.879507599136232,0.9588162476144104,55.932203389830505
MCB,0,2022-08-01,2025-06-23,2025-06-24,2025-09-15,5.938830960096069,7.788418083548389,1.9407133652328565,44.06779661016949,3.5327440682104077,5.233769838389274,1.1669829223880903,45.76271186440678
MEBL,0,2022-08-01,2025-06-23,2025-06-24,2025-09-15,8.335723678261276,9.654642302101637,2.38349552756448,54.23728813559322,4.372249279992054,5.82593121203586,1.244912027315293,52.54237288135594
MEHT,0,2022-08-01,2025-06-23,2025-06-24,2025-09-15,7.331124942851969,11.614903060573818,2.0271175410924105,44.06779661016949,6.403728937698624,10.155914447791739,1.7589581078617005,52.54237288135594
MLCF,0,2022-08-01,2025-06-23,2025-06-24,2025-09-15,1.7020685059703848,2.143515123062309,1.8927441207301225,50.847457627118644,1.28830525026483,1.7482906197560655,1.4011605075975146,47.45762711864407
MTL,0,2022-08-01,2025-06-23,2025-06-24,2025-09-15,6.331717143044784,8.716498044638433,1.1506483241453491,44.06779661016949,3.861548472259002,6.091946125837433,0.700575643199999,50.847457627118644
MUGHAL,0,2022-08-01,2025-06-23,2025-06-24,2025-09-15,1.699505991638535,2.419937766877222,2.318250992356731,49.152542372881356,1.2223734451552568,1.8386526536052326,1.6531562623141407,54.23728813559322
MUREB,0,2022-08-01,2025-06-23,2025-06-24,2025-09-15,10.215639262283698,15.608296802884443,1.1210807582583062,59.32203389830508,10.094971737619176,16.64593315984562,1.109668737834097,50.847457627118644
NATF,0,2022-08-01,2025-06-23,2025-06-24,2025-09-15,7.3454686642794496,9.873579554992402,2.2445310183677702,61.016949152542374,6.7154442738678535,9.26874264327315,2.039154112848367,47.45762711864407
NBP,0,2022-08-01,2025-06-23,2025-06-24,2025-09-15,2.290123425904675,3.078980437397876,1.9448233916849398,52.54237288135594,1.9744188987602627,3.0056872480010215,1.6659472772258508,35.59322033898305
NESTLE,0,2022-08-01,2025-06-23,2025-06-24,2025-09-15,111.09452895840263,193.42131247795948,1.4489774446917152,54.23728813559322,100.50988976430082,183.0060636736016,1.3082383455254698,55.932203389830505
NML,0,2022-08-01,2025-06-23,2025-06-24,2025-09-15,3.023732886345781,4.047946048015958,2.160230066610525,49.152542372881356,2.365866321628376,3.231865734086269,1.6782144585703744,45.76271186440678
NRL,0,2022-08-01,2025-06-23,2025-06-24,2025-09-15,7.4848086272313665,10.354351202171875,2.6773381072523414,44.06779661016949,6.025590540999077,8.993476259439129,2.1808059915476883,45.76271186440678
OGDC,0,2022-08-01,2025-06-23,2025-06-24,2025-09-15,3.232038567752885,4.813031677465165,1.3641811224871685,50.847457627118644,2.5466029280323084,3.978635046421887,1.0733656786442376,49.152542372881356
PABC,0,2022-08-01,2025-06-23,2025-06-24,2025-09-15,2.9871262845369935,4.313742537849286,1.9707741712897717,50.847457627118644,2.880508293539791,4.227053009628367,1.901048060753064,55.932203389830505
PAEL,0,2022-08-01,2025-06-23,2025-06-24,2025-09-15,1.0654623674111394,1.5707224985911727,2.2970954001671,45.76271186440678,0.8098303584729215,1.2093534576734002,1.7472962786851114,50.847457627118644
PAKT,0,2022-08-01,2025-06-23,2025-06-24,2025-09-15,15.757102627689589,21.855059371875328,1.3298163388196231,54.23728813559322,14.122194451800839,19.701717505666473,1.2012468872375384,42.3728813559322
PGLC,0,2022-08-01,2025-06-23,2025-06-24,2025-09-15,0.5307668105743217,0.7799741192806137,2.597643810007565,54.23728813559322,0.4428813740358514,0.675125828569023,2.155373333193044,42.3728813559322
PIBTL,0,2022-08-01,2025-06-23,2025-06-24,2025-09-15,0.3085411879650431,0.3773045880439818,2.953751581296524,50.847457627118644,0.23372873209290584,0.33307751960300164,2.1594579268061196,44.06779661016949
PIOC,0,2022-08-01,2025-06-23,2025-06-24,2025-09-15,3.426692640058265,4.57390456266153,1.4862134814593577,47.45762711864407,3.1534576416015576,4.143914927420615,1.3676655548894527,59.32203389830508
PKGS,0,2022-08-01,2025-06-23,2025-06-24,2025-09-15,10.160823350775011,13.16082610426897,1.6474152662262647,38.983050847457626,9.022231797040526,11.208869077109084,1.4688249544480378,55.932203389830505
POL,0,2022-08-01,2025-06-23,2025-06-24,2025-09-15,10.714646481578052,14.012580970702967,1.8574244677160536,50.847457627118644,3.8589725817664235,6.771388698026307,0.6917507981929635,52.54237288135594
POWER,0,2022-08-01,2025-06-23,2025-06-24,2025-09-15,0.2895027086547415,0.4096651539954378,1.8107051450520277,61.016949152542374,0.2388136265641553,0.3737737899969337,1.4592533460234067,44.06779661016949
PPL,0,2022-08-01,2025-06-23,2025-06-24,2025-09-15,2.853671568044066,3.6899273753658823,1.6596339204940511,50.847457627118644,2.056529934123412,2.8938712157296016,1.1969328793199512,45.76271186440678
PRL,0,2022-08-01,2025-06-23,2025-06-24,2025-09-15,0.8478757985618759,0.950040147156287,2.641886335250473,45.76271186440678,0.3723730313575876,0.5455350154060434,1.144651227896571,45.76271186440678
PSEL,0,2022-08-01,2025-06-23,2025-06-24,2025-09-15,25.82163771786786,39.199748955278196,2.7275863170582895,57.6271186440678,24.41474630064883,38.54272938832401,2.5627590945116867,55.932203389830505
PSO,0,2022-08-01,2025-06-23,2025-06-24,2025-09-15,5.00828451365921,6.82001099976714,1.2783291319310668,55.932203389830505,4.371494616492313,5.759333916699396,1.1120367039892105,54.23728813559322
PSX,0,2022-08-01,2025-06-23,2025-06-24,2025-09-15,0.7652483321903428,1.0247281474488943,2.4610759609568964,49.152542372881356,0.56420180757167,0.7558741457539133,1.8241284061156073,49.152542372881356
PTC,0,2022-08-01,2025-06-23,2025-06-24,2025-09-15,0.46438856351345253,0.6251012743034113,1.9643481961361446,52.54237288135594,0.42305096125198627,0.568766260493133,1.7806528201599146,49.152542372881356
RMPL,0,2022-08-01,2025-06-23,2025-06-24,2025-09-15,76.38090521271211,89.6401439280443,0.835392444886913,50.847457627118644,33.23637778072031,43.45247383720863,0.3640417769856482,40.67796610169492
SAZEW,0,2022-08-01,2025-06-23,2025-06-24,2025-09-15,26.483937427072277,37.22257288182666,1.913519354660851,57.6271186440678,19.224087989936443,30.632011361230948,1.4207974239807337,55.932203389830505
SCBPL,0,2022-08-01,2025-06-23,2025-06-24,2025-09-15,1.128475815780217,1.7753034295169066,1.7037082554251717,49.152542372881356,0.9600733094296211,1.692837265882219,1.4391347129297902,50.847457627118644
SEARL,0,2022-08-01,2025-06-23,2025-06-24,2025-09-15,2.110913791334404,3.2291803575373295,2.009888199668186,64.40677966101694,2.0994919599112825,3.3626073369421894,1.9970613566502051,50.847457627118644
SHFA,0,2022-08-01,2025-06-23,2025-06-24,2025-09-15,7.366226071613955,9.728720613778023,1.356842348047889,52.54237288135594,6.7890987072960804,9.315222472397588,1.2493281911312868,55.932203389830505
SNGP,0,2022-08-01,2025-06-23,2025-06-24,2025-09-15,1.4693230051395578,2.243542649931728,1.241710637489095,47.45762711864407,1.3667270207809206,2.14550903808501,1.1497764387409062,52.54237288135594
SRVI,0,2022-08-01,2025-06-23,2025-06-24,2025-09-15,28.737794319243946,38.725647743833925,2.2889999940673293,49.152542372881356,23.658989340572035,34.28097478136271,1.8842166905326776,49.152542372881356
SSGC,0,2022-08-01,2025-06-23,2025-06-24,2025-09-15,0.871662842033375,1.0994828602240931,2.057985437668761,47.45762711864407,0.6816670046014305,0.8820624044903239,1.5916816948813375,45.76271186440678
SYS,0,2022-08-01,2025-06-23,2025-06-24,2025-09-15,5.680683265714705,7.329121290836311,4.443032068062925,52.54237288135594,1.8825140484308795,2.6099721837787326,1.4899321599474367,52.54237288135594
TGL,0,2022-08-01,2025-06-23,2025-06-24,2025-09-15,4.270120739103963,5.696504342792045,1.7705022676828532,45.76271186440678,3.4861863992982025,5.043431945298566,1.4345198437408007,47.45762711864407
THALL,0,2022-08-01,2025-06-23,2025-06-24,2025-09-15,10.503901859886467,16.197550579429617,2.1250699870804723,54.23728813559322,10.146505582130562,15.016102335290782,2.0652653383259176,52.54237288135594
TRG,0,2022-08-01,2025-06-23,2025-06-24,2025-09-15,1.4049638332482866,2.0471145950121734,2.3537373914235884,55.932203389830505,1.0742373708951265,1.7535416015604322,1.7913834497088201,42.3728813559322
UBL,0,2022-08-01,2025-06-23,2025-06-24,2025-09-15,51.07964639059885,54.86004589720519,15.33186206470574,37.28813559322034,3.664221036232124,5.41324210125203,1.1464070104762163,62.71186440677966
UPFL,0,2022-08-01,2025-06-23,2025-06-24,2025-09-15,580.7737093119925,863.721007947783,1.982374518218763,35.59322033898305,427.0913996292373,741.2289234236692,1.4772847968733152,55.932203389830505
WAFI,0,2022-08-01,2025-06-23,2025-06-24,2025-09-15,2.6629952458910995,3.329137472654671,1.4858508675187294,45.76271186440678,2.328474576271184,3.213874054887336,1.2907140834075368,69.49152542372882
YOUW,0,2022-08-01,2025-06-23,2025-06-24,2025-09-15,0.1432802357198356,0.23224264750777354,2.6219146790842154,59.32203389830508,0.14152538170248774,0.23010313007377955,2.595366925239649,59.32203389830508
ABL,1,2022-10-24,2025-09-15,2025-09-16,2025-12-08,2.49139256819688,4.058125711373352,1.4463597378254898,56.666666666666664,2.3894243876139316,3.8230446592734766,1.3865680329828511,46.666666666666664
ABOT,1,2022-10-24,2025-09-15,2025-09-16,2025-12-08,12.376550261532067,16.48822792758178,1.1060572002867084,51.66666666666667,11.129288736979165,15.954500063012409,0.9914825907743912,50.0
AGP,1,2022-10-24,2025-09-15,2025-09-16,2025-12-08,2.7691647407797197,3.836841348501498,1.481762544158195,46.666666666666664,1.9299273173014313,2.799337501572957,1.0310646250466615,43.333333333333336
AHCL,1,2022-10-24,2025-09-15,2025-09-16,2025-12-08,0.25913708413305464,0.34691898192220133,1.6896326981839964,50.0,0.20867067972818987,0.29130892441021533,1.3625105818860843,48.333333333333336
AICL,1,2022-10-24,2025-09-15,2025-09-16,2025-12-08,1.514145290312846,2.1516813827216232,1.9328194281864788,53.333333333333336,1.1555562337239575,1.862425870423868,1.4676318626943328,51.66666666666667
AIRLINK,1,2022-10-24,2025-09-15,2025-09-16,2025-12-08,3.8195741682960818,5.437493918531581,2.24312650908534,51.66666666666667,3.29567845662435,4.839660073406271,1.9462884746662592,46.666666666666664
AKBL,1,2022-10-24,2025-09-15,2025-09-16,2025-12-08,1.8274949065001087,2.4089242101236437,2.097661564731043,55.00000000000001,1.5639111836751307,2.265617634368457,1.7858286814270323,40.0
APL,1,2022-10-24,2025-09-15,2025-09-16,2025-12-08,5.86196520703552,8.078591963049789,1.1329023034360406,55.00000000000001,5.336881510416668,8.284413356750216,1.0292831481455185,45.0
ASTL,1,2022-10-24,2025-09-15,2025-09-16,2025-12-08,0.6782068337787164,0.8499358499166721,2.907350461672414,41.66666666666667,0.489166609446208,0.6852309848768116,2.0699609393164797,48.333333333333336
ATLH,1,2022-10-24,2025-09-15,2025-09-16,2025-12-08,15.34437444014147,20.03555586457361,1.1319823689718294,46.666666666666664,10.881266276041686,16.204642540963107,0.8045976693566055,43.333333333333336
ATRL,1,2022-10-24,2025-09-15,2025-09-16,2025-12-08,10.5813569450868,14.806351685690842,1.5812656044093103,55.00000000000001,9.814885457356773,13.482882174638974,1.468217067548586,56.666666666666664
AVN,1,2022-10-24,2025-09-15,2025-09-16,2025-12-08,0.8177755491548209,0.9582660155654631,1.8479877959725814,33.33333333333333,0.3796159108479806,0.510296083809728,0.8373925713403727,46.666666666666664
BAFL,1,2022-10-24,2025-09-15,2025-09-16,2025-12-08,1.6457379720473522,2.2363195606289508,1.6370493577459213,55.00000000000001,1.6066795349121084,2.337516406141151,1.5926123192246493,41.66666666666667
BAHL,1,2022-10-24,2025-09-15,2025-09-16,2025-12-08,2.9979324131824345,4.5862025330278895,1.6005584597514813,63.33333333333333,2.5309405008951855,4.534308743742569,1.3383661577412376,48.333333333333336
BNWM,1,2022-10-24,2025-09-15,2025-09-16,2025-12-08,1.7039383070265104,2.1076356956534705,2.5273866327757815,38.333333333333336,1.3228336334228514,2.00936989584903,1.9262304817101437,48.333333333333336
BOP,1,2022-10-24,2025-09-15,2025-09-16,2025-12-08,0.8078504430532368,1.1167196185729578,2.6631378148109293,56.666666666666664,0.8125454584757488,1.160164822729127,2.683364342357279,53.333333333333336
BWCL,1,2022-10-24,2025-09-15,2025-09-16,2025-12-08,10.342219901103332,14.388713786012316,1.910460171266445,36.666666666666664,6.834599812825517,12.273664562285873,1.231412488049006,51.66666666666667
CHCC,1,2022-10-24,2025-09-15,2025-09-16,2025-12-08,6.083952844892371,7.216503839950963,1.8276481542866523,36.666666666666664,4.767885335286459,6.710039024993298,1.429669592585408,55.00000000000001
CNERGY,1,2022-10-24,2025-09-15,2025-09-16,2025-12-08,0.19257932632339994,0.2538703643521284,2.38071064636305,46.666666666666664,0.15366665522257486,0.22464786531920294,1.8921810876275098,50.0
COLG,1,2022-10-24,2025-09-15,2025-09-16,2025-12-08,9.361038811261702,11.614513581621045,0.747463410879388,45.0,5.326157633463541,8.343022647255152,0.42625094269196623,35.0
CPHL,1,2022-10-24,2025-09-15,2025-09-16,2025-12-08,1.3814942569952628,1.7310990236332806,1.5609527218226402,40.0,1.2867585500081364,1.6952919919465703,1.4575293767137554,43.333333333333336
DCR,1,2022-10-24,2025-09-15,2025-09-16,2025-12-08,0.6358947211246156,0.6974265808489378,2.063193220068574,50.0,0.16526101430257198,0.2592486989388395,0.5299871940328448,51.66666666666667
DGKC,1,2022-10-24,2025-09-15,2025-09-16,2025-12-08,7.409915879763322,8.56084662946599,3.194731867327057,38.333333333333336,3.6079790751139376,5.152134527600251,1.5260609089175405,43.333333333333336
DHPL,1,2022-10-24,2025-09-15,2025-09-16,2025-12-08,0.9766328920821344,1.5572078523129798,1.9284860765974212,45.0,0.8106666666666663,1.3160281152011915,1.6124060254503743,50.0
EFERT,1,2022-10-24,2025-09-15,2025-09-16,2025-12-08,2.457891839230123,3.3736684061197426,1.1698242071193388,46.666666666666664,2.1963663736979155,3.2518372428342293,1.0459705338308822,48.333333333333336
ENGROH,1,2022-10-24,2025-09-15,2025-09-16,2025-12-08,3.9983295317391527,5.60230339294829,1.717308420360874,56.666666666666664,3.810000000000001,5.351795648814204,1.6433223153621046,50.0
EPCL,1,2022-10-24,2025-09-15,2025-09-16,2025-12-08,0.6859448940666766,0.840444734409662,2.311962053521164,55.00000000000001,0.43433351516723673,0.6361658551752615,1.4248360359054608,43.333333333333336
FABL,1,2022-10-24,2025-09-15,2025-09-16,2025-12-08,1.672886701687116,2.3666622722663018,2.0178348551490384,51.66666666666667,1.6328697204589842,2.3469645148432434,1.971800901059215,61.66666666666667
FATIMA,1,2022-10-24,2025-09-15,2025-09-16,2025-12-08,2.313893582877577,3.2473063429554654,1.7035661536970577,56.666666666666664,2.242702611287433,3.2694196979528174,1.65290703631946,56.666666666666664
FCCL,1,2022-10-24,2025-09-15,2025-09-16,2025-12-08,1.395131321848475,1.6972388071377487,2.564940275054316,40.0,0.8725709279378251,1.237292081632642,1.5892382294487626,55.00000000000001
FFC,1,2022-10-24,2025-09-15,2025-09-16,2025-12-08,6.222785260968395,8.242133229557922,1.3118979759311358,48.333333333333336,5.89411926269531,8.237446835666399,1.2230789906812405,45.0
FFL,1,2022-10-24,2025-09-15,2025-09-16,2025-12-08,0.336033230478993,0.48549517647715973,1.6759410724558093,50.0,0.3061666806538898,0.4555125788813376,1.5236852173315831,48.333333333333336
FHAM,1,2022-10-24,2025-09-15,2025-09-16,2025-12-08,0.8235816277790452,1.0690748433429422,2.3837735041941746,41.66666666666667,0.5929313659667967,0.8632579426841867,1.708016756827541,28.333333333333332
GADT,1,2022-10-24,2025-09-15,2025-09-16,2025-12-08,8.42287003986276,11.162145850058518,2.343728142445357,35.0,5.6390009562174495,8.730097849909829,1.572089422265739,50.0
GAL,1,2022-10-24,2025-09-15,2025-09-16,2025-12-08,8.328355863153922,11.065331574090886,1.4647348270600624,58.333333333333336,6.358999999999982,9.882353127334255,1.1126890954665145,60.0
GATM,1,2022-10-24,2025-09-15,2025-09-16,2025-12-08,0.7347356687046857,0.9885979409336519,2.307005733672356,51.66666666666667,0.6846666971842448,0.9693055434659436,2.135487993360151,51.66666666666667
GHGL,1,2022-10-24,2025-09-15,2025-09-16,2025-12-08,0.8177277438160061,1.0902249813371079,2.3345794953869836,40.0,0.5764771779378257,0.8518661697586934,1.6559475077428962,50.0
GHNI,1,2022-10-24,2025-09-15,2025-09-16,2025-12-08,11.70851307381072,15.10888330635175,1.4099363042386697,40.0,10.374954223632818,14.253581405283654,1.2398011279788013,51.66666666666667
GLAXO,1,2022-10-24,2025-09-15,2025-09-16,2025-12-08,4.767062146138081,7.012006848467058,1.1849142033658595,46.666666666666664,3.806807454427083,6.499457717441715,0.9463221752810594,51.66666666666667
HALEON,1,2022-10-24,2025-09-15,2025-09-16,2025-12-08,8.16057146130983,10.639112785641567,0.9603207959386635,50.0,6.4597117106119715,9.836931798853874,0.754076874051582,38.333333333333336
HBL,1,2022-10-24,2025-09-15,2025-09-16,2025-12-08,4.310045196640738,6.01656157638467,1.5650970041582013,48.333333333333336,4.085906982421877,5.6500964192343455,1.488612010779301,46.666666666666664
HCAR,1,2022-10-24,2025-09-15,2025-09-16,2025-12-08,2.4507569677717567,3.1602290487399722,0.8693478194166774,51.66666666666667,2.386300659179686,3.049682597912713,0.8482765869386445,51.66666666666667
HGFA,1,2022-10-24,2025-09-15,2025-09-16,2025-12-08,0.37566583550616245,0.530276989310145,2.1163495321371526,47.45762711864407,0.3077622753078658,0.4665255133292433,1.741055134822322,44.06779661016949
HINOON,1,2022-10-24,2025-09-15,2025-09-16,2025-12-08,8.836293698280864,11.568573455882047,0.822091775269537,55.00000000000001,7.989104207356783,10.811508254306819,0.7433599747680276,43.333333333333336
HMB,1,2022-10-24,2025-09-15,2025-09-16,2025-12-08,1.4126159650736552,2.023098879855492,1.3398864740595733,55.00000000000001,1.319374974568686,2.025779027208379,1.2478214987246998,45.0
HUBC,1,2022-10-24,2025-09-15,2025-09-16,2025-12-08,2.9764458541472325,3.8775170633626797,1.4741406555302041,51.66666666666667,2.7772064208984406,3.795621583844295,1.373948167163314,60.0
HUMNL,1,2022-10-24,2025-09-15,2025-09-16,2025-12-08,0.31248693882619694,0.4246606368209752,2.1018164584193757,53.333333333333336,0.25096286137898766,0.3549739922729672,1.6775162754543698,46.666666666666664
IBFL,1,2022-10-24,2025-09-15,2025-09-16,2025-12-08,3.5449203005908485,5.432769271547828,1.234765104765807,23.333333333333332,2.180332946777342,4.812744836469038,0.7571157228569602,43.333333333333336
ILP,1,2022-10-24,2025-09-15,2025-09-16,2025-12-08,1.2213321051557386,1.5572790329936117,1.6321555734018647,53.333333333333336,1.0379922231038412,1.3673434199965302,1.3981880489610266,41.66666666666667
INDU,1,2022-10-24,2025-09-15,2025-09-16,2025-12-08,12.323230842286925,18.565720273363258,0.6340851853620784,50.0,10.738144938151022,18.782783695370796,0.5526097246329744,40.0
INIL,1,2022-10-24,2025-09-15,2025-09-16,2025-12-08,5.188234880438238,6.271722262202556,2.522546775227525,36.666666666666664,3.6151662190755265,4.920327471271201,1.7609566437444324,45.0
ISL,1,2022-10-24,2025-09-15,2025-09-16,2025-12-08,3.0330227916713737,3.9235154377256753,2.976683964953929,41.66666666666667,2.06133321126302,2.8353621672000346,2.014496388519036,48.333333333333336
JDWS,1,2022-10-24,2025-09-15,2025-09-16,2025-12-08,8.292604234733643,9.756453491961539,1.064215332057168,50.0,5.5620707194010395,7.251891602959744,0.7099106663961708,36.666666666666664
JVDC,1,2022-10-24,2025-09-15,2025-09-16,2025-12-08,1.4334698905936578,1.7179329235509284,1.9116762344500944,53.333333333333336,0.8576866149902337,1.221283517626878,1.133286007300273,46.666666666666664
KAPCO,1,2022-10-24,2025-09-15,2025-09-16,2025-12-08,0.30190995636962925,0.4149423749624929,1.0359661182242348,45.0,0.21620756785074893,0.3766580652105483,0.7379438326772985,50.0
KEL,1,2022-10-24,2025-09-15,2025-09-16,2025-12-08,0.22668594608479734,0.3124294956542719,3.660656807607823,38.333333333333336,0.1811666965484619,0.263884457019908,2.885398050138727,46.666666666666664
KOHC,1,2022-10-24,2025-09-15,2025-09-16,2025-12-08,2.7026381900096927,7.878642990194522,2.7642216911976507,53.333333333333336,1.2815010070800765,1.8007847915521562,1.2654326181152173,41.66666666666667
KTML,1,2022-10-24,2025-09-15,2025-09-16,2025-12-08,8.84090092753665,11.653770204017928,14.9054156303431,46.666666666666664,1.919004885355632,2.520332179457154,3.1057255415989937,58.333333333333336
LCI,1,2022-10-24,2025-09-15,2025-09-16,2025-12-08,48.91178235764758,68.9371898839519,16.35724770903937,50.0,2.4339294433593808,3.480838110347825,0.7852307779032601,40.0
LOTCHEM,1,2022-10-24,2025-09-15,2025-09-16,2025-12-08,0.422640161232052,0.5406659056118372,1.9860316409780425,48.333333333333336,0.386083157857259,0.5696975644378776,1.8146071269541486,50.0
LUCK,1,2022-10-24,2025-09-15,2025-09-16,2025-12-08,7.070858567470046,10.237275244717962,1.5496835094623322,58.333333333333336,6.463000488281252,9.134446668232245,1.4207252537182138,45.0
MARI,1,2022-10-24,2025-09-15,2025-09-16,2025-12-08,9.356471378121325,12.763146371886078,1.316332154298073,55.00000000000001,9.524209594726562,12.846005151533664,1.3378442429220578,53.333333333333336
MCB,1,2022-10-24,2025-09-15,2025-09-16,2025-12-08,4.419362277225659,5.3369475891795,1.340150769363366,61.66666666666667,3.397858683268228,4.519179650913154,1.021406256321916,50.0
MEBL,1,2022-10-24,2025-09-15,2025-09-16,2025-12-08,6.338547313608278,8.679274143593828,1.5318272364339258,45.0,6.104165649414058,9.096727009365374,1.4629912435796506,51.66666666666667
MEHT,1,2022-10-24,2025-09-15,2025-09-16,2025-12-08,5.044247263694556,6.536527104249306,1.6854689787935802,33.33333333333333,3.444999694824217,5.281009128438691,1.1478623040230524,25.0
MLCF,1,2022-10-24,2025-09-15,2025-09-16,2025-12-08,2.450363488929013,2.99971418074198,2.4270024541725834,43.333333333333336,1.8333330790201852,2.5287504360271655,1.8030738156158725,36.666666666666664
MTL,1,2022-10-24,2025-09-15,2025-09-16,2025-12-08,7.438017676400585,10.201638132821751,1.4572310572966092,40.0,4.385514322916671,5.922416373117712,0.8646315179648235,50.0
MUGHAL,1,2022-10-24,2025-09-15,2025-09-16,2025-12-08,1.697220452006012,2.2149890470196385,2.002628010846943,48.333333333333336,1.3716670989990236,2.032582954846477,1.6119347311025107,36.666666666666664
MUREB,1,2022-10-24,2025-09-15,2025-09-16,2025-12-08,10.786709345598263,14.516373712504908,1.0508912371107053,46.666666666666664,9.581706746419263,14.119957424184447,0.9312316313346414,36.666666666666664
NATF,1,2022-10-24,2025-09-15,2025-09-16,2025-12-08,5.280264701314865,7.396399113913381,1.4597591839913489,55.00000000000001,3.994615173339837,6.26558109415936,1.1115519597612096,51.66666666666667
NBP,1,2022-10-24,2025-09-15,2025-09-16,2025-12-08,4.31999575714373,5.191696320718755,2.4283198575073666,46.666666666666664,2.8580004374186228,3.8192163782968778,1.6040516039900574,51.66666666666667
NESTLE,1,2022-10-24,2025-09-15,2025-09-16,2025-12-08,137.21709735821392,185.81136093822948,1.8152547214359462,51.66666666666667,38.649707031250074,61.32571612956098,0.5040734694152044,40.0
NML,1,2022-10-24,2025-09-15,2025-09-16,2025-12-08,2.5954067513764736,3.3292959138402813,1.7304824404728345,58.333333333333336,2.2951443990071607,3.199480169028988,1.5237803494435127,55.00000000000001
NRL,1,2022-10-24,2025-09-15,2025-09-16,2025-12-08,11.566473313440062,15.697798613514848,2.9389988588104288,45.0,10.694002278645842,14.969111763544705,2.720692247401161,53.333333333333336
OGDC,1,2022-10-24,2025-09-15,2025-09-16,2025-12-08,5.032300499189282,6.213629719415234,1.9924632095534283,51.66666666666667,3.094879150390642,3.8738061369560457,1.2359833777895903,51.66666666666667
PABC,1,2022-10-24,2025-09-15,2025-09-16,2025-12-08,3.4414386307356986,4.466386751235303,2.4703422044438894,40.0,2.5495005289713535,3.52400217140362,1.804963717505092,38.333333333333336
PAEL,1,2022-10-24,2025-09-15,2025-09-16,2025-12-08,1.132371604398626,1.4871216460167858,2.100803278241266,48.333333333333336,0.9189997990926103,1.4011720467909325,1.6969361535895324,45.0
PAKT,1,2022-10-24,2025-09-15,2025-09-16,2025-12-08,17.611822236375527,22.873749441668906,1.2225694948986228,53.333333333333336,16.12426757812498,22.741844883243232,1.1166701506707504,40.0
PGLC,1,2022-10-24,2025-09-15,2025-09-16,2025-12-08,0.2421348641453192,0.3218773819171436,1.4675103782853887,53.333333333333336,0.2303335507710775,0.3131455933690755,1.4030564788345725,28.333333333333332
PIBTL,1,2022-10-24,2025-09-15,2025-09-16,2025-12-08,0.38430669614754626,0.46194551972135334,2.5763139039029683,41.66666666666667,0.28016668955485,0.3983738526097659,1.8669851362584133,55.00000000000001
PIOC,1,2022-10-24,2025-09-15,2025-09-16,2025-12-08,7.946024304764744,11.359409675967203,2.886819503622836,46.666666666666664,6.554574584960935,9.5712558763484,2.3631811196757067,48.333333333333336
PKGS,1,2022-10-24,2025-09-15,2025-09-16,2025-12-08,7.434568612856125,10.470956834427211,1.058628848030187,48.333333333333336,6.533566284179687,9.621389451018185,0.9314910182390128,33.33333333333333
POL,1,2022-10-24,2025-09-15,2025-09-16,2025-12-08,8.863468179802899,13.362935866540452,1.432218491155119,60.0,5.754730224609373,7.835388461007547,0.9459328279803881,56.666666666666664
POWER,1,2022-10-24,2025-09-15,2025-09-16,2025-12-08,0.3971169378829418,0.4987837986631676,2.175950577894812,38.333333333333336,0.30166660944620766,0.442447664259261,1.6461611964788063,38.333333333333336
PPL,1,2022-10-24,2025-09-15,2025-09-16,2025-12-08,3.292278192160528,4.13371974741025,1.7330862016279536,41.66666666666667,2.9114501953124927,3.6780932486136404,1.5359794014210597,50.0
PRL,1,2022-10-24,2025-09-15,2025-09-16,2025-12-08,0.9411923588440766,1.1871832051382774,2.5733424594895005,45.0,0.843166478474935,1.0760580947172669,2.3071571266619473,46.666666666666664
PSEL,1,2022-10-24,2025-09-15,2025-09-16,2025-12-08,37.04715408590854,51.69132813161621,3.0693008647823703,48.333333333333336,34.95367024739582,50.27065252065417,2.9037666999251517,40.0
PSO,1,2022-10-24,2025-09-15,2025-09-16,2025-12-08,5.83288041328361,8.18066930526582,1.2804474915125543,55.00000000000001,5.691627502441408,8.053436897636445,1.251684812170838,58.333333333333336
PSX,1,2022-10-24,2025-09-15,2025-09-16,2025-12-08,0.8680015180440558,1.1582032081171083,2.093498542270221,45.0,0.6869190216064454,1.0880918504111843,1.6452165806595513,53.333333333333336
PTC,1,2022-10-24,2025-09-15,2025-09-16,2025-12-08,1.1420038346432426,1.4835815635502874,3.1731182069402024,41.66666666666667,1.060666497548421,1.387755805872918,2.94042145855126,43.333333333333336
RMPL,1,2022-10-24,2025-09-15,2025-09-16,2025-12-08,80.80115771644147,153.62499205933804,0.8491469840774913,58.333333333333336,86.610107421875,159.86102526518889,0.91106092839628,41.66666666666667
SAZEW,1,2022-10-24,2025-09-15,2025-09-16,2025-12-08,23.57087083661973,33.17899350321673,1.3285610856988046,45.0,20.0906209309896,30.17733950340231,1.126658572281782,51.66666666666667
SCBPL,1,2022-10-24,2025-09-15,2025-09-16,2025-12-08,1.0338571751322962,1.3052470260577387,1.6077333033408283,41.66666666666667,0.7036561965942385,1.0732671658505917,1.0868751902079798,45.0
SEARL,1,2022-10-24,2025-09-15,2025-09-16,2025-12-08,2.3464818823644835,3.1808198366850693,2.1932759182905475,41.66666666666667,1.9038258870442697,2.854896149141595,1.7764740668628103,43.333333333333336
SHFA,1,2022-10-24,2025-09-15,2025-09-16,2025-12-08,8.035976776399238,10.384235492983082,1.5474827749032722,45.0,6.3084187825520734,8.741939710384989,1.2111663903425638,38.333333333333336
SNGP,1,2022-10-24,2025-09-15,2025-09-16,2025-12-08,3.0199974877327502,3.649751724997513,2.494727985204663,48.333333333333336,1.8619712829589836,2.6143061539485752,1.5069941598515797,40.0
SRVI,1,2022-10-24,2025-09-15,2025-09-16,2025-12-08,28.651476228090658,41.27852979907175,1.9779736628392466,41.66666666666667,22.725079345703122,35.69170021884696,1.5748573612035008,43.333333333333336
SSGC,1,2022-10-24,2025-09-15,2025-09-16,2025-12-08,0.7449846568141533,1.0448404114463554,2.0063583821514497,50.0,0.6522178014119465,0.9902051370964174,1.7492004194999973,41.66666666666667
SYS,1,2022-10-24,2025-09-15,2025-09-16,2025-12-08,3.1995740904296635,4.168655129982824,2.10527017104877,43.333333333333336,2.5656044006347662,3.632305941038646,1.6849501755018599,56.666666666666664
TGL,1,2022-10-24,2025-09-15,2025-09-16,2025-12-08,5.082777249785615,6.844100775563287,2.4114357785837472,48.333333333333336,3.674015299479165,5.92992327868564,1.728734262002298,50.0
THALL,1,2022-10-24,2025-09-15,2025-09-16,2025-12-08,9.076019118857825,13.332240221654496,1.674108798840521,58.333333333333336,8.450012207031252,12.93949319349599,1.5509724272988281,41.66666666666667
TRG,1,2022-10-24,2025-09-15,2025-09-16,2025-12-08,2.338599613412666,2.9392031576865136,3.1833262475543695,43.333333333333336,1.5641661326090488,2.2425433096639624,2.0996392174131424,41.66666666666667
UBL,1,2022-10-24,2025-09-15,2025-09-16,2025-12-08,23.606103583291958,35.17914603276527,6.639479634370068,40.0,3.8733327229817727,5.8202606442400855,1.0959759797842976,45.0
UPFL,1,2022-10-24,2025-09-15,2025-09-16,2025-12-08,324.3350700415652,508.82966223261013,1.1300963131452588,60.0,329.78489583333317,520.3919537048525,1.146257993282088,45.0
WAFI,1,2022-10-24,2025-09-15,2025-09-16,2025-12-08,3.396125908285378,4.4605075830882805,1.758197468330703,46.666666666666664,2.9964999999999975,4.140662386623666,1.5407569501550027,48.333333333333336
YOUW,1,2022-10-24,2025-09-15,2025-09-16,2025-12-08,0.16507816038854248,0.20736695252163115,2.756470193575742,35.0,0.12966667811075847,0.17862436158929498,2.1513271504278886,45.0
ABL,2,2023-01-16,2025-12-08,2025-12-09,2026-03-04,3.3487857847794182,4.633573713867086,1.9552071437825342,50.0,2.6459302266438813,4.190299182549173,1.5409985356978113,46.666666666666664
ABOT,2,2023-01-16,2025-12-08,2025-12-09,2026-03-04,17.405221589520565,25.057481740570662,1.6463159720544078,55.00000000000001,16.452943929036447,23.849638229671616,1.556190770902301,51.66666666666667
AGP,2,2023-01-16,2025-12-08,2025-12-09,2026-03-04,3.98605690095075,5.843972802343161,1.9070823587006218,60.0,3.997710418701175,6.088147587056204,1.9152052812960858,50.0
AHCL,2,2023-01-16,2025-12-08,2025-12-09,2026-03-04,0.42465699834736303,0.5825815819576288,2.6040836313444036,43.333333333333336,0.28900001843770323,0.4349483586355041,1.7661435707553974,46.666666666666664
AICL,2,2023-01-16,2025-12-08,2025-12-09,2026-03-04,3.4448856384085054,4.2896783102901255,3.870794225680194,53.333333333333336,2.8627881368001296,3.743002771503978,3.1735343104722236,65.0
AIRLINK,2,2023-01-16,2025-12-08,2025-12-09,2026-03-04,4.176699325809987,5.4084257901846575,2.4292270340168605,46.666666666666664,3.0158325195312607,4.453411555706479,1.7586871221208107,31.666666666666664
AKBL,2,2023-01-16,2025-12-08,2025-12-09,2026-03-04,2.7822568561913377,3.878232359440786,2.9339637285642475,55.00000000000001,2.4669330596923817,3.4438436123155833,2.5722414157822984,48.333333333333336
APL,2,2023-01-16,2025-12-08,2025-12-09,2026-03-04,9.12276806623031,13.385015840163602,1.6366979078894401,46.666666666666664,8.0187733968099,12.327605806963852,1.4274190256564587,50.0
ASTL,2,2023-01-16,2025-12-08,2025-12-09,2026-03-04,0.5410538815514125,0.7626245975094655,2.60814091561286,48.333333333333336,0.4723333358764647,0.6745691504716701,2.268657301312858,48.333333333333336
ATLH,2,2023-01-16,2025-12-08,2025-12-09,2026-03-04,25.217413009129938,37.8156001058537,1.5546276323486228,51.66666666666667,20.977797444661476,34.347218752727336,1.2947032805670529,55.00000000000001
ATRL,2,2023-01-16,2025-12-08,2025-12-09,2026-03-04,18.040478821707506,25.549763582040914,2.3578271545450162,53.333333333333336,16.860691324869798,24.666551474123086,2.207404268156409,45.0
AVN,2,2023-01-16,2025-12-08,2025-12-09,2026-03-04,0.7227483143561135,1.1621369066266976,2.048046157811678,41.66666666666667,0.5144745508829759,0.8520082207129839,1.4413173805027972,48.333333333333336
BAFL,2,2023-01-16,2025-12-08,2025-12-09,2026-03-04,2.0533423495259946,2.752028527627066,1.802858673374102,46.666666666666664,1.8992031097412108,2.7625011044569434,1.6719289103855155,53.333333333333336
BAHL,2,2023-01-16,2025-12-08,2025-12-09,2026-03-04,3.2316773969213037,4.31666771604111,1.8462195892259563,36.666666666666664,2.2311108907063804,3.3669886153330935,1.277704661020338,48.333333333333336
BNWM,2,2023-01-16,2025-12-08,2025-12-09,2026-03-04,1.4929645324338707,1.9439110475758166,2.316672293812761,40.0,1.212333869934082,1.6956517304754344,1.8866058314028644,43.333333333333336
BOP,2,2023-01-16,2025-12-08,2025-12-09,2026-03-04,1.0954753307854082,1.5201141518794155,3.2889579597639744,45.0,0.8278326034545896,1.1466057488135384,2.4332154121320735,50.0
BWCL,2,2023-01-16,2025-12-08,2025-12-09,2026-03-04,15.63220178943878,18.3454868474479,3.266403365288712,40.0,4.011598714192714,7.607075939609237,0.8691266164748225,41.66666666666667
CHCC,2,2023-01-16,2025-12-08,2025-12-09,2026-03-04,7.467549342986812,9.564065124171426,2.416388772778839,38.333333333333336,5.858248392740884,7.920096422147414,1.845477533845654,46.666666666666664
CNERGY,2,2023-01-16,2025-12-08,2025-12-09,2026-03-04,0.15726214940971914,0.2244180470447675,2.1694187917325167,41.66666666666667,0.14299999872843425,0.22199100893741106,1.976076836559643,61.66666666666667
COLG,2,2023-01-16,2025-12-08,2025-12-09,2026-03-04,7.600158790581319,13.020317357536644,0.6401119975761613,61.66666666666667,6.888533528645841,11.824269141934282,0.5799943599169191,46.666666666666664
CPHL,2,2023-01-16,2025-12-08,2025-12-09,2026-03-04,1.6171361639672341,2.247430344172471,1.8898946568936714,35.0,1.4461681365966796,2.118856743156312,1.6978881779914332,38.333333333333336
DCR,2,2023-01-16,2025-12-08,2025-12-09,2026-03-04,0.42136673935118907,0.6436869134321505,1.1628059610452197,31.666666666666664,0.3361064275105792,0.5335180415557711,0.9271599590259537,55.00000000000001
DGKC,2,2023-01-16,2025-12-08,2025-12-09,2026-03-04,5.9117817777119575,7.677346929572068,2.705826681133918,43.333333333333336,3.6940002441406246,5.173135775057991,1.709459880291363,35.0
DHPL,2,2023-01-16,2025-12-08,2025-12-09,2026-03-04,2.0010434132814403,2.5032663579969663,5.640592316480518,26.666666666666668,0.9623333333333336,1.7438979327930864,2.48118456048499,61.66666666666667
EFERT,2,2023-01-16,2025-12-08,2025-12-09,2026-03-04,3.9850531216173968,5.482407545147206,1.8140554744500599,48.333333333333336,3.420168050130211,5.132067340682713,1.5477093711340253,50.0
ENGROH,2,2023-01-16,2025-12-08,2025-12-09,2026-03-04,8.943828011631963,11.33010741669776,3.3846843568261287,51.66666666666667,6.2078333333333315,8.122269079512202,2.3946397209587245,46.666666666666664
EPCL,2,2023-01-16,2025-12-08,2025-12-09,2026-03-04,0.8778946927667559,1.2356771570485856,2.615386869014987,46.666666666666664,0.84116694132487,1.2278988058565419,2.4874620076621827,58.333333333333336
FABL,2,2023-01-16,2025-12-08,2025-12-09,2026-03-04,1.9894171626835258,2.630285910775988,2.2498887079197347,43.333333333333336,1.5353894551595044,2.3913179268406366,1.7377168961087857,45.0
FATIMA,2,2023-01-16,2025-12-08,2025-12-09,2026-03-04,3.884627703516478,5.23099980335285,2.453553022181682,46.666666666666664,3.308771769205731,4.814621804995232,2.0660563135873793,46.666666666666664
FCCL,2,2023-01-16,2025-12-08,2025-12-09,2026-03-04,1.1527511720455328,1.5986728454469938,2.1553499082084784,55.00000000000001,0.8756664911905921,1.2618688644462712,1.6154688402956516,46.666666666666664
FFC,2,2023-01-16,2025-12-08,2025-12-09,2026-03-04,12.235480488499347,17.20112278812978,2.2573393658894823,41.66666666666667,8.453295898437503,14.765828912451163,1.5526031927651276,48.333333333333336
FFL,2,2023-01-16,2025-12-08,2025-12-09,2026-03-04,0.4671075321803267,0.6494818105354414,2.456204916923897,51.66666666666667,0.4283333619435623,0.5810394230208631,2.212678136548397,60.0
FHAM,2,2023-01-16,2025-12-08,2025-12-09,2026-03-04,1.254865622691906,1.4532890383048553,3.7893319788989426,40.0,0.34216651916503893,0.5546723936347939,1.0619736564969358,38.333333333333336
GADT,2,2023-01-16,2025-12-08,2025-12-09,2026-03-04,6.994540792579759,9.774325492563184,2.231816603108174,45.0,5.7336664835611995,8.493202717567806,1.8295338501383156,56.666666666666664
GAL,2,2023-01-16,2025-12-08,2025-12-09,2026-03-04,9.011996891766781,11.452663661740441,1.8139119821041136,51.66666666666667,6.822833333333339,10.056285513713968,1.408938897235926,53.333333333333336
GATM,2,2023-01-16,2025-12-08,2025-12-09,2026-03-04,0.7085504937879402,0.9735961317244027,2.7097101127445216,36.666666666666664,0.5844999949137369,0.7619547561907063,2.2013823029362505,46.666666666666664
GHGL,2,2023-01-16,2025-12-08,2025-12-09,2026-03-04,0.613989726745685,0.8433543412946174,1.8477086638855924,50.0,0.4747638066609703,0.7439557910632487,1.4367753193148791,50.0
GHNI,2,2023-01-16,2025-12-08,2025-12-09,2026-03-04,18.054523919019015,23.960921843309773,2.1076863126896197,46.666666666666664,15.361834716796881,21.329278002787078,1.7692070137696532,43.333333333333336
GLAXO,2,2023-01-16,2025-12-08,2025-12-09,2026-03-04,6.778021349990431,9.361087621247183,1.7742006444001837,48.333333333333336,5.5980982462565105,8.664343389409188,1.4474192967432453,50.0
HALEON,2,2023-01-16,2025-12-08,2025-12-09,2026-03-04,12.12501211116596,18.864051637392194,1.3882382488260958,58.333333333333336,11.105118815104165,18.910074930299217,1.2649180039275283,50.0
HBL,2,2023-01-16,2025-12-08,2025-12-09,2026-03-04,6.675373343852701,8.850048613573515,2.2130897444853415,43.333333333333336,4.955746968587239,7.6066480058769566,1.643773684896218,50.0
HCAR,2,2023-01-16,2025-12-08,2025-12-09,2026-03-04,5.469984135167607,7.680723150182651,2.5470497556070004,38.333333333333336,3.379101308186853,5.023548972701985,1.5862426202379896,51.66666666666667
HGFA,2,2023-01-16,2025-12-08,2025-12-09,2026-03-04,0.4470711632615338,0.5745546916427619,2.759900255349913,45.614035087719294,0.33075446413274384,0.4584787370506467,2.079122135590067,35.08771929824561
HINOON,2,2023-01-16,2025-12-08,2025-12-09,2026-03-04,13.324084491804095,20.428545035065415,1.4314534148797702,41.66666666666667,11.369767252604163,17.938037558901705,1.2143853182644782,36.666666666666664
HMB,2,2023-01-16,2025-12-08,2025-12-09,2026-03-04,1.6013931118961189,2.493875486847122,1.4530239584725606,55.00000000000001,1.504232152303061,2.464651301722455,1.370778271098131,43.333333333333336
HUBC,2,2023-01-16,2025-12-08,2025-12-09,2026-03-04,3.9674886533147538,5.351313178853184,1.8794941540285641,48.333333333333336,3.2275558471679644,4.879424872088196,1.5216085201351695,51.66666666666667
HUMNL,2,2023-01-16,2025-12-08,2025-12-09,2026-03-04,0.2844841313945949,0.365582393701863,2.351263891405788,48.333333333333336,0.24904836018880216,0.3586465318174951,2.060381305694048,45.0
IBFL,2,2023-01-16,2025-12-08,2025-12-09,2026-03-04,4.872719391575236,7.613298666385313,1.969051515565473,25.0,3.7858337402343767,6.883193355447666,1.5202257619315949,40.0
ILP,2,2023-01-16,2025-12-08,2025-12-09,2026-03-04,1.5513276618311622,2.2773296980661715,1.882777522625281,50.0,1.4643021901448567,2.3048037768530754,1.7756491999303958,51.66666666666667
INDU,2,2023-01-16,2025-12-08,2025-12-09,2026-03-04,26.87908688963688,39.599631058055316,1.3618834096661214,48.333333333333336,24.382853190104164,39.49142608805335,1.235722370888139,46.666666666666664
INIL,2,2023-01-16,2025-12-08,2025-12-09,2026-03-04,6.084776155195298,7.2864081312362385,3.4424000707762294,38.333333333333336,3.0561668395996144,4.404262048786007,1.7265694237791074,50.0
ISL,2,2023-01-16,2025-12-08,2025-12-09,2026-03-04,2.6008127022241903,3.3563264110635016,2.609961864696652,35.0,2.0443331400553393,3.0046646600657727,2.0364205486357165,46.666666666666664
JDWS,2,2023-01-16,2025-12-08,2025-12-09,2026-03-04,9.453939083722737,11.962292967603968,1.1088500750521773,51.66666666666667,8.6908681233724,11.476122069371666,1.0216525063064754,40.0
JVDC,2,2023-01-16,2025-12-08,2025-12-09,2026-03-04,4.159367754023083,5.689548837826317,3.335961700460878,50.0,3.6566675821940104,4.970375604859376,2.926298665199034,45.0
KAPCO,2,2023-01-16,2025-12-08,2025-12-09,2026-03-04,0.5490432835305796,0.8982301056172993,1.7404145548021877,43.333333333333336,0.47702919642130504,0.7950797216661881,1.51679842197506,58.333333333333336
KEL,2,2023-01-16,2025-12-08,2025-12-09,2026-03-04,0.235518874872435,0.31620733531954387,3.235551624188547,48.333333333333336,0.23249999682108566,0.3251230947030589,3.1774753626599996,48.333333333333336
KOHC,2,2023-01-16,2025-12-08,2025-12-09,2026-03-04,8.651626863550057,24.94924318190169,9.206879210987685,45.0,2.4639998118082693,3.3701896118053547,2.3236804391250216,38.333333333333336
KTML,2,2023-01-16,2025-12-08,2025-12-09,2026-03-04,2.657554422403318,7.179322693800052,4.6277963418112416,46.666666666666664,1.612166531880697,2.0987651215432037,2.5818811479896167,45.0
LCI,2,2023-01-16,2025-12-08,2025-12-09,2026-03-04,34.82748892835616,44.097086982065804,13.056281681448384,45.0,3.121880594889326,4.875901458251471,1.177246540125861,55.00000000000001
LOTCHEM,2,2023-01-16,2025-12-08,2025-12-09,2026-03-04,0.49709117545496434,0.7549126821762668,2.224404563591328,56.666666666666664,0.4655070940653488,0.6641069988726984,2.0708117982775454,46.666666666666664
LUCK,2,2023-01-16,2025-12-08,2025-12-09,2026-03-04,11.392705031350204,22.002842906317447,2.5586378632779216,53.333333333333336,8.395503743489591,11.073970763048422,1.8414829599568205,40.0
MARI,2,2023-01-16,2025-12-08,2025-12-09,2026-03-04,9.36204208236643,14.15699398371849,1.4359820356855988,41.66666666666667,7.367751057942702,12.659025094245015,1.1422961559493576,55.00000000000001
MCB,2,2023-01-16,2025-12-08,2025-12-09,2026-03-04,6.312609506865741,9.257542720503697,1.6938700374025548,48.333333333333336,5.8465820312500005,8.873282320867872,1.5611612328050795,38.333333333333336
MEBL,2,2023-01-16,2025-12-08,2025-12-09,2026-03-04,7.814765234878083,11.48199316695469,1.7483606273482815,53.333333333333336,7.560968526204423,10.84933735628866,1.686276632716256,46.666666666666664
MEHT,2,2023-01-16,2025-12-08,2025-12-09,2026-03-04,6.647942702605023,8.671855791380294,2.3575934244653762,28.333333333333332,5.140336354573564,7.880883523538628,1.84135911454202,23.333333333333332
MLCF,2,2023-01-16,2025-12-08,2025-12-09,2026-03-04,2.8975875286077706,3.9116425411508695,2.7041538372938754,45.0,2.615666707356771,3.565373404489173,2.3736465836796783,41.66666666666667
MTL,2,2023-01-16,2025-12-08,2025-12-09,2026-03-04,5.796398292587066,8.439882277972044,1.112183042355075,55.00000000000001,5.665048726399737,8.330730305232997,1.0836037143269643,48.333333333333336
MUGHAL,2,2023-01-16,2025-12-08,2025-12-09,2026-03-04,2.4583274893854803,3.1791025584051593,2.6674887076419096,50.0,2.1809998830159514,2.796814704146596,2.3604970732989194,45.0
MUREB,2,2023-01-16,2025-12-08,2025-12-09,2026-03-04,12.662127528670252,16.61003796358093,1.2785506892919147,56.666666666666664,11.388913981119792,15.812395617920476,1.1487033797295734,35.0
NATF,2,2023-01-16,2025-12-08,2025-12-09,2026-03-04,5.15305545082112,7.983324386192422,1.3264438726696464,51.66666666666667,4.235268147786457,7.273598381394116,1.0863164721341725,41.66666666666667
NBP,2,2023-01-16,2025-12-08,2025-12-09,2026-03-04,4.326114385352181,6.360369513568183,2.010268629621758,50.0,4.269293467203772,6.37381321654068,1.9724303086524269,45.0
NESTLE,2,2023-01-16,2025-12-08,2025-12-09,2026-03-04,61.68989115883598,98.6579137213456,0.8272229245511399,58.333333333333336,53.609505208333346,87.73177468893775,0.7173849527410714,26.666666666666668
NML,2,2023-01-16,2025-12-08,2025-12-09,2026-03-04,4.596536352404688,6.3255758256269825,2.5386661717165717,53.333333333333336,4.274834187825516,6.034341126017598,2.3533108621054613,48.333333333333336
NRL,2,2023-01-16,2025-12-08,2025-12-09,2026-03-04,10.928643403678894,14.22068544135444,2.8813346406389386,60.0,9.740667215983065,13.280773455457673,2.5588032541244243,51.66666666666667
OGDC,2,2023-01-16,2025-12-08,2025-12-09,2026-03-04,5.439344076891424,7.7396700897327255,1.904920569272106,45.0,4.830786132812498,7.123875292485483,1.6976447035360216,53.333333333333336
PABC,2,2023-01-16,2025-12-08,2025-12-09,2026-03-04,4.309080991074507,5.095201626954533,3.753947578805312,40.0,2.1525004069010407,3.0478474279242143,1.9013713607524165,41.66666666666667
PAEL,2,2023-01-16,2025-12-08,2025-12-09,2026-03-04,1.031986913900371,1.5047520556995795,1.9654270438223833,60.0,1.0236667633056633,1.4573501902351462,1.9520717786901887,53.333333333333336
PAKT,2,2023-01-16,2025-12-08,2025-12-09,2026-03-04,20.952594233930707,33.67323407344544,1.5226289580014725,48.333333333333336,18.351456705729166,29.335055209673307,1.330430679222657,38.333333333333336
PGLC,2,2023-01-16,2025-12-08,2025-12-09,2026-03-04,0.3266288479195905,0.4556130988480024,2.186541686379927,55.00000000000001,0.2911666075388593,0.42560344302022407,1.9574807496521074,30.0
PIBTL,2,2023-01-16,2025-12-08,2025-12-09,2026-03-04,0.5922482475528379,0.8509962803000374,3.1993229392893645,51.66666666666667,0.45749993324279814,0.6478336008421379,2.447753929007638,48.333333333333336
PIOC,2,2023-01-16,2025-12-08,2025-12-09,2026-03-04,12.077946328511043,16.84958470161997,3.790526507687174,50.0,8.299999491373699,12.181282556403843,2.5304379707013136,45.0
PKGS,2,2023-01-16,2025-12-08,2025-12-09,2026-03-04,12.11984998606506,18.991008314554993,1.6019657752595113,46.666666666666664,10.281984456380204,17.221322733723103,1.353812302675719,48.333333333333336
POL,2,2023-01-16,2025-12-08,2025-12-09,2026-03-04,7.712672110359444,10.517111540246903,1.2544286427277263,51.66666666666667,6.41565958658854,10.26845016271505,1.036527379070753,38.333333333333336
POWER,2,2023-01-16,2025-12-08,2025-12-09,2026-03-04,0.394518400104816,0.5518219758677846,2.0796941109882887,46.666666666666664,0.3486667315165207,0.523176433191077,1.8199290380728594,31.666666666666664
PPL,2,2023-01-16,2025-12-08,2025-12-09,2026-03-04,5.538382822100278,7.301113046246592,2.3921196134089113,40.0,4.778275553385414,6.306903294703782,2.0639542449667463,60.0
PRL,2,2023-01-16,2025-12-08,2025-12-09,2026-03-04,0.7957392434108634,1.0920206562862653,2.4382074853538396,55.00000000000001,0.7256669362386066,0.9770311698438788,2.1931221442280173,51.66666666666667
PSEL,2,2023-01-16,2025-12-08,2025-12-09,2026-03-04,27.243351389858866,33.21263371913204,2.6281401989641613,36.666666666666664,16.870665486653664,24.44456575771998,1.6161003367304572,41.66666666666667
PSO,2,2023-01-16,2025-12-08,2025-12-09,2026-03-04,8.356554024210919,12.59531269485216,1.988917448154295,55.00000000000001,7.317997741699217,10.480059138363433,1.710692821288253,56.666666666666664
PSX,2,2023-01-16,2025-12-08,2025-12-09,2026-03-04,1.1541663266534665,1.5356559119705595,2.5569860533528663,53.333333333333336,0.7621665318806966,1.0918658854730448,1.6949856664104608,53.333333333333336
PTC,2,2023-01-16,2025-12-08,2025-12-09,2026-03-04,2.36718688425988,2.7613939789610225,4.1576843745261955,43.333333333333336,1.7575005213419597,2.3923643888492414,2.991917482500064,48.333333333333336
RMPL,2,2023-01-16,2025-12-08,2025-12-09,2026-03-04,215.291929002145,342.4874939472018,2.153661391865935,46.666666666666664,155.73447265625,301.5167970238577,1.5453746813998586,43.333333333333336
SAZEW,2,2023-01-16,2025-12-08,2025-12-09,2026-03-04,51.226164163814474,70.12065107228864,2.55246326392884,50.0,49.802858479817694,69.73066999013967,2.4660492697286833,53.333333333333336
SCBPL,2,2023-01-16,2025-12-08,2025-12-09,2026-03-04,1.08251666570582,1.6981354723592257,1.6156155984286997,56.666666666666664,1.0011731465657558,1.6184622555924295,1.4922895931554165,38.333333333333336
SEARL,2,2023-01-16,2025-12-08,2025-12-09,2026-03-04,2.773620921527034,3.6374063483758805,2.5222182926917793,45.0,2.2906665802001944,3.037900095756292,2.0784183697162426,55.00000000000001
SHFA,2,2023-01-16,2025-12-08,2025-12-09,2026-03-04,8.376513820443842,12.086895006607504,1.5583999681735792,48.333333333333336,7.580332438151043,11.823951160605121,1.3961719318087051,51.66666666666667
SNGP,2,2023-01-16,2025-12-08,2025-12-09,2026-03-04,2.224384906711641,3.2312424988407185,2.108871037296125,46.666666666666664,1.9806662241617823,3.023102445469302,1.876551339691521,53.333333333333336
SRVI,2,2023-01-16,2025-12-08,2025-12-09,2026-03-04,39.59528926423468,53.83541018367884,2.360117291725606,43.333333333333336,34.05131835937498,47.83187223616481,2.020343611214766,40.0
SSGC,2,2023-01-16,2025-12-08,2025-12-09,2026-03-04,0.9024758124156959,1.282188521335888,2.958109341679851,40.0,0.7738332748413084,1.1229016202496012,2.5161689511982117,58.333333333333336
SYS,2,2023-01-16,2025-12-08,2025-12-09,2026-03-04,5.653235193351992,6.56382165664235,3.8285409572231908,41.66666666666667,2.5825448354085276,3.3938512991374465,1.767827728624425,46.666666666666664
TGL,2,2023-01-16,2025-12-08,2025-12-09,2026-03-04,5.965564127483661,6.986543927817583,2.9001687299064876,61.66666666666667,3.212159729003906,4.48814204494138,1.627928314726566,60.0
THALL,2,2023-01-16,2025-12-08,2025-12-09,2026-03-04,15.249722736629213,21.158424859794934,2.4955618355971665,45.0,14.0302754720052,20.412713072722376,2.31485486390294,38.333333333333336
TRG,2,2023-01-16,2025-12-08,2025-12-09,2026-03-04,1.990568104812966,2.877283300993182,3.279914114767145,43.333333333333336,1.4644994735717773,2.138281135148642,2.369423580238962,50.0
UBL,2,2023-01-16,2025-12-08,2025-12-09,2026-03-04,24.778113112274394,39.10132986680205,5.7137519304093685,53.333333333333336,7.48363444010417,11.287826653523283,1.738218762979437,51.66666666666667
UPFL,2,2023-01-16,2025-12-08,2025-12-09,2026-03-04,360.155040732635,475.7745003030699,1.3696261941914738,45.0,225.57314453124977,336.66071271387335,0.8628360749642162,41.66666666666667
WAFI,2,2023-01-16,2025-12-08,2025-12-09,2026-03-04,4.7242786744534975,6.669475488901603,2.1085461114771773,45.0,4.307500000000001,6.076128838879792,1.9117876984323914,48.333333333333336
YOUW,2,2023-01-16,2025-12-08,2025-12-09,2026-03-04,0.16406626475024572,0.22208833074674003,3.3746537667943506,40.0,0.11183337767918905,0.17442768595358096,2.348387840616461,41.66666666666667
ABL,3,2023-04-10,2026-03-04,2026-03-05,2026-05-28,3.135600727109887,3.656816196366297,1.8308721617415595,43.333333333333336,1.6145011901855488,2.4928347621458373,0.9533544779705824,41.66666666666667
ABOT,3,2023-04-10,2026-03-04,2026-03-05,2026-05-28,13.398505584752646,20.613005754196795,1.5094844268704255,53.333333333333336,13.57930196126303,20.927559192612268,1.5439276476471848,55.00000000000001
AGP,3,2023-04-10,2026-03-04,2026-03-05,2026-05-28,4.341185201566911,6.033858519721125,2.400255956207443,41.66666666666667,4.059671274820961,6.137768878659954,2.23367088653726,51.66666666666667
AHCL,3,2023-04-10,2026-03-04,2026-03-05,2026-05-28,0.40623644704447237,0.5306286180738073,2.96699656665056,43.333333333333336,0.30033324559529645,0.44824836090701864,2.185120233810743,40.0
AICL,3,2023-04-10,2026-03-04,2026-03-05,2026-05-28,2.2878855104666025,2.88001458181232,3.228257977858171,45.0,1.9058330535888677,2.7517072613807754,2.6611747633728497,40.0
AIRLINK,3,2023-04-10,2026-03-04,2026-03-05,2026-05-28,4.24908250798215,5.623338328158139,3.082115922226614,41.66666666666667,3.450834147135416,4.711174053498138,2.493742303623232,41.66666666666667
AKBL,3,2023-04-10,2026-03-04,2026-03-05,2026-05-28,2.0949067904805676,2.8236107421105507,2.438722300291601,53.333333333333336,1.8511034647623705,2.698299626056187,2.2015226225310176,51.66666666666667
APL,3,2023-04-10,2026-03-04,2026-03-05,2026-05-28,11.682247046579812,14.749208637658839,2.1327753762429587,45.0,7.893169148763017,11.48833378199006,1.4341552236215742,53.333333333333336
ASTL,3,2023-04-10,2026-03-04,2026-03-05,2026-05-28,0.32985541264713153,0.43699263531758215,2.135108880990543,51.66666666666667,0.3161667188008624,0.4407815792135452,2.0403525404949456,38.333333333333336
ATLH,3,2023-04-10,2026-03-04,2026-03-05,2026-05-28,28.994113753684264,40.14410936462677,1.874398276655942,43.333333333333336,20.956148274739594,37.50737183731206,1.345910327454921,45.0
ATRL,3,2023-04-10,2026-03-04,2026-03-05,2026-05-28,16.82640836063292,21.9785639539118,1.9735820751518116,38.333333333333336,14.249002075195312,20.083281046983167,1.6805798348707417,41.66666666666667
AVN,3,2023-04-10,2026-03-04,2026-03-05,2026-05-28,0.9129733980352276,1.176700978038864,2.8536983142738523,40.0,0.7196989059448237,1.056179009387164,2.263761119990386,43.333333333333336
BAFL,3,2023-04-10,2026-03-04,2026-03-05,2026-05-28,3.095418773828645,8.058973584618169,4.5617789298996225,46.666666666666664,2.4590982437133784,7.955543492689008,3.4281766251451233,41.66666666666667
BAHL,3,2023-04-10,2026-03-04,2026-03-05,2026-05-28,2.9379081729456176,4.11842148905535,1.7743954222893734,53.333333333333336,2.839496358235677,4.121710835534245,1.7240191655794317,40.0
BNWM,3,2023-04-10,2026-03-04,2026-03-05,2026-05-28,1.8408794481714181,2.571257338640864,2.939081311161856,41.66666666666667,1.4656671524047846,2.3330499985182214,2.3325517579253305,48.333333333333336
BOP,3,2023-04-10,2026-03-04,2026-03-05,2026-05-28,0.9801782619644127,1.3535339405390168,3.190663541390473,48.333333333333336,0.8727257410685226,1.2010559993738052,2.893472224637416,43.333333333333336
BWCL,3,2023-04-10,2026-03-04,2026-03-05,2026-05-28,7.693945577350254,10.778967721826975,1.765982664680872,41.66666666666667,6.012375895182287,9.607407885612876,1.3898789150314255,50.0
CHCC,3,2023-04-10,2026-03-04,2026-03-05,2026-05-28,7.34452251092293,9.964289054867272,2.743443137985505,58.333333333333336,7.1891682942708295,10.027652898362147,2.6960202618336964,45.0
CNERGY,3,2023-04-10,2026-03-04,2026-03-05,2026-05-28,0.19775583738534222,0.2614691107216844,2.5267477256736437,45.0,0.17133333683013918,0.23617784677298806,2.2415938279604695,33.33333333333333
COLG,3,2023-04-10,2026-03-04,2026-03-05,2026-05-28,12.124640673717783,15.439186868313675,1.1017688617794947,46.666666666666664,10.04383138020833,13.565725203888542,0.9098555785289848,45.0
CPHL,3,2023-04-10,2026-03-04,2026-03-05,2026-05-28,1.7623029070078773,2.4223914385511383,2.297494839980814,50.0,1.705333836873372,2.5051938471636737,2.2162666982489125,38.333333333333336
DCR,3,2023-04-10,2026-03-04,2026-03-05,2026-05-28,0.285482585568029,0.47474715325047867,0.8213474917050715,41.66666666666667,0.224387550354004,0.45049976483296106,0.6463682727781115,53.333333333333336
DGKC,3,2023-04-10,2026-03-04,2026-03-05,2026-05-28,5.423817758404629,7.095553700551874,3.0920408751459467,53.333333333333336,5.423167165120443,7.200327968773134,3.105959650589863,46.666666666666664
DHPL,3,2023-04-10,2026-03-04,2026-03-05,2026-05-28,1.4879777815937985,1.714775344512683,5.755752128262922,50.0,1.4674999999999994,1.6744775304553956,5.657436430519535,25.0
EFERT,3,2023-04-10,2026-03-04,2026-03-05,2026-05-28,3.0467407497798646,4.129985077544823,1.524400148077685,50.0,2.514504241943357,3.978056351499951,1.2528646598826363,46.666666666666664
ENGROH,3,2023-04-10,2026-03-04,2026-03-05,2026-05-28,7.243466059847306,8.844859141444335,2.6513673165462124,61.81818181818181,6.056727272727269,8.29144027405262,2.2520007872218635,56.36363636363636
EPCL,3,2023-04-10,2026-03-04,2026-03-05,2026-05-28,0.9634858559219327,1.2258540375618912,2.8955429573918443,51.66666666666667,0.8225002288818355,1.1572476894285475,2.470243743982364,36.666666666666664
FABL,3,2023-04-10,2026-03-04,2026-03-05,2026-05-28,1.974922107077524,2.6514754768086037,2.3617663235271804,50.0,1.6373045603434226,2.5057807490230752,1.9760367237574548,46.666666666666664
FATIMA,3,2023-04-10,2026-03-04,2026-03-05,2026-05-28,3.321668163241142,4.350976088520367,2.5051147782919694,43.333333333333336,2.869424184163412,4.146825078363839,2.1571279932943046,33.33333333333333
FCCL,3,2023-04-10,2026-03-04,2026-03-05,2026-05-28,1.407268726213215,1.8489831581973184,3.0911430941871716,50.0,1.4281668980916342,1.9449907964053756,3.1147405643577284,41.66666666666667
FFC,3,2023-04-10,2026-03-04,2026-03-05,2026-05-28,7.554084493362556,11.8513175886417,1.5355247457094925,63.33333333333333,7.804247029622398,12.777451727265209,1.5857326264963845,53.333333333333336
FFL,3,2023-04-10,2026-03-04,2026-03-05,2026-05-28,0.43512756326818536,0.5724330661461359,2.65626564087493,46.666666666666664,0.383999903996786,0.544967729295993,2.341570385237413,50.0
FHAM,3,2023-04-10,2026-03-04,2026-03-05,2026-05-28,0.45163664547029825,0.671325425183336,1.4977602191850494,36.666666666666664,0.4339999834696451,0.6706067831006678,1.4383289592846662,46.666666666666664
GADT,3,2023-04-10,2026-03-04,2026-03-05,2026-05-28,9.553762601551592,13.731161658811661,3.4901910825957514,46.666666666666664,8.66849975585937,12.953789186544183,3.1749925944091366,43.333333333333336
GAL,3,2023-04-10,2026-03-04,2026-03-05,2026-05-28,12.145567496126342,15.339702261424565,3.08375568085135,60.0,12.994363636363637,16.393797330365253,3.351275996357371,60.0
GATM,3,2023-04-10,2026-03-04,2026-03-05,2026-05-28,0.6059681381239287,0.8216193927141695,2.7869731462352094,51.66666666666667,0.5203333536783851,0.7710490755892463,2.44078986841985,43.333333333333336
GHGL,3,2023-04-10,2026-03-04,2026-03-05,2026-05-28,0.78314976401512,1.0538227542057792,2.3753845290624853,45.0,0.7119829813639323,1.0129666338264127,2.1702245531878455,40.0
GHNI,3,2023-04-10,2026-03-04,2026-03-05,2026-05-28,22.037859778083362,30.008813714111465,2.977378484942235,55.00000000000001,20.84983418782553,28.31191653854672,2.800640802023907,53.333333333333336
GLAXO,3,2023-04-10,2026-03-04,2026-03-05,2026-05-28,8.15126768603841,10.721963123672321,2.48065242145996,55.00000000000001,7.117179361979169,9.920527066916605,2.1451276782759208,58.333333333333336
HALEON,3,2023-04-10,2026-03-04,2026-03-05,2026-05-28,15.926735818129238,21.18549977751042,2.189704877092171,46.666666666666664,13.27204793294271,19.93891711449838,1.8253596731495767,55.00000000000001
HBL,3,2023-04-10,2026-03-04,2026-03-05,2026-05-28,6.558340469805838,8.817781800672975,2.408802902100075,45.0,5.195011393229167,7.813018586003008,1.9234029818109142,53.333333333333336
HCAR,3,2023-04-10,2026-03-04,2026-03-05,2026-05-28,5.538569065660648,8.513105318773777,2.9851558321247933,46.666666666666664,5.381464131673183,8.4061570724227,2.8954601537336,38.333333333333336
HGFA,3,2023-04-10,2026-03-04,2026-03-05,2026-05-28,0.34097477441343954,0.40386596189723933,2.419720598887088,41.509433962264154,0.2522623853863414,0.33788325649089784,1.8114912374144458,47.16981132075472
HINOON,3,2023-04-10,2026-03-04,2026-03-05,2026-05-28,29.048110189829824,35.53119108234594,3.2134687033746867,50.0,14.762960815429695,23.533178375275813,1.702638056114545,45.0
HMB,3,2023-04-10,2026-03-04,2026-03-05,2026-05-28,1.6960070819839659,2.3788023698082923,1.5506301564200926,50.0,1.3900628407796207,2.287229717624598,1.2789757521846572,45.0
HUBC,3,2023-04-10,2026-03-04,2026-03-05,2026-05-28,4.24830774641523,5.750891656116993,2.057133991053023,56.666666666666664,3.809502665201829,5.605532530521853,1.8682375503701407,45.0
HUMNL,3,2023-04-10,2026-03-04,2026-03-05,2026-05-28,0.25464524890892726,0.3457617960729624,2.3881479481979233,45.0,0.20554699897766113,0.31682881379143646,1.9257043173461126,38.333333333333336
IBFL,3,2023-04-10,2026-03-04,2026-03-05,2026-05-28,6.402675067560122,8.297887915653465,2.9538453390427093,20.0,4.016832478841158,7.1281680090080854,1.8658621040828982,36.666666666666664
ILP,3,2023-04-10,2026-03-04,2026-03-05,2026-05-28,1.6725980171532762,2.4106240133609576,2.1255979621280927,45.0,1.6438327789306648,2.525185083537937,2.079038968709256,46.666666666666664
INDU,3,2023-04-10,2026-03-04,2026-03-05,2026-05-28,32.77052554331944,43.34594215009103,1.7135016935128928,55.00000000000001,21.835793050130217,34.700484603969095,1.1739970295838722,50.0
INIL,3,2023-04-10,2026-03-04,2026-03-05,2026-05-28,3.582443592858804,5.206780274467632,2.3688568659808573,55.00000000000001,3.5124994913736995,5.061278367789613,2.3136464542382678,41.66666666666667
ISL,3,2023-04-10,2026-03-04,2026-03-05,2026-05-28,2.055408293803225,2.8450660045587632,2.7202336996151466,55.00000000000001,2.086333084106445,2.8827905531091806,2.752793867049897,50.0
JDWS,3,2023-04-10,2026-03-04,2026-03-05,2026-05-28,11.915339168236159,15.971073622453234,1.4078303582459641,53.333333333333336,11.913042195638019,16.96324640130995,1.4056607043863336,40.0
JVDC,3,2023-04-10,2026-03-04,2026-03-05,2026-05-28,3.732543229845494,4.725419897191079,3.2349089094268866,45.0,3.6576672871907543,4.871646695752579,3.1766237647333195,38.333333333333336
KAPCO,3,2023-04-10,2026-03-04,2026-03-05,2026-05-28,0.4165010339117827,0.6094181778595953,1.5203410503269785,56.666666666666664,0.35563923517863044,0.6015420933430926,1.2981435631451999,40.0
KEL,3,2023-04-10,2026-03-04,2026-03-05,2026-05-28,0.23323152222399124,0.29663936272303854,3.0301300924590753,41.66666666666667,0.18716670672098792,0.2800327839960138,2.4337321264585774,40.0
KOHC,3,2023-04-10,2026-03-04,2026-03-05,2026-05-28,5.195740909458891,5.893863107767102,6.2565236870441545,40.0,2.596499252319337,3.33553984081597,3.1000972998520084,50.0
KTML,3,2023-04-10,2026-03-04,2026-03-05,2026-05-28,1.491389816209024,1.9578536359949676,3.1985636667722037,56.666666666666664,1.3793332417805986,1.774970344102958,2.981782004340715,50.0
LCI,3,2023-04-10,2026-03-04,2026-03-05,2026-05-28,4.882337716224768,6.327614125488177,2.086628714189592,48.333333333333336,2.914998372395839,4.759921910201441,1.2455378864567168,46.666666666666664
LOTCHEM,3,2023-04-10,2026-03-04,2026-03-05,2026-05-28,0.681960382027493,0.9160134960279731,2.831118152368407,48.333333333333336,0.5581857681274414,0.8055969881407072,2.350941367652324,41.66666666666667
LUCK,3,2023-04-10,2026-03-04,2026-03-05,2026-05-28,17.258935576761,28.726607992319174,4.4991853607145655,56.666666666666664,9.99699859619141,14.013745412078116,2.520074005451931,45.0
MARI,3,2023-04-10,2026-03-04,2026-03-05,2026-05-28,8.416500247647255,12.057036771070123,1.3058367813103053,50.0,8.163999430338547,12.137365048557701,1.2652257339981676,41.66666666666667
MCB,3,2023-04-10,2026-03-04,2026-03-05,2026-05-28,6.187024176845327,8.215311733828472,1.6463892519672345,50.0,5.532936096191411,7.959153207799037,1.4913758772615062,50.0
MEBL,3,2023-04-10,2026-03-04,2026-03-05,2026-05-28,8.419404796154351,11.167703739658409,1.8194259461936642,51.66666666666667,7.598420206705728,10.930486924528141,1.659049805421406,41.66666666666667
MEHT,3,2023-04-10,2026-03-04,2026-03-05,2026-05-28,4.843031154193263,7.239446930033385,2.053911966731432,46.666666666666664,4.712166849772141,7.683899979349155,2.0040333452750936,36.666666666666664
MLCF,3,2023-04-10,2026-03-04,2026-03-05,2026-05-28,2.535684374469171,3.2310537979967355,3.0350519090255133,48.333333333333336,2.3841668446858715,3.2291413309353008,2.8581582105666214,43.333333333333336
MTL,3,2023-04-10,2026-03-04,2026-03-05,2026-05-28,11.272886754745286,37.24145388080715,3.1355947988001542,40.0,9.078249104817708,37.85407547024832,2.598164989940382,46.666666666666664
MUGHAL,3,2023-04-10,2026-03-04,2026-03-05,2026-05-28,2.0569551669992046,2.7645429698327186,2.8945621181722023,56.666666666666664,2.1213334401448565,2.9008961735518324,2.9783945309687185,45.0
MUREB,3,2023-04-10,2026-03-04,2026-03-05,2026-05-28,12.372531472681832,18.292601374908685,1.4072904469490495,46.666666666666664,11.689117431640625,17.88023629985824,1.3303438620028485,31.666666666666664
NATF,3,2023-04-10,2026-03-04,2026-03-05,2026-05-28,7.713884741105659,10.82256384700465,2.1724252490064364,41.66666666666667,6.4902114868164045,9.990369335056444,1.8217879212280155,46.666666666666664
NBP,3,2023-04-10,2026-03-04,2026-03-05,2026-05-28,5.804182224769253,7.992172839152847,3.1553674532729143,55.00000000000001,5.422383626302083,7.947034152058457,2.9034576799733918,60.0
NESTLE,3,2023-04-10,2026-03-04,2026-03-05,2026-05-28,65.6659716690648,80.96895158872117,0.9015269524558828,43.333333333333336,47.9236653645833,72.40947580858285,0.6568565639094872,43.333333333333336
NML,3,2023-04-10,2026-03-04,2026-03-05,2026-05-28,4.573443540095286,5.839587153148607,3.241847757038026,51.66666666666667,4.119833374023438,5.578899639068097,2.895089100156598,48.333333333333336
NRL,3,2023-04-10,2026-03-04,2026-03-05,2026-05-28,11.520890211646694,14.318567953179839,3.2637939706450223,38.333333333333336,7.786833190917978,11.670811560112366,2.2660228370862474,51.66666666666667
OGDC,3,2023-04-10,2026-03-04,2026-03-05,2026-05-28,5.921438919790218,7.875697211474792,2.002101249865771,51.66666666666667,5.1657414754231805,7.3394237060402,1.7516481766325962,46.666666666666664
PABC,3,2023-04-10,2026-03-04,2026-03-05,2026-05-28,2.6196097529787727,3.4887708069709147,2.5690347414110457,48.333333333333336,2.0328332265218125,3.018869578014589,2.0299556628339808,45.0
PAEL,3,2023-04-10,2026-03-04,2026-03-05,2026-05-28,1.3721771838168826,1.6966061776208796,3.5428179970454248,45.0,1.1079996744791667,1.4774986623215995,2.917305504542974,51.66666666666667
PAKT,3,2023-04-10,2026-03-04,2026-03-05,2026-05-28,29.672086464606018,38.264221595744026,2.356081119132981,35.0,19.198640950520815,30.005796695731398,1.5522680002455358,45.0
PGLC,3,2023-04-10,2026-03-04,2026-03-05,2026-05-28,0.6331657678183633,0.8865485503816193,4.639835861821907,35.0,0.38433332443237317,0.5507782168994505,2.8322802432305565,40.0
PIBTL,3,2023-04-10,2026-03-04,2026-03-05,2026-05-28,0.4226908457749951,0.5842576261579747,2.7298730915040146,51.66666666666667,0.4244998455047606,0.5836649538508809,2.758931652002587,48.333333333333336
PIOC,3,2023-04-10,2026-03-04,2026-03-05,2026-05-28,6.330509341994825,8.66766927214178,2.6751513356663157,53.333333333333336,6.519833882649747,9.086249394896251,2.7480967191783234,51.66666666666667
PKGS,3,2023-04-10,2026-03-04,2026-03-05,2026-05-28,13.492700703366548,19.112504406125094,1.9443632196548557,43.333333333333336,11.190699259440112,18.213824729741436,1.606701576639922,48.333333333333336
POL,3,2023-04-10,2026-03-04,2026-03-05,2026-05-28,6.177211370937041,7.868868424110822,0.955886108648363,46.666666666666664,4.436996459960932,6.75900736580103,0.6864023846588944,40.0
POWER,3,2023-04-10,2026-03-04,2026-03-05,2026-05-28,0.5447574815966013,0.6784625739990875,3.046320209436498,41.66666666666667,0.4871667544047039,0.6472467540057766,2.7204819706462104,41.66666666666667
PPL,3,2023-04-10,2026-03-04,2026-03-05,2026-05-28,5.548768500672435,7.196272275962362,2.5577130224237026,43.333333333333336,5.074832153320305,6.916724808501634,2.3394892493892323,48.333333333333336
PRL,3,2023-04-10,2026-03-04,2026-03-05,2026-05-28,0.8569420992420795,1.143553803138717,2.5826978088136743,43.333333333333336,0.6834999720255527,1.005013336726647,2.078909031318481,46.666666666666664
PSEL,3,2023-04-10,2026-03-04,2026-03-05,2026-05-28,11.694818920546636,15.603247244468132,1.3638624569250555,50.0,9.290172322591141,13.362002846248696,1.0873703885176673,35.0
PSO,3,2023-04-10,2026-03-04,2026-03-05,2026-05-28,8.175609492034079,11.073734579518675,2.2792726738373164,38.333333333333336,6.778500366210947,10.085761735136224,1.8842729802713498,41.66666666666667
PSX,3,2023-04-10,2026-03-04,2026-03-05,2026-05-28,0.9361449159311325,1.3394998480118332,2.677576960821449,53.333333333333336,0.9031668980916341,1.301603728163457,2.5627114462905634,51.66666666666667
PTC,3,2023-04-10,2026-03-04,2026-03-05,2026-05-28,1.5953586172764476,2.15974070543534,3.047739553182411,48.333333333333336,1.4993335088094073,2.0174200187883984,2.840394904498091,51.66666666666667
RMPL,3,2023-04-10,2026-03-04,2026-03-05,2026-05-28,80.42359596184978,109.26138682025037,0.8749247640001468,38.333333333333336,54.591487630208334,79.50615792597128,0.6003781145540737,45.0
SAZEW,3,2023-04-10,2026-03-04,2026-03-05,2026-05-28,59.05816294167099,73.03415194007282,3.0923107964952505,43.333333333333336,46.8157755533854,63.71050781627061,2.4380076655962757,46.666666666666664
SCBPL,3,2023-04-10,2026-03-04,2026-03-05,2026-05-28,1.5650482295872918,2.0221096326951815,2.5835181195623775,45.0,1.123720105489094,1.6870833957433813,1.867529437682236,46.666666666666664
SEARL,3,2023-04-10,2026-03-04,2026-03-05,2026-05-28,2.1983689619471525,2.971466216557074,2.520930817265815,56.666666666666664,2.157833480834959,3.0069236231921166,2.474625953548611,45.0
SHFA,3,2023-04-10,2026-03-04,2026-03-05,2026-05-28,7.7122622936935255,11.028848477408989,1.6193783255624004,38.333333333333336,7.111336263020831,10.281069466289173,1.4970859135317771,48.333333333333336
SNGP,3,2023-04-10,2026-03-04,2026-03-05,2026-05-28,2.19004220800166,2.8227808341859904,2.257964169245107,43.333333333333336,1.7313336690266918,2.501809189789625,1.7932938571414208,43.333333333333336
SRVI,3,2023-04-10,2026-03-04,2026-03-05,2026-05-28,38.311843343993296,52.31262244228096,2.3749826329769066,45.0,33.82330118815102,51.99779629688452,2.1254219802886656,40.0
SSGC,3,2023-04-10,2026-03-04,2026-03-05,2026-05-28,0.9316158340230267,1.1678530078806504,3.738505592706824,40.0,0.7493333180745445,1.027894137326249,3.0229720642169395,41.66666666666667
SYS,3,2023-04-10,2026-03-04,2026-03-05,2026-05-28,5.619680450440887,9.037384544487225,3.909055760115971,46.666666666666664,2.6289638519287113,3.9083624960093877,1.9353661993282325,35.0
TGL,3,2023-04-10,2026-03-04,2026-03-05,2026-05-28,3.9908257410557324,6.004461346211271,2.5430819887838907,38.333333333333336,3.3221672058105467,5.194767990676236,2.1304347756294097,40.0
THALL,3,2023-04-10,2026-03-04,2026-03-05,2026-05-28,14.239904083718407,20.418566299070175,2.3262171874616806,51.66666666666667,13.642997233072919,19.821524257539103,2.212691226022813,46.666666666666664
TRG,3,2023-04-10,2026-03-04,2026-03-05,2026-05-28,1.944527174543759,2.6253545600889567,3.530536934559937,43.333333333333336,1.6228328069051101,2.405803845642845,2.943950420871244,51.66666666666667
UBL,3,2023-04-10,2026-03-04,2026-03-05,2026-05-28,24.67575435500857,30.85271973687674,6.853864176679071,45.0,10.015498860677079,13.157576309870667,2.7737623764818173,50.0
UPFL,3,2023-04-10,2026-03-04,2026-03-05,2026-05-28,381.4364789900897,481.53532454998884,1.5112322558898783,41.66666666666667,240.60387369791698,392.58984795921526,0.9682971544517848,38.333333333333336
WAFI,3,2023-04-10,2026-03-04,2026-03-05,2026-05-28,3.3431150757291097,4.911081537815024,1.7076263609608704,50.90909090909091,3.2578181818181835,4.8200565820896175,1.67353204857899,45.45454545454545
YOUW,3,2023-04-10,2026-03-04,2026-03-05,2026-05-28,0.2529663054476089,0.4250853822288094,4.497734890042307,45.0,0.22666668494542447,0.4047056727273151,4.146031384182217,33.33333333333333
ABL,4,2023-07-03,2026-05-28,2026-05-29,2026-08-20,1.6797994968824819,2.2653222778706144,0.9503841411968245,38.333333333333336,1.4242719014485659,2.054614258923609,0.8048360445851906,40.0
ABOT,4,2023-07-03,2026-05-28,2026-05-29,2026-08-20,9.547114491907921,12.383325101084337,1.0126821455440196,51.66666666666667,8.895832316080734,12.901617103347013,0.9405047210806792,48.333333333333336
AGP,4,2023-07-03,2026-05-28,2026-05-29,2026-08-20,2.515916896236786,3.1234439593288106,1.2746633402009029,45.0,1.9058334350585975,2.6896079405846662,0.9613946708960189,50.0
AHCL,4,2023-07-03,2026-05-28,2026-05-29,2026-08-20,0.19832798133740137,0.2674931105716872,1.2674761843207494,61.66666666666667,0.20250012079874663,0.273815679814784,1.299548607525979,43.333333333333336
AICL,4,2023-07-03,2026-05-28,2026-05-29,2026-08-20,1.6523674909424706,2.272806007931756,1.9887352672184995,46.666666666666664,1.4969997406005866,2.1816615254497838,1.7988581274158397,48.333333333333336
AIRLINK,4,2023-07-03,2026-05-28,2026-05-29,2026-08-20,2.3165869506462977,3.303633605994383,1.6007528193433787,50.0,1.8441670735677083,2.551810297197837,1.2579109557543777,45.0
AKBL,4,2023-07-03,2026-05-28,2026-05-29,2026-08-20,1.804815445304264,2.478696046269501,1.7338869625128335,56.666666666666664,1.6223452250162766,2.3410886422817234,1.5586922782557329,40.0
APL,4,2023-07-03,2026-05-28,2026-05-29,2026-08-20,5.834570640683404,7.022010714179143,1.0759102601101684,43.333333333333336,3.5224995930989604,4.88597199926771,0.6478663872840379,48.333333333333336
ASTL,4,2023-07-03,2026-05-28,2026-05-29,2026-08-20,0.22987836286818303,0.2762945222643704,1.427502510486909,41.66666666666667,0.17483342488606762,0.23048142962653956,1.0789592717214254,41.66666666666667
ATLH,4,2023-07-03,2026-05-28,2026-05-29,2026-08-20,30.21332284318292,34.62882337391026,1.8260212065939598,35.0,5.9861450195312615,9.895198723304427,0.35801699063140685,36.666666666666664
ATRL,4,2023-07-03,2026-05-28,2026-05-29,2026-08-20,19.23346337099726,28.183251324162253,1.9671232018184972,43.333333333333336,13.674494425455718,22.226098594068873,1.4089967053056363,38.333333333333336
AVN,4,2023-07-03,2026-05-28,2026-05-29,2026-08-20,0.48591562425360185,0.7367276244381292,1.4168439003537223,50.0,0.43500003814697247,0.7116460989776846,1.2642279923653115,30.0
BAFL,4,2023-07-03,2026-05-28,2026-05-29,2026-08-20,0.804959613002526,1.05454338618191,1.4075767589475374,40.0,0.5626745223999022,0.940370169210907,0.9796433186417292,48.333333333333336
BAHL,4,2023-07-03,2026-05-28,2026-05-29,2026-08-20,2.0849658225743357,2.5814600639492555,1.2111294664165262,33.33333333333333,1.6553329467773452,2.423267333863434,0.9566161593781871,40.0
BNWM,4,2023-07-03,2026-05-28,2026-05-29,2026-08-20,1.0474627045702458,1.443082663005408,1.552426655545653,46.666666666666664,0.7206666310628254,1.1050299287568335,1.0693054539219722,25.0
BOP,4,2023-07-03,2026-05-28,2026-05-29,2026-08-20,0.5584014514547371,0.7656935215840964,1.6134260059123626,56.666666666666664,0.48399982452392565,0.714189418875464,1.3983975502307042,43.333333333333336
BWCL,4,2023-07-03,2026-05-28,2026-05-29,2026-08-20,4.432271355371058,5.978135970277276,0.9348747436829761,41.66666666666667,3.1141103108724026,5.3752739573789485,0.6587842176833345,41.66666666666667
CHCC,4,2023-07-03,2026-05-28,2026-05-29,2026-08-20,6.259695293551312,8.580362052458241,1.975655125836125,51.66666666666667,5.7298324584961,8.499091933638029,1.8161133036738542,35.0
CNERGY,4,2023-07-03,2026-05-28,2026-05-29,2026-08-20,0.2667256521897221,0.39136871551977415,2.4399585285237015,43.333333333333336,0.24450003306070972,0.3818921995896045,2.2110393241653137,45.0
COLG,4,2023-07-03,2026-05-28,2026-05-29,2026-08-20,9.426335765184911,12.935443398975375,0.7680274523204633,48.333333333333336,7.647662353515614,11.452469469674975,0.6225121959184924,35.0
CPHL,4,2023-07-03,2026-05-28,2026-05-29,2026-08-20,0.8682597783971076,1.1519985056642683,1.1264410941030478,45.0,0.7446669260660808,1.1200121359432937,0.9611668566658117,43.333333333333336
DCR,4,2023-07-03,2026-05-28,2026-05-29,2026-08-20,0.2580683775925307,0.3516296368066527,0.6817046309928685,53.333333333333336,0.16212724049886104,0.28123228017307866,0.4289668461309139,41.66666666666667
DGKC,4,2023-07-03,2026-05-28,2026-05-29,2026-08-20,4.154642541407971,5.548542626442296,1.9640464085160731,45.0,3.431167602539058,5.150274488979079,1.6184915479257285,40.0
EFERT,4,2023-07-03,2026-05-28,2026-05-29,2026-08-20,2.0044694619051366,2.8150672508631063,1.0494523958393696,48.333333333333336,1.4302815755208338,1.8620280012156003,0.7465798483731247,41.66666666666667
ENGROH,4,2023-07-03,2026-05-28,2026-05-29,2026-08-20,4.041504824036047,5.1825351094555385,1.4635010142365081,57.89473684210527,3.8982456140350923,5.09989439175142,1.4150393615622308,42.10526315789473
EPCL,4,2023-07-03,2026-05-28,2026-05-29,2026-08-20,0.44860366208322744,0.5751998087134871,1.3196047349014726,53.333333333333336,0.423166783650716,0.5776115715740053,1.2429769222502265,33.33333333333333
FABL,4,2023-07-03,2026-05-28,2026-05-29,2026-08-20,1.4045183150996627,1.7468973169032342,1.4449088631224984,48.333333333333336,1.009602610270185,1.348354753173644,1.0448640319958795,35.0
FATIMA,4,2023-07-03,2026-05-28,2026-05-29,2026-08-20,2.778181728712632,3.73314540999242,1.7525988155649381,43.333333333333336,2.2806671142578123,3.550875443039608,1.441261878234448,38.333333333333336
FCCL,4,2023-07-03,2026-05-28,2026-05-29,2026-08-20,0.9812295604590001,1.3107200782532797,1.7686566296782078,48.333333333333336,0.907333437601725,1.2809893378864292,1.6424578616711638,43.333333333333336
FFC,4,2023-07-03,2026-05-28,2026-05-29,2026-08-20,5.205266705736596,6.684772489893884,0.9531815331121213,43.333333333333336,4.214413452148434,5.905102105255068,0.771310492653835,41.66666666666667
FFL,4,2023-07-03,2026-05-28,2026-05-29,2026-08-20,0.1992033466211165,0.25924830913621144,1.1662192744241355,48.333333333333336,0.1539999961853026,0.2104361812005159,0.9045498763768599,43.333333333333336
FHAM,4,2023-07-03,2026-05-28,2026-05-29,2026-08-20,0.3575407970983028,0.5271531673966271,1.0709855365008831,56.666666666666664,0.2889999707539877,0.4779994907266753,0.8645867379767755,31.666666666666664
GADT,4,2023-07-03,2026-05-28,2026-05-29,2026-08-20,6.934293846450811,10.19896218845024,2.2191379365342625,45.0,5.638834126790365,8.534603763066697,1.7951720539537919,45.0
GAL,4,2023-07-03,2026-05-28,2026-05-29,2026-08-20,11.310054876009627,15.306738808109406,2.009234273451947,50.877192982456144,11.014035087719305,15.105416247161154,1.9622446732999308,38.59649122807017
GATM,4,2023-07-03,2026-05-28,2026-05-29,2026-08-20,0.5842879653016062,0.8015492992378072,2.1270775084844695,51.66666666666667,0.5636667569478355,0.776277587875751,2.0614391876372617,40.0
GHGL,4,2023-07-03,2026-05-28,2026-05-29,2026-08-20,0.5946932659685786,0.846051988965092,1.549252597580893,55.00000000000001,0.5834285736083988,0.8383310648582695,1.5225909149664918,48.333333333333336
GHNI,4,2023-07-03,2026-05-28,2026-05-29,2026-08-20,24.448772227417738,34.72535402004518,2.182403618530661,38.333333333333336,20.2091542561849,31.096744462539693,1.8172782685215192,35.0
GLAXO,4,2023-07-03,2026-05-28,2026-05-29,2026-08-20,5.134557261286048,6.888059982152708,1.4240003801511696,38.333333333333336,3.8276662190755255,5.852757914906534,1.0619190304809478,41.66666666666667
HALEON,4,2023-07-03,2026-05-28,2026-05-29,2026-08-20,8.6586863007679,10.943339898772662,1.1236804502547773,48.333333333333336,6.4943339029947955,9.82864672699215,0.8389469058791112,36.666666666666664
HBL,4,2023-07-03,2026-05-28,2026-05-29,2026-08-20,4.404477466893274,5.6605064779653125,1.460060873758364,43.333333333333336,3.895148722330731,5.507502493371553,1.2890289318498849,43.333333333333336
HCAR,4,2023-07-03,2026-05-28,2026-05-29,2026-08-20,6.47085986324628,7.928687521422259,2.651721558064699,40.0,4.2785059611002625,6.6876818612273095,1.723280676427654,36.666666666666664
HGFA,4,2023-07-03,2026-05-28,2026-05-29,2026-08-20,0.37968524099908657,0.5203003373985595,2.3202345479963933,60.0,0.3781735333529387,0.5030443900597944,2.296678412292104,47.27272727272727
HINOON,4,2023-07-03,2026-05-28,2026-05-29,2026-08-20,11.201532521706827,14.631730984245205,1.1269783694590938,46.666666666666664,9.568327840169271,13.722172134187115,0.9604491252082197,40.0
HMB,4,2023-07-03,2026-05-28,2026-05-29,2026-08-20,0.9202337664808494,1.143628943763569,0.8221880605551589,56.666666666666664,0.8417622884114586,1.1033601428893292,0.7487992388889282,35.0
HUBC,4,2023-07-03,2026-05-28,2026-05-29,2026-08-20,2.7780493625964744,3.726174274910338,1.25635992200888,50.0,2.5166666666666746,3.670658200152706,1.1380297251977856,36.666666666666664
HUMNL,4,2023-07-03,2026-05-28,2026-05-29,2026-08-20,0.11378038301975782,0.15721176489667552,1.0414315516058532,53.333333333333336,0.10699996948242217,0.15393722110024474,0.979485882825464,43.333333333333336
IBFL,4,2023-07-03,2026-05-28,2026-05-29,2026-08-20,7.575437294796158,11.75169331769534,2.657689324563294,43.333333333333336,7.184834289550777,10.872838528821424,2.525826314208452,40.0
ILP,4,2023-07-03,2026-05-28,2026-05-29,2026-08-20,2.1167533095615236,2.920937111441336,2.118018365740419,50.0,1.518667093912762,2.378125247050618,1.5299511854861916,36.666666666666664
INDU,4,2023-07-03,2026-05-28,2026-05-29,2026-08-20,15.90983501762374,20.528850063133294,0.8032528949476028,43.333333333333336,10.22567545572919,14.237878680283266,0.5125116329879065,48.333333333333336
INIL,4,2023-07-03,2026-05-28,2026-05-29,2026-08-20,3.0877548461543323,4.441735854538482,1.8206844569685303,53.333333333333336,2.9170008341471356,4.350674401262258,1.724914967155642,31.666666666666664
ISL,4,2023-07-03,2026-05-28,2026-05-29,2026-08-20,1.8070172260944533,2.528404502642705,2.0539160924556006,56.666666666666664,1.7490001678466804,2.5437438880806,1.980686294003358,46.666666666666664
JDWS,4,2023-07-03,2026-05-28,2026-05-29,2026-08-20,8.253573890833232,11.003627362993395,0.8924187858305727,53.333333333333336,6.393828328450533,9.909062468315813,0.6862787844371773,33.33333333333333
JVDC,4,2023-07-03,2026-05-28,2026-05-29,2026-08-20,2.9364990621838385,3.9223263960960995,1.9993093206444372,45.0,2.281165822347005,3.173700648823371,1.5524885060100633,36.666666666666664
KAPCO,4,2023-07-03,2026-05-28,2026-05-29,2026-08-20,0.23434817996025206,0.34321220190530655,0.8326724599485922,46.666666666666664,0.18716665903727236,0.2858233042337019,0.6646375544173213,43.333333333333336
KEL,4,2023-07-03,2026-05-28,2026-05-29,2026-08-20,0.1788892005762141,0.21974518897740836,2.3299083899763358,40.0,0.11450000603993739,0.14757482262429392,1.4761898958019635,46.666666666666664
KOHC,4,2023-07-03,2026-05-28,2026-05-29,2026-08-20,1.725352293007252,2.7440359241683128,1.7467184208888007,51.66666666666667,1.7899996439615886,2.7955934973871797,1.8171596819503932,48.333333333333336
KTML,4,2023-07-03,2026-05-28,2026-05-29,2026-08-20,1.1425330351674543,1.5935456440957412,2.4179937380184353,50.0,0.9496667861938481,1.4035504081694488,1.9802242761943776,43.333333333333336
LCI,4,2023-07-03,2026-05-28,2026-05-29,2026-08-20,2.3954171404543434,3.1173886624029095,1.0311526056827427,51.66666666666667,2.195333607991544,3.219505169716806,0.9433134257616764,43.333333333333336
LOTCHEM,4,2023-07-03,2026-05-28,2026-05-29,2026-08-20,0.41539692520814164,0.5349895367772572,1.5092675815778642,41.66666666666667,0.35854771931966023,0.49233986278183745,1.2979609537297285,41.66666666666667
LUCK,4,2023-07-03,2026-05-28,2026-05-29,2026-08-20,6.198608769972181,8.005799517137131,1.3668668351383721,45.0,5.559666442871094,7.821915739296131,1.2288695266230731,50.0
MARI,4,2023-07-03,2026-05-28,2026-05-29,2026-08-20,6.229859858628699,8.189097281789259,0.9345851923070365,51.66666666666667,5.645496622721352,7.839249901410711,0.8474730768630763,41.66666666666667
MCB,4,2023-07-03,2026-05-28,2026-05-29,2026-08-20,4.42695365454881,5.888559419531327,1.0967262165817693,45.0,3.6924682617187528,5.587269444785147,0.9137520588258587,48.333333333333336
MEBL,4,2023-07-03,2026-05-28,2026-05-29,2026-08-20,6.977698362000111,9.233309477181589,1.2982638811591778,50.0,6.251565043131515,9.103184180376001,1.1614059542230577,46.666666666666664
MEHT,4,2023-07-03,2026-05-28,2026-05-29,2026-08-20,4.409706420260346,6.896214699920511,2.2476525061598074,51.66666666666667,4.279834238688148,6.824205810860237,2.177481414275728,43.333333333333336
MLCF,4,2023-07-03,2026-05-28,2026-05-29,2026-08-20,1.8779418679096125,2.598705158220929,1.920840295334535,61.66666666666667,1.8760008494059226,2.6615506315746713,1.9209457605981899,35.0
MTL,4,2023-07-03,2026-05-28,2026-05-29,2026-08-20,31.831672914859336,58.225227106515035,8.111764045491636,50.0,12.417250061035158,51.597783426044685,3.4347170056223795,41.66666666666667
MUGHAL,4,2023-07-03,2026-05-28,2026-05-29,2026-08-20,1.3960300345045193,2.0006929256769324,1.674653762619153,41.66666666666667,1.2339995066324865,1.7363913538083233,1.489510332794224,38.333333333333336
MUREB,4,2023-07-03,2026-05-28,2026-05-29,2026-08-20,6.922170682840016,8.837002105574255,0.7556468010641968,41.66666666666667,5.2570007324218695,8.170950582106958,0.5728563086750103,38.333333333333336
NATF,4,2023-07-03,2026-05-28,2026-05-29,2026-08-20,4.407738190492547,5.684635936680892,1.1566021325250768,50.0,4.1956675211588585,5.547238552910298,1.1001856680411684,43.333333333333336
NBP,4,2023-07-03,2026-05-28,2026-05-29,2026-08-20,3.1794438338169684,4.222043361180878,1.573459510596682,63.33333333333333,2.88583450317382,4.142039883390059,1.4295250363537406,50.0
NESTLE,4,2023-07-03,2026-05-28,2026-05-29,2026-08-20,36.53900850437206,49.46128901448103,0.48708791290495357,53.333333333333336,30.182902018229168,43.82286435488274,0.40319559994581416,43.333333333333336
NML,4,2023-07-03,2026-05-28,2026-05-29,2026-08-20,2.4018354827792776,3.086902276088463,1.6030725377496688,46.666666666666664,2.266665649414061,3.0129073339328296,1.5105913774027038,45.0
NRL,4,2023-07-03,2026-05-28,2026-05-29,2026-08-20,9.88357969526766,15.11373254471561,2.2354787910154528,48.333333333333336,7.801666259765631,12.2918172978224,1.7959095546462411,55.00000000000001
OGDC,4,2023-07-03,2026-05-28,2026-05-29,2026-08-20,3.8510121236330934,4.816305256148578,1.1874024277671007,61.66666666666667,3.2958338419596354,4.464277813737875,1.0134174527486732,45.0
PABC,4,2023-07-03,2026-05-28,2026-05-29,2026-08-20,1.2413538972268183,1.6487582647382604,1.1516059849316795,58.333333333333336,1.2590003967285126,1.8569134477394065,1.1666634741453097,41.66666666666667
PAEL,4,2023-07-03,2026-05-28,2026-05-29,2026-08-20,0.6958797539054168,0.9862026646835378,1.6263913990491743,51.66666666666667,0.6605003356933602,0.9494885749586804,1.5503702725162158,38.333333333333336
PAKT,4,2023-07-03,2026-05-28,2026-05-29,2026-08-20,24.822467030509497,32.819457587313934,1.7717678307189362,51.66666666666667,11.671685791015625,18.49869715601175,0.8407478854540237,35.0
PGLC,4,2023-07-03,2026-05-28,2026-05-29,2026-08-20,0.3747560432788818,0.5740733453334382,2.433063201687178,56.666666666666664,0.3459999879201259,0.5721800663631517,2.240353605210176,35.0
PIBTL,4,2023-07-03,2026-05-28,2026-05-29,2026-08-20,0.31525371583268585,0.4177698219301565,1.8173324081970632,41.66666666666667,0.24283316930135085,0.3485228059045719,1.3992074221307746,40.0
PIOC,4,2023-07-03,2026-05-28,2026-05-29,2026-08-20,4.899557786501859,6.519474823187825,1.7637926190121445,43.333333333333336,4.656999206542969,6.617490178668922,1.677425413442932,38.333333333333336
PKGS,4,2023-07-03,2026-05-28,2026-05-29,2026-08-20,9.663524620717356,12.315004832066132,1.2298114744711683,46.666666666666664,6.618328857421883,9.13870459000614,0.8454421161788165,35.0
POL,4,2023-07-03,2026-05-28,2026-05-29,2026-08-20,4.878350283226492,6.28408835478773,0.709517377183468,63.33333333333333,3.0733276367187536,4.937474273222791,0.442980741231414,48.333333333333336
POWER,4,2023-07-03,2026-05-28,2026-05-29,2026-08-20,0.38666883504038785,0.5208726250672011,1.7773474643181082,60.0,0.3896665255228674,0.5348238489954471,1.796684848231012,40.0
PPL,4,2023-07-03,2026-05-28,2026-05-29,2026-08-20,3.8127798582269916,4.807509647260196,1.6498303931078027,46.666666666666664,3.308499654134104,4.393410414845544,1.4290673751508804,41.66666666666667
PRL,4,2023-07-03,2026-05-28,2026-05-29,2026-08-20,2.1687803223212994,3.40748397417909,3.6204998781161595,31.666666666666664,1.2486663818359374,2.1401392776238293,2.217073512229846,53.333333333333336
PSEL,4,2023-07-03,2026-05-28,2026-05-29,2026-08-20,9.553650599140079,15.504070003227636,1.0448776625922354,41.66666666666667,7.673165893554684,13.589265878852723,0.8393000036368895,45.0
PSO,4,2023-07-03,2026-05-28,2026-05-29,2026-08-20,3.982084025515626,6.076995332402815,1.1225204361457886,41.66666666666667,3.350332132975258,5.656918949834744,0.9426901733604883,41.66666666666667
PSX,4,2023-07-03,2026-05-28,2026-05-29,2026-08-20,1.2170305527781893,1.6217404330346277,2.435599365591003,43.333333333333336,1.141500155131023,1.620343370413567,2.2801721486225013,36.666666666666664
PTC,4,2023-07-03,2026-05-28,2026-05-29,2026-08-20,1.1345883793975344,1.524945071701351,1.6537615488277775,50.0,1.0158332824707033,1.4973950516042291,1.4720388875191237,43.333333333333336
RMPL,4,2023-07-03,2026-05-28,2026-05-29,2026-08-20,61.15057544032549,78.40075756452046,0.6509354783420634,50.0,43.48500976562491,61.537626519681,0.46196952318390383,30.0
SAZEW,4,2023-07-03,2026-05-28,2026-05-29,2026-08-20,42.571974793042806,49.21674271101918,2.1350578242873697,25.0,18.549833170572914,27.46821340935332,0.9377261409330363,58.333333333333336
SCBPL,4,2023-07-03,2026-05-28,2026-05-29,2026-08-20,0.7431333667355451,1.0512009097188946,1.132435760693959,51.66666666666667,0.621832784016927,0.9921092375552615,0.9483314560867974,30.0
SEARL,4,2023-07-03,2026-05-28,2026-05-29,2026-08-20,1.1822435032346623,1.573698653282619,1.2756041030713408,53.333333333333336,1.0858337402343758,1.5460343599138149,1.1703454789250742,30.0
SHFA,4,2023-07-03,2026-05-28,2026-05-29,2026-08-20,6.542561374970317,9.329222551274109,1.2725640314640603,50.0,6.25399729410807,9.152689763601945,1.215504316062644,45.0
SNGP,4,2023-07-03,2026-05-28,2026-05-29,2026-08-20,2.221113314609729,2.8749421981597707,2.0490767847980695,50.0,2.084667460123695,2.8343676486228633,1.9222188554709152,45.0
SRVI,4,2023-07-03,2026-05-28,2026-05-29,2026-08-20,58.809908166018914,246.8055143630707,16.477015349765622,48.333333333333336,51.88194147745768,248.62754925715527,16.204707264386595,50.0
SSGC,4,2023-07-03,2026-05-28,2026-05-29,2026-08-20,0.6206642408421132,0.8337694562680874,2.1460519868701686,53.333333333333336,0.5849999427795417,0.8202479288671587,2.034686480509791,43.333333333333336
SYS,4,2023-07-03,2026-05-28,2026-05-29,2026-08-20,1.819053515556924,2.39061647606792,1.3113540176553151,50.0,1.3918329874674469,1.9127005100674654,0.9904039953833568,41.66666666666667
TGL,4,2023-07-03,2026-05-28,2026-05-29,2026-08-20,2.9291018853808635,4.369321993239574,1.5397684279175845,58.333333333333336,2.8466654459635388,4.319621753832953,1.4919788852195182,43.333333333333336
THALL,4,2023-07-03,2026-05-28,2026-05-29,2026-08-20,10.635708879575578,14.005459236799721,1.8118254884065987,38.333333333333336,5.769833374023441,8.826713298475074,0.9796372429762548,40.0
TRG,4,2023-07-03,2026-05-28,2026-05-29,2026-08-20,1.287666693578762,1.7779953668896906,2.003973634790589,46.666666666666664,1.0766666412353507,1.5890853861118495,1.6735016941123566,46.666666666666664
UBL,4,2023-07-03,2026-05-28,2026-05-29,2026-08-20,32.63974617354176,46.86698323123458,7.065159423758491,51.66666666666667,6.62083587646485,9.758014258601957,1.473907459471325,43.333333333333336
UPFL,4,2023-07-03,2026-05-28,2026-05-29,2026-08-20,97.16387183379841,138.50941765421274,0.381462033574403,55.00000000000001,95.89414062500006,134.86254957759596,0.3765711488024573,25.0
WAFI,4,2023-07-03,2026-05-28,2026-05-29,2026-08-20,2.166398660017737,2.807210558224894,1.1508014059808414,71.9298245614035,2.172807017543862,2.7275993557731404,1.1576908070538852,40.35087719298245
YOUW,4,2023-07-03,2026-05-28,2026-05-29,2026-08-20,0.11459068953325917,0.14551920513703154,2.0333470524564095,30.0,0.07716664473215734,0.11092785496593136,1.3753005099086038,31.666666666666664
ABL,5,2023-09-25,2026-08-20,2026-08-21,2026-09-04,2.918172164418744,3.316436190564753,1.7338691549691139,0.0,1.4779815673828125,1.8208355572737362,0.8779730794594152,66.66666666666666
ABOT,5,2023-09-25,2026-08-20,2026-08-21,2026-09-04,13.549290100291993,16.445681584181482,1.4469520164785485,66.66666666666666,13.223347981770795,16.269664100907445,1.4069208384859082,66.66666666666666
AGP,5,2023-09-25,2026-08-20,2026-08-21,2026-09-04,4.844008528705065,4.940463363456297,2.8316667950744714,0.0,2.7533365885416665,3.2836907613675645,1.602258072709382,66.66666666666666
AHCL,5,2023-09-25,2026-08-20,2026-08-21,2026-09-04,0.08873629422964768,0.09771484858607517,0.54699104247334,33.33333333333333,0.0366675059000651,0.045093529613591074,0.2258238269012945,33.33333333333333
AICL,5,2023-09-25,2026-08-20,2026-08-21,2026-09-04,3.652163874428273,4.033231743098122,3.975557285417972,0.0,2.8766657511393228,3.4695278383709183,3.108014138650787,66.66666666666666
AIRLINK,5,2023-09-25,2026-08-20,2026-08-21,2026-09-04,0.961810307927711,1.2347429695343373,0.7380777445102045,66.66666666666666,1.5900014241536458,1.7811718915636023,1.2145516827278893,33.33333333333333
AKBL,5,2023-09-25,2026-08-20,2026-08-21,2026-09-04,0.6000347752518232,0.878525862706734,0.5683823455773607,100.0,0.9733327229817755,1.1619238358565862,0.9258080870433342,33.33333333333333
APL,5,2023-09-25,2026-08-20,2026-08-21,2026-09-04,8.152932644125636,13.254995682043619,1.387739397071299,100.0,9.413330078125,14.683988967546648,1.6052402675247723,66.66666666666666
ASTL,5,2023-09-25,2026-08-20,2026-08-21,2026-09-04,0.2931164907351267,0.3416517639751476,1.891078790226344,33.33333333333333,0.24000008900960404,0.3286335693264088,1.5412850809167262,33.33333333333333
ATLH,5,2023-09-25,2026-08-20,2026-08-21,2026-09-04,8.40085290343753,10.360304818590096,0.5279629055898843,66.66666666666666,8.059977213541666,9.329660529414607,0.5073843326009045,33.33333333333333
ATRL,5,2023-09-25,2026-08-20,2026-08-21,2026-09-04,11.689587293398896,13.108523706804823,1.06411861296064,66.66666666666666,8.939982096354166,9.327116757073044,0.8133446500791288,66.66666666666666
AVN,5,2023-09-25,2026-08-20,2026-08-21,2026-09-04,0.6742528190390354,0.7011521618092783,2.1573655397967393,33.33333333333333,0.5933335622151693,0.6457557772765118,1.8929317323372792,66.66666666666666
BAFL,5,2023-09-25,2026-08-20,2026-08-21,2026-09-04,0.24961325230197198,0.24976047206658403,0.4346338439602043,100.0,0.5266672770182316,0.5580334994623051,0.9174880641637946,66.66666666666666
BAHL,5,2023-09-25,2026-08-20,2026-08-21,2026-09-04,1.440232256211554,1.6824150434224299,0.8573503931512426,33.33333333333333,0.9299977620442709,1.0080151383080724,0.5525643437701028,66.66666666666666
BNWM,5,2023-09-25,2026-08-20,2026-08-21,2026-09-04,0.6836039488486373,0.7327803205998316,1.0094696290811591,100.0,1.066668192545573,1.2145799519355518,1.5751163600918223,33.33333333333333
BOP,5,2023-09-25,2026-08-20,2026-08-21,2026-09-04,0.29668423250889947,0.41890138704623137,0.9095770255858991,66.66666666666666,0.14000066121419272,0.2044517418165661,0.4293777791429128,33.33333333333333
BWCL,5,2023-09-25,2026-08-20,2026-08-21,2026-09-04,2.359205605012278,2.770172895913098,0.48520178507310907,66.66666666666666,2.456665039062481,3.4233594085949455,0.5049784701731079,66.66666666666666
CHCC,5,2023-09-25,2026-08-20,2026-08-21,2026-09-04,2.1564868756607702,2.1723223125105235,0.7014924602886828,33.33333333333333,1.5866699218750189,1.748733656424074,0.5162461278018733,33.33333333333333
CNERGY,5,2023-09-25,2026-08-20,2026-08-21,2026-09-04,0.37303477858089806,0.465849170151896,2.638748771220417,33.33333333333333,0.20333353678385535,0.2170254630814651,1.4383191413538559,0.0
COLG,5,2023-09-25,2026-08-20,2026-08-21,2026-09-04,1.5589635125167358,1.9089958356299561,0.12823164891553362,66.66666666666666,1.356689453125,1.3994223609282515,0.11170379618042237,33.33333333333333
CPHL,5,2023-09-25,2026-08-20,2026-08-21,2026-09-04,0.9397561597421978,0.9724171330112256,1.2383870087725004,66.66666666666666,1.0899988810221355,1.2335701993071804,1.4393423610023373,66.66666666666666
DCR,5,2023-09-25,2026-08-20,2026-08-21,2026-09-04,0.542042532006235,0.6711566955986864,1.336333190789781,100.0,0.6033337910970052,0.7074129350768787,1.49043830076018,66.66666666666666
DGKC,5,2023-09-25,2026-08-20,2026-08-21,2026-09-04,5.394094420465933,5.403876898406077,2.472154589205979,66.66666666666666,5.216669718424423,5.431078424963531,2.395896248421391,33.33333333333333
EFERT,5,2023-09-25,2026-08-20,2026-08-21,2026-09-04,1.440959795266603,1.510498099135728,0.786407077279787,33.33333333333333,1.3633321126302274,1.4761759704207005,0.7436133304679672,33.33333333333333
ENGROH,5,2023-09-25,2026-08-20,2026-08-21,2026-09-04,2.6843354835775255,3.0960797730190506,1.0101172390582869,44.44444444444444,1.9333333333333433,2.322986583402221,0.7278264661257068,55.55555555555556
EPCL,5,2023-09-25,2026-08-20,2026-08-21,2026-09-04,0.47653765490091854,0.6782612921855457,1.3974531786388396,100.0,0.4933331807454427,0.7079081291181251,1.4466831813647374,66.66666666666666
FABL,5,2023-09-25,2026-08-20,2026-08-21,2026-09-04,0.48080644261062844,0.5351078443673212,0.4967157101534341,100.0,0.2966664632161458,0.34607335990391797,0.30673808554587606,66.66666666666666
FATIMA,5,2023-09-25,2026-08-20,2026-08-21,2026-09-04,2.056511932437085,2.6058871705899502,1.3065926741900367,66.66666666666666,0.8266703287760416,0.9568018687846436,0.5242207622926077,66.66666666666666
FCCL,5,2023-09-25,2026-08-20,2026-08-21,2026-09-04,1.0866956578307334,1.0898078982494785,1.9032249674894124,33.33333333333333,1.0433336893717424,1.0656612305212436,1.8279419406938353,33.33333333333333
FFC,5,2023-09-25,2026-08-20,2026-08-21,2026-09-04,1.6057756471952114,2.0372329156797613,0.2934585989705834,33.33333333333333,1.8566691080729167,2.0897372812857524,0.338686561821296,66.66666666666666
FFL,5,2023-09-25,2026-08-20,2026-08-21,2026-09-04,0.15110723652939306,0.18168210605276555,0.9545367568807583,33.33333333333333,0.17000007629394473,0.18574189997382837,1.073160386609813,33.33333333333333
FHAM,5,2023-09-25,2026-08-20,2026-08-21,2026-09-04,0.28302897061318316,0.33718751727756485,0.8671953054610682,66.66666666666666,0.35666529337565106,0.36133870902567433,1.0898290131387924,0.0
GADT,5,2023-09-25,2026-08-20,2026-08-21,2026-09-04,4.695746010149985,5.502182344514791,1.4608562222412418,33.33333333333333,5.256663004557292,6.629974908344072,1.6305876024691488,33.33333333333333
GAL,5,2023-09-25,2026-08-20,2026-08-21,2026-09-04,9.87514885968633,12.61154579024854,1.5416584485048896,44.44444444444444,9.875555555555568,12.178979158095883,1.5394762929399104,44.44444444444444
GATM,5,2023-09-25,2026-08-20,2026-08-21,2026-09-04,0.22997411543254506,0.2481672871146321,0.9397093688005271,33.33333333333333,0.12999979654947916,0.14271131051700928,0.5313396499627732,66.66666666666666
GHGL,5,2023-09-25,2026-08-20,2026-08-21,2026-09-04,0.8974227910151384,1.067868401516918,2.0869560729772374,100.0,1.0300013224283877,1.228048142375696,2.3944982493395623,0.0
GHNI,5,2023-09-25,2026-08-20,2026-08-21,2026-09-04,12.961710927920649,13.438818591759581,0.9985258950843295,33.33333333333333,11.676676432291666,13.378949365848019,0.8979835223535321,33.33333333333333
GLAXO,5,2023-09-25,2026-08-20,2026-08-21,2026-09-04,3.5024476920019274,4.329157884860409,1.0251000971341022,33.33333333333333,2.4633382161458335,3.0794124475565487,0.7210392441698029,33.33333333333333
HALEON,5,2023-09-25,2026-08-20,2026-08-21,2026-09-04,10.417504572384738,11.136034082641533,1.4439967182596798,0.0,3.586669921875,4.626547372798202,0.4969246045836065,66.66666666666666
HBL,5,2023-09-25,2026-08-20,2026-08-21,2026-09-04,2.10198767070807,2.3103875784665293,0.6589335333642804,33.33333333333333,1.5400085449218561,1.8522629191862292,0.48137546138598064,33.33333333333333
HCAR,5,2023-09-25,2026-08-20,2026-08-21,2026-09-04,1.643870107699513,1.8955291827104048,0.7212435437736334,66.66666666666666,0.5266672770182103,0.5857207446382918,0.2313566510719169,33.33333333333333
HGFA,5,2023-09-25,2026-08-20,2026-08-21,2026-09-04,0.23553924361243617,0.2513948298079311,1.610084366739015,66.66666666666666,0.12999979654947916,0.18193374506584337,0.8962224016307496,0.0
HINOON,5,2023-09-25,2026-08-20,2026-08-21,2026-09-04,16.634923121389875,17.431301216978,1.7235648568856838,0.0,10.653340657552084,11.490039524268042,1.1037851303347799,66.66666666666666
HMB,5,2023-09-25,2026-08-20,2026-08-21,2026-09-04,2.0175177970859246,2.1716608530020483,1.9637525792232424,0.0,1.2866668701171828,1.5419921500662233,1.2507744409873982,66.66666666666666
HUBC,5,2023-09-25,2026-08-20,2026-08-21,2026-09-04,1.0407197202791185,1.1859000286666537,0.4972810103257161,66.66666666666666,1.436665852864536,2.016874046751441,0.6839948184599901,0.0
HUMNL,5,2023-09-25,2026-08-20,2026-08-21,2026-09-04,0.13849846785186948,0.20999436941405697,1.3556343877398416,33.33333333333333,0.11333306630452533,0.14071216916415835,1.1070747042503652,33.33333333333333
IBFL,5,2023-09-25,2026-08-20,2026-08-21,2026-09-04,2.2991630294563947,2.8294075582909657,0.866759575022393,33.33333333333333,0.05999755859375,0.07348170218371167,0.022618824401911923,0.0
ILP,5,2023-09-25,2026-08-20,2026-08-21,2026-09-04,0.5111204517095965,0.535738437755951,0.5077228747642126,66.66666666666666,0.30000050862630206,0.32680480322939987,0.2980117379507562,66.66666666666666
INDU,5,2023-09-25,2026-08-20,2026-08-21,2026-09-04,9.068955083736606,9.383980534427836,0.46581183273862087,0.0,4.1966552734375,5.158326374889183,0.21543500297293447,66.66666666666666
INIL,5,2023-09-25,2026-08-20,2026-08-21,2026-09-04,3.613554973133432,3.6720754707193985,2.0789103495312067,0.0,1.5966695149739583,1.8475691377533239,0.9167752536980797,66.66666666666666
ISL,5,2023-09-25,2026-08-20,2026-08-21,2026-09-04,1.6496728345576532,2.2174191419917886,1.7404682298196323,33.33333333333333,1.5099995930989583,1.9996752543988476,1.5989668261855852,66.66666666666666
JDWS,5,2023-09-25,2026-08-20,2026-08-21,2026-09-04,3.3788090197037186,3.519899296853475,0.37253366583843,66.66666666666666,4.146687825520833,5.099915239484482,0.4577619082887184,0.0
JVDC,5,2023-09-25,2026-08-20,2026-08-21,2026-09-04,1.7402750485707656,2.061986881548935,1.212619796104554,66.66666666666666,1.3266652425130208,1.6035334924756763,0.9253187560073981,0.0
KAPCO,5,2023-09-25,2026-08-20,2026-08-21,2026-09-04,0.110982201207662,0.1411837380818953,0.39916869686363105,33.33333333333333,0.11333338419596355,0.12301774208720428,0.4071940388118216,33.33333333333333
KEL,5,2023-09-25,2026-08-20,2026-08-21,2026-09-04,0.1100102593347474,0.11005401961458704,1.5422210126967324,33.33333333333333,0.02000013987223337,0.021602595548491126,0.28018021342736515,33.33333333333333
KOHC,5,2023-09-25,2026-08-20,2026-08-21,2026-09-04,0.6754968953255277,0.9051018531760365,0.6921669057174095,100.0,0.5933354695637973,0.8736898441048057,0.6082173925645186,66.66666666666666
KTML,5,2023-09-25,2026-08-20,2026-08-21,2026-09-04,0.8726898003193758,1.0904821467231824,2.0307593541421465,100.0,1.2166671752929712,1.3930665517935492,2.842877888594182,66.66666666666666
LCI,5,2023-09-25,2026-08-20,2026-08-21,2026-09-04,0.7314462464240327,0.8287379841964093,0.3274782559839372,33.33333333333333,0.5233256022135416,0.5963426025159799,0.23434134821009822,0.0
LOTCHEM,5,2023-09-25,2026-08-20,2026-08-21,2026-09-04,0.27309592906029323,0.3868700875343604,0.9706662753326606,66.66666666666666,0.32000033060709754,0.42402885991409156,1.140618355881739,33.33333333333333
LUCK,5,2023-09-25,2026-08-20,2026-08-21,2026-09-04,2.7221277139209406,2.876639322237533,0.6165824123457185,0.0,1.6100056966146212,1.864059529118322,0.3644071067184262,0.0
MARI,5,2023-09-25,2026-08-20,2026-08-21,2026-09-04,4.614108797137305,4.735572035791773,0.6899686696694028,33.33333333333333,3.586669921875,3.59711267497771,0.5370372345201846,66.66666666666666
MCB,5,2023-09-25,2026-08-20,2026-08-21,2026-09-04,2.413107745573749,3.049121009290599,0.6012873388287997,66.66666666666666,2.60333251953125,3.0351694900267865,0.6483340608659474,33.33333333333333
MEBL,5,2023-09-25,2026-08-20,2026-08-21,2026-09-04,6.863182418850556,8.357743186535714,1.2024019364676028,66.66666666666666,5.196675618489583,5.492164253630624,0.9096394179974395,16.666666666666664
MEHT,5,2023-09-25,2026-08-20,2026-08-21,2026-09-04,2.073126123098215,2.3649436161646533,1.4391587182039096,33.33333333333333,1.2999979654947917,1.556296697821036,0.9045391240537616,0.0
MLCF,5,2023-09-25,2026-08-20,2026-08-21,2026-09-04,2.082641183952864,2.3419502721622836,2.033388429839574,66.66666666666666,2.2833328247070455,2.5276652125239485,2.234123940256462,33.33333333333333
MTL,5,2023-09-25,2026-08-20,2026-08-21,2026-09-04,6.402921916809039,7.692977680660991,2.12001830683807,33.33333333333333,2.5933329264322915,3.2505173329212647,0.8550778985917319,33.33333333333333
MUGHAL,5,2023-09-25,2026-08-20,2026-08-21,2026-09-04,0.789138619932146,0.8138081020452084,1.0046592026491643,0.0,0.47333526611328125,0.4944373779598163,0.6026927053050276,33.33333333333333
MUREB,5,2023-09-25,2026-08-20,2026-08-21,2026-09-04,11.301667812576246,13.263227292864405,1.224498915580611,33.33333333333333,7.3999837239582575,8.840291185415385,0.7988783782179038,33.33333333333333
NATF,5,2023-09-25,2026-08-20,2026-08-21,2026-09-04,3.7508180685617845,3.78176890185248,1.010829581058351,66.66666666666666,1.6333414713541667,2.4556004329773184,0.44026896345677285,33.33333333333333
NBP,5,2023-09-25,2026-08-20,2026-08-21,2026-09-04,5.4346492713520815,8.287724659799556,2.8548816493087945,0.0,4.58666483561196,7.658491037876149,2.423535501920805,66.66666666666666
NESTLE,5,2023-09-25,2026-08-20,2026-08-21,2026-09-04,12.84901410387829,14.2280032176496,0.171020558185979,33.33333333333333,14.430013020833334,17.81364513530974,0.19188650690501075,33.33333333333333
NML,5,2023-09-25,2026-08-20,2026-08-21,2026-09-04,0.8628210783008399,1.0450251414290002,0.5978652358289755,100.0,0.3299967447916856,0.35378659912024885,0.22879217182899228,66.66666666666666
NRL,5,2023-09-25,2026-08-20,2026-08-21,2026-09-04,22.01727398695948,23.913220359012307,4.471028998325861,0.0,16.716654459635418,18.917554840743065,3.4109799239319267,66.66666666666666
OGDC,5,2023-09-25,2026-08-20,2026-08-21,2026-09-04,3.4310443603299254,3.5354042549290856,1.045664704903472,100.0,4.159993489583353,4.233628244626746,1.268529140158379,33.33333333333333
PABC,5,2023-09-25,2026-08-20,2026-08-21,2026-09-04,1.067307517624613,1.2009656362986234,1.0452503332870877,33.33333333333333,0.2933349609375,0.41109848374667435,0.287211890440094,33.33333333333333
PAEL,5,2023-09-25,2026-08-20,2026-08-21,2026-09-04,0.4532741817524766,0.5599061346303685,1.1144851623996588,33.33333333333333,0.3366661071777344,0.38957181721497675,0.8245830073404801,33.33333333333333
PAKT,5,2023-09-25,2026-08-20,2026-08-21,2026-09-04,6.18878908258436,8.099368381395896,0.4456529397155598,100.0,5.603352864583333,8.51053888454171,0.4029693570324429,0.0
PGLC,5,2023-09-25,2026-08-20,2026-08-21,2026-09-04,2.117528879471442,2.3641067404366614,12.685896084934297,0.0,1.2166665395100924,1.420997014854752,7.285348551405203,66.66666666666666
PIBTL,5,2023-09-25,2026-08-20,2026-08-21,2026-09-04,0.07233187093144504,0.1006504539942722,0.4425945486934273,66.66666666666666,0.03999964396158854,0.043204749642833266,0.24439767863349496,0.0
PIOC,5,2023-09-25,2026-08-20,2026-08-21,2026-09-04,1.9100606371018216,2.33972710875321,0.7187419010197732,66.66666666666666,1.4300130208333524,1.7858330341397943,0.536692292007841,0.0
PKGS,5,2023-09-25,2026-08-20,2026-08-21,2026-09-04,6.199063574261004,7.387372270641299,0.7693057702569455,33.33333333333333,6.193339029947879,6.99981746646689,0.7697872043821111,33.33333333333333
POL,5,2023-09-25,2026-08-20,2026-08-21,2026-09-04,9.714321710550015,14.105117746177658,1.3075584949787686,66.66666666666666,9.889994303385341,14.362880181815013,1.331206595384595,66.66666666666666
POWER,5,2023-09-25,2026-08-20,2026-08-21,2026-09-04,0.7022328267521516,0.8443753274988632,3.0151362313557852,33.33333333333333,0.7000001271565756,0.8288948422725059,3.0050727377941278,33.33333333333333
PPL,5,2023-09-25,2026-08-20,2026-08-21,2026-09-04,4.075299905569675,4.238372328773591,1.6891471745056947,66.66666666666666,4.343332926432254,4.628595546446524,1.79758465872138,33.33333333333333
PRL,5,2023-09-25,2026-08-20,2026-08-21,2026-09-04,2.8565625410155917,3.6928463349945266,3.2492093147311523,33.33333333333333,2.753331502278646,3.3039276633394543,3.108549146406153,0.0
PSEL,5,2023-09-25,2026-08-20,2026-08-21,2026-09-04,9.887781850013843,12.974456735303942,1.104688554327042,33.33333333333333,9.456644694010455,12.039893018383571,1.0564670165634824,33.33333333333333
PSO,5,2023-09-25,2026-08-20,2026-08-21,2026-09-04,4.529352553829085,5.727583208613705,1.2414608845283452,16.666666666666664,3.0216623942057104,4.711051586636828,0.8301791791873305,50.0
PSX,5,2023-09-25,2026-08-20,2026-08-21,2026-09-04,0.7714131771805744,1.041571370408289,1.537756103582686,66.66666666666666,0.8499997456868513,1.0343591437690263,1.687451234697844,33.33333333333333
PTC,5,2023-09-25,2026-08-20,2026-08-21,2026-09-04,0.7192835466924711,0.9356952675298811,1.0252628748335328,33.33333333333333,0.35333251953125,0.4795120747660731,0.5034337553175399,66.66666666666666
RMPL,5,2023-09-25,2026-08-20,2026-08-21,2026-09-04,73.17627375743662,74.08491280935681,0.7901290309835184,100.0,88.94986979166667,90.06464724216846,0.9601781796277633,0.0
SAZEW,5,2023-09-25,2026-08-20,2026-08-21,2026-09-04,18.735074825027066,19.05338365943696,1.0006677187985584,33.33333333333333,18.723347981770832,24.470569710706922,0.9932126203055275,33.33333333333333
SCBPL,5,2023-09-25,2026-08-20,2026-08-21,2026-09-04,0.25253354310189025,0.28295084144219934,0.3791691784873742,66.66666666666666,0.279998779296875,0.4304251551963596,0.4187703721514598,33.33333333333333
SEARL,5,2023-09-25,2026-08-20,2026-08-21,2026-09-04,0.8261152821516285,0.9122319502074774,0.9287976053297872,33.33333333333333,0.5666681925455729,0.6689795988089349,0.6373292644628585,66.66666666666666
SHFA,5,2023-09-25,2026-08-20,2026-08-21,2026-09-04,4.235912819892595,4.255016498002093,0.8623678267532424,33.33333333333333,1.86334228515625,1.9880617696025846,0.37945339361716623,33.33333333333333
SNGP,5,2023-09-25,2026-08-20,2026-08-21,2026-09-04,0.6268637357675431,0.8090621206410336,0.6116750850705569,100.0,0.8366648356119839,0.9958730842198723,0.814691802343171,33.33333333333333
SRVI,5,2023-09-25,2026-08-20,2026-08-21,2026-09-04,6.421549931059879,7.460429922647684,3.0304941571620216,0.0,4.0207481384277415,5.7694035571720335,1.8902573975934627,25.0
SSGC,5,2023-09-25,2026-08-20,2026-08-21,2026-09-04,0.46239151549552204,0.5565808821085251,1.6384444503013624,0.0,0.38666661580403766,0.5041821928972683,1.3698645096840558,33.33333333333333
SYS,5,2023-09-25,2026-08-20,2026-08-21,2026-09-04,2.300957719454047,2.324036196591147,1.8456787303357263,33.33333333333333,1.909998575846359,1.9334322033755063,1.528616681491997,66.66666666666666
TGL,5,2023-09-25,2026-08-20,2026-08-21,2026-09-04,2.0515556484045496,2.1539987916605097,1.1416572317292937,33.33333333333333,1.013336181640625,1.1481904319040739,0.5650214178147951,33.33333333333333
THALL,5,2023-09-25,2026-08-20,2026-08-21,2026-09-04,6.553923183123213,9.205329704500253,1.1895071813718623,100.0,11.42999267578125,12.351804954938817,2.0983175775859535,66.66666666666666
TRG,5,2023-09-25,2026-08-20,2026-08-21,2026-09-04,1.640346547882018,2.064749267781645,2.9208374726705304,66.66666666666666,1.7633336385091145,2.0734916301945505,3.1349277350092866,66.66666666666666
UBL,5,2023-09-25,2026-08-20,2026-08-21,2026-09-04,5.785202365784528,7.924609934859899,1.2919126701829744,100.0,5.499989827473978,7.224773030710478,1.2053122981835105,33.33333333333333
UPFL,5,2023-09-25,2026-08-20,2026-08-21,2026-09-04,313.80689630669195,486.35698149500524,1.212767636023903,33.33333333333333,281.1334635416679,432.86165087116865,1.0867275001583214,33.33333333333333
WAFI,5,2023-09-25,2026-08-20,2026-08-21,2026-09-04,2.8736164522171004,3.837880494637986,1.661428997240429,22.22222222222222,2.347777777777771,3.239236878580433,1.3502527405123559,66.66666666666666
YOUW,5,2023-09-25,2026-08-20,2026-08-21,2026-09-04,0.02803707357810481,0.03381314756074392,0.5441667504676877,66.66666666666666,0.026666641235351562,0.02943922880411824,0.5171765500381413,33.33333333333333
