ticker,window_idx,train_start,train_end,test_start,test_end,mae,rmse,mape,directional_accuracy,naive_mae,naive_rmse,naive_mape,naive_directional_accuracy
ABL,0,2022-08-01,2025-06-23,2025-06-24,2025-09-15,9.019183706255646,10.994626101517861,5.510705356791061,59.32203389830508,2.8072773561639313,4.334493566583452,1.777206919466806,52.54237288135594
ABOT,0,2022-08-01,2025-06-23,2025-06-24,2025-09-15,15523.432440765882,16094.069073463404,1436.4104015838623,54.23728813559322,10.49490304720604,15.9200700634927,0.9814795020520231,42.3728813559322
AGP,0,2022-08-01,2025-06-23,2025-06-24,2025-09-15,169.42519757934525,175.56764332550804,88.64432133476579,52.54237288135594,2.1276281324483555,3.104853038714137,1.1185975734685405,47.45762711864407
AHCL,0,2022-08-01,2025-06-23,2025-06-24,2025-09-15,1.4801121625619318,1.6898390853150929,12.42872783066727,35.59322033898305,0.15635626194840785,0.23980121973252969,1.3551746494832453,45.76271186440678
AICL,0,2022-08-01,2025-06-23,2025-06-24,2025-09-15,6.455203137036185,7.31773333217032,9.697222086207809,47.45762711864407,1.324596081749868,2.033801158893641,2.0803061362282387,59.32203389830508
AIRLINK,0,2022-08-01,2025-06-23,2025-06-24,2025-09-15,12.126257170451689,14.424358981671775,8.550326632977391,40.67796610169492,2.306355363231594,3.394743531624281,1.5703895824829937,55.932203389830505
AKBL,0,2022-08-01,2025-06-23,2025-06-24,2025-09-15,11.67821322675124,13.557093277741414,17.07846510300706,42.3728813559322,1.094206405898272,1.5499563690230063,1.7476832277460874,42.3728813559322
APL,0,2022-08-01,2025-06-23,2025-06-24,2025-09-15,13.309932388855428,14.628638460558571,2.7206858470905964,47.45762711864407,3.9305569923530173,5.455790772454037,0.8044063587951183,55.932203389830505
ASTL,0,2022-08-01,2025-06-23,2025-06-24,2025-09-15,0.7361418547402764,1.0809485604320224,3.077036271804167,40.67796610169492,0.3601695238533666,0.5909816047003318,1.520897110221572,45.76271186440678
ATLH,0,2022-08-01,2025-06-23,2025-06-24,2025-09-15,38.27574292316492,48.79956092041759,3.5768059663249265,45.76271186440678,12.598211773371302,20.054906800941453,1.1523089678457534,52.54237288135594
ATRL,0,2022-08-01,2025-06-23,2025-06-24,2025-09-15,107.49698742701804,112.07433796805277,16.297984323501503,45.76271186440678,6.224021782309322,8.035354263432112,0.9381275185643458,35.59322033898305
AVN,0,2022-08-01,2025-06-23,2025-06-24,2025-09-15,5.011746638942143,5.238136970423517,10.382391386805267,45.76271186440678,0.4547872381695245,0.7283093802104533,0.93197937831557,44.06779661016949
BAFL,0,2022-08-01,2025-06-23,2025-06-24,2025-09-15,5.754891065605057,6.436233051436895,6.688490380636794,66.10169491525424,1.0715387635311846,1.4606016906944113,1.2502891831613774,45.76271186440678
BAHL,0,2022-08-01,2025-06-23,2025-06-24,2025-09-15,6.320607932400636,7.712827239112347,3.8216980907904436,50.847457627118644,2.9566435733083956,4.075118130200284,1.7563216055374018,49.152542372881356
BNWM,0,2022-08-01,2025-06-23,2025-06-24,2025-09-15,21.84133582233632,25.65559081795716,27.305679025508432,62.71186440677966,3.136271460581634,4.3906009906227474,3.7301145195777883,54.23728813559322
BOP,0,2022-08-01,2025-06-23,2025-06-24,2025-09-15,1.0835197296555654,1.5298264027763036,7.472338961745116,37.28813559322034,0.26438703375347633,0.4196826666719877,1.937115527200704,54.23728813559322
BWCL,0,2022-08-01,2025-06-23,2025-06-24,2025-09-15,216.24558467923848,224.5411709487928,47.44173366610853,62.71186440677966,3.735160698324954,6.857263881708412,0.8095271280753392,57.6271186440678
CHCC,0,2022-08-01,2025-06-23,2025-06-24,2025-09-15,20.608300161492124,23.470332946766813,6.914642177906695,59.32203389830508,4.346530720338977,5.885851545631227,1.3827673038289352,49.152542372881356
CNERGY,0,2022-08-01,2025-06-23,2025-06-24,2025-09-15,2.4337365770909467,2.532270172390714,34.212047160295015,45.76271186440678,0.07355930037417654,0.10188059801477346,1.0304450741557927,32.20338983050847
COLG,0,2022-08-01,2025-06-23,2025-06-24,2025-09-15,857.5918672153279,888.5571470201272,68.34944025159754,57.6271186440678,3.6127598649364483,6.121671436572483,0.28967291527470257,38.983050847457626
CPHL,0,2022-08-01,2025-06-23,2025-06-24,2025-09-15,6.749101958846678,7.7577396734603985,8.105738288351578,62.71186440677966,1.3171187578621553,1.9402598028614688,1.5201166032130695,50.847457627118644
DCR,0,2022-08-01,2025-06-23,2025-06-24,2025-09-15,1.5369326754318837,1.961132698280324,5.318682122976311,47.45762711864407,0.18968171588445137,0.37975804919352496,0.6708184988712917,45.76271186440678
DGKC,0,2022-08-01,2025-06-23,2025-06-24,2025-09-15,9.036228437577535,11.362075263311343,4.6417687646475265,44.06779661016949,2.9177618511652494,4.723967132428563,1.5130681800119459,54.23728813559322
DHPL,0,2022-08-01,2025-06-23,2025-06-24,2025-09-15,291.05173910173676,370.8757023751523,666.8770928574478,49.152542372881356,0.7286440677966098,0.9947242186588409,1.7356408243515136,35.59322033898305
EFERT,0,2022-08-01,2025-06-23,2025-06-24,2025-09-15,24.05283580996106,25.19662761389044,12.382278926151553,50.847457627118644,2.610077938791047,3.501256819521116,1.3409989936482636,50.847457627118644
ENGROH,0,2022-08-01,2025-06-23,2025-06-24,2025-09-15,34.08392496245571,35.924734087543264,16.096408866223914,52.54237288135594,3.0372881355932213,4.279523971626846,1.419455275703882,55.932203389830505
EPCL,0,2022-08-01,2025-06-23,2025-06-24,2025-09-15,67.4249752978821,70.06199669736073,218.54969614789047,45.76271186440678,0.4266103647523005,0.6548346617723098,1.3796107838206133,49.152542372881356
FABL,0,2022-08-01,2025-06-23,2025-06-24,2025-09-15,9.618472780391317,10.25142693095837,13.385838357959376,50.847457627118644,1.0905924005023504,1.7085252000008402,1.553274482204143,45.76271186440678
FATIMA,0,2022-08-01,2025-06-23,2025-06-24,2025-09-15,10.027187473328132,12.036328606287125,8.737720126767586,44.06779661016949,1.6039592936887566,2.2769586296332838,1.4766261927231807,54.23728813559322
FCCL,0,2022-08-01,2025-06-23,2025-06-24,2025-09-15,5.5387023895833405,6.834346343441955,10.666800439219683,49.152542372881356,0.7153228501142086,1.0858398768964537,1.3987127484300923,45.76271186440678
FFC,0,2022-08-01,2025-06-23,2025-06-24,2025-09-15,135.61446642264585,140.83348473651154,33.55590757770392,45.76271186440678,4.272358522576797,5.918208027522052,1.0669719367131498,52.54237288135594
FFL,0,2022-08-01,2025-06-23,2025-06-24,2025-09-15,0.7163150068454925,1.0195562253770174,4.118295007729594,49.152542372881356,0.18745761806681957,0.2747386443268212,1.1171806702554266,55.932203389830505
FHAM,0,2022-08-01,2025-06-23,2025-06-24,2025-09-15,2.692161131597373,3.067836234362611,10.686940557341908,61.016949152542374,0.5686324491339207,0.7590408326778975,2.164621007018833,40.67796610169492
GADT,0,2022-08-01,2025-06-23,2025-06-24,2025-09-15,132.87753617385226,182.76364120554922,28.13554580298876,62.71186440677966,13.556610624668957,18.84747595085155,3.0057716382255983,59.32203389830508
GAL,0,2022-08-01,2025-06-23,2025-06-24,2025-09-15,67.60883438262907,89.67565414948614,12.242641084421457,55.932203389830505,9.325932203389836,13.79974496202553,1.854344149476365,49.152542372881356
GATM,0,2022-08-01,2025-06-23,2025-06-24,2025-09-15,3.873991956617795,4.5524114247192795,10.977633284975987,52.54237288135594,0.6688137701002224,0.9498279555004822,2.0033493646677827,59.32203389830508
GHGL,0,2022-08-01,2025-06-23,2025-06-24,2025-09-15,4.125461008539859,4.74260542474392,10.252559026685557,50.847457627118644,0.8391046039128709,1.1595723957517607,2.1151914812101253,57.6271186440678
GHNI,0,2022-08-01,2025-06-23,2025-06-24,2025-09-15,50.23845485568643,57.0006441927364,6.468228665459811,55.932203389830505,11.94450042207362,16.595094238039945,1.5416661962054408,37.28813559322034
GLAXO,0,2022-08-01,2025-06-23,2025-06-24,2025-09-15,7869.360366003926,8154.179530526244,2006.199706700082,44.06779661016949,4.224725238347454,5.577895494596324,1.0817819399136626,45.76271186440678
HALEON,0,2022-08-01,2025-06-23,2025-06-24,2025-09-15,30.97132217741948,37.413103580284115,3.7907197017451217,42.3728813559322,8.68672516386388,12.401732476600262,1.0921611581757982,54.23728813559322
HBL,0,2022-08-01,2025-06-23,2025-06-24,2025-09-15,22.47621380715979,27.095851535094983,9.665451165588063,59.32203389830508,4.068187390343619,5.445102870970668,1.945626466932834,50.847457627118644
HCAR,0,2022-08-01,2025-06-23,2025-06-24,2025-09-15,24.261620194892842,26.5765256346497,8.590556612288195,55.932203389830505,2.4025009931144066,3.449231507418347,0.8453604293664967,61.016949152542374
HGFA,0,2022-08-01,2025-06-23,2025-06-24,2025-09-15,6.121482162899775,7.877000682658903,44.19016066135774,40.35087719298245,0.31653693684360457,0.4665522175375645,2.4784250088535713,50.877192982456144
HINOON,0,2022-08-01,2025-06-23,2025-06-24,2025-09-15,12890.067612414496,13372.54899025569,1206.441494600946,49.152542372881356,10.000677593683788,13.18987045775279,0.9479947842234138,57.6271186440678
HMB,0,2022-08-01,2025-06-23,2025-06-24,2025-09-15,8.533581628025884,9.218173981864739,8.480815319475377,42.3728813559322,1.4324056334414703,1.9490889852194897,1.440286182991984,49.152542372881356
HUBC,0,2022-08-01,2025-06-23,2025-06-24,2025-09-15,4.881735236952522,6.805863871714725,3.31477341392373,59.32203389830508,1.974093808966167,2.9207359374161723,1.350634770634562,52.54237288135594
HUMNL,0,2022-08-01,2025-06-23,2025-06-24,2025-09-15,2.2682689310139255,2.5505775011106167,15.985862504232246,54.23728813559322,0.24564384201825662,0.3651159000222392,1.7661151956930778,49.152542372881356
IBFL,0,2022-08-01,2025-06-23,2025-06-24,2025-09-15,18.910201053307684,22.525405301567755,5.765446777163221,25.423728813559322,3.2254235219147267,5.6748966549012705,0.9924288334849788,30.508474576271187
ILP,0,2022-08-01,2025-06-23,2025-06-24,2025-09-15,793.9823726959979,823.6606338385374,1136.1568395916133,52.54237288135594,1.1115224805928894,1.6243009163352589,1.5762396734093937,59.32203389830508
INDU,0,2022-08-01,2025-06-23,2025-06-24,2025-09-15,291.39509644745266,312.5363727184942,14.727457073544715,35.59322033898305,19.434096514168427,28.882460073739445,1.0232265534487324,59.32203389830508
INIL,0,2022-08-01,2025-06-23,2025-06-24,2025-09-15,14.104682655293708,16.473052857964166,7.251811656116717,45.76271186440678,3.9167896852654867,5.34374472810458,2.023240716468648,44.06779661016949
ISL,0,2022-08-01,2025-06-23,2025-06-24,2025-09-15,32.25599352470297,36.3657450083323,30.355181612433928,49.152542372881356,1.6670312396550582,2.409624706155687,1.6406379559547497,59.32203389830508
JDWS,0,2022-08-01,2025-06-23,2025-06-24,2025-09-15,56.744073982956614,65.45238466663257,6.53500130095513,42.3728813559322,8.752935894465047,11.504168676207726,0.9982557089520503,37.28813559322034
JVDC,0,2022-08-01,2025-06-23,2025-06-24,2025-09-15,11.771219431857508,17.27864717664236,15.188723753963382,50.847457627118644,1.5215160563840704,2.3133188172292667,2.046273401997949,55.932203389830505
KAPCO,0,2022-08-01,2025-06-23,2025-06-24,2025-09-15,407.348638766999,422.9631054881317,1326.559470103702,44.06779661016949,0.17092019420559118,0.250989623524827,0.5515117111894295,44.06779661016949
KEL,0,2022-08-01,2025-06-23,2025-06-24,2025-09-15,0.5342222473593495,0.5625147172861177,10.262158598717882,44.06779661016949,0.07440676931607523,0.09810921083323977,1.4113591583488008,47.45762711864407
KOHC,0,2022-08-01,2025-06-23,2025-06-24,2025-09-15,165.3382223028125,221.1857664320158,41.99712455473271,50.0,22.755000178019205,82.92909895077301,15.641744942921129,48.333333333333336
KTML,0,2022-08-01,2025-06-23,2025-06-24,2025-09-15,39.49594410738593,65.16329511963725,37.74180903468548,48.333333333333336,14.097151120503744,43.990298911348155,16.537665958631717,50.0
LCI,0,2022-08-01,2025-06-23,2025-06-24,2025-09-15,934.1106081897436,1319.8413615630823,216.2173627768797,59.32203389830508,31.404290150787872,181.00573986721113,8.060838957789521,62.71186440677966
LOTCHEM,0,2022-08-01,2025-06-23,2025-06-24,2025-09-15,11.131021861503964,12.30450187993886,63.769452851004374,49.152542372881356,0.21304811057397863,0.36971274881402844,1.1887810721638918,54.23728813559322
LUCK,0,2022-08-01,2025-06-23,2025-06-24,2025-09-15,546.9041194694944,568.9976635229683,139.8130522354536,40.67796610169492,4.738612805382683,6.511334932442552,1.1997462522814815,57.6271186440678
MARI,0,2022-08-01,2025-06-23,2025-06-24,2025-09-15,29.209606373114877,37.46743134239264,4.792263257193554,42.3728813559322,5.921723963850634,8.879507599136232,0.9588162476144104,55.932203389830505
MCB,0,2022-08-01,2025-06-23,2025-06-24,2025-09-15,43.3394539444137,46.74213513066653,13.748273808169161,49.152542372881356,3.5327440682104077,5.233769838389274,1.1669829223880903,45.76271186440678
MEBL,0,2022-08-01,2025-06-23,2025-06-24,2025-09-15,21414.711450494324,22223.51702010029,6074.207827189836,35.59322033898305,4.372249279992054,5.82593121203586,1.244912027315293,52.54237288135594
MEHT,0,2022-08-01,2025-06-23,2025-06-24,2025-09-15,22.648010582518683,35.94899810174736,6.220766669120294,55.932203389830505,6.403728937698624,10.155914447791739,1.7589581078617005,52.54237288135594
MLCF,0,2022-08-01,2025-06-23,2025-06-24,2025-09-15,9.315264554618471,10.854983558541544,10.863477802832511,59.32203389830508,1.28830525026483,1.7482906197560655,1.4011605075975146,47.45762711864407
MTL,0,2022-08-01,2025-06-23,2025-06-24,2025-09-15,327.9327689629892,339.9691257395864,59.68357065889928,55.932203389830505,3.861548472259002,6.091946125837433,0.700575643199999,50.847457627118644
MUGHAL,0,2022-08-01,2025-06-23,2025-06-24,2025-09-15,4.932058325438819,6.286506701409621,6.571441888608448,42.3728813559322,1.2223734451552568,1.8386526536052326,1.6531562623141407,54.23728813559322
MUREB,0,2022-08-01,2025-06-23,2025-06-24,2025-09-15,95.23156209757599,105.13103686355588,10.217059076980647,49.152542372881356,10.094971737619176,16.64593315984562,1.109668737834097,50.847457627118644
NATF,0,2022-08-01,2025-06-23,2025-06-24,2025-09-15,37.725022989897646,41.587724823611914,11.513989956656992,50.847457627118644,6.7154442738678535,9.26874264327315,2.039154112848367,47.45762711864407
NBP,0,2022-08-01,2025-06-23,2025-06-24,2025-09-15,13.45861661131719,18.208825754618186,10.649459681643684,40.67796610169492,1.9744188987602627,3.0056872480010215,1.6659472772258508,35.59322033898305
NESTLE,0,2022-08-01,2025-06-23,2025-06-24,2025-09-15,650.4447872580246,832.2102061748716,8.638306939814738,57.6271186440678,100.50988976430082,183.0060636736016,1.3082383455254698,55.932203389830505
NML,0,2022-08-01,2025-06-23,2025-06-24,2025-09-15,8.165756210938682,9.92140992772972,5.626578205417792,52.54237288135594,2.365866321628376,3.231865734086269,1.6782144585703744,45.76271186440678
NRL,0,2022-08-01,2025-06-23,2025-06-24,2025-09-15,16.25533962799096,19.095001383849322,5.953557748314793,49.152542372881356,6.025590540999077,8.993476259439129,2.1808059915476883,45.76271186440678
OGDC,0,2022-08-01,2025-06-23,2025-06-24,2025-09-15,12.226044439201981,16.889224436331254,5.223114463499963,50.847457627118644,2.5466029280323084,3.978635046421887,1.0733656786442376,49.152542372881356
PABC,0,2022-08-01,2025-06-23,2025-06-24,2025-09-15,9.111856067759655,10.410664369466572,6.105729063096172,35.59322033898305,2.880508293539791,4.227053009628367,1.901048060753064,55.932203389830505
PAEL,0,2022-08-01,2025-06-23,2025-06-24,2025-09-15,2.7807149800629283,3.2343094216359027,6.458135537817085,54.23728813559322,0.8098303584729215,1.2093534576734002,1.7472962786851114,50.847457627118644
PAKT,0,2022-08-01,2025-06-23,2025-06-24,2025-09-15,87.9541383742719,123.41764662895122,7.306054360699231,49.152542372881356,14.122194451800839,19.701717505666473,1.2012468872375384,42.3728813559322
PGLC,0,2022-08-01,2025-06-23,2025-06-24,2025-09-15,1.1965990690940034,1.7506491058422975,5.871008542528603,49.152542372881356,0.4428813740358514,0.675125828569023,2.155373333193044,42.3728813559322
PIBTL,0,2022-08-01,2025-06-23,2025-06-24,2025-09-15,3.291430480626548,4.000602996421436,28.9929789443486,47.45762711864407,0.23372873209290584,0.33307751960300164,2.1594579268061196,44.06779661016949
PIOC,0,2022-08-01,2025-06-23,2025-06-24,2025-09-15,8.770692467398648,10.365608800657334,3.849293427909849,47.45762711864407,3.1534576416015576,4.143914927420615,1.3676655548894527,59.32203389830508
PKGS,0,2022-08-01,2025-06-23,2025-06-24,2025-09-15,27.78094122964867,30.677654245496576,4.397202495399082,47.45762711864407,9.022231797040526,11.208869077109084,1.4688249544480378,55.932203389830505
POL,0,2022-08-01,2025-06-23,2025-06-24,2025-09-15,10.477501778034833,12.287441016089826,1.8765447153131953,42.3728813559322,3.8589725817664235,6.771388698026307,0.6917507981929635,52.54237288135594
POWER,0,2022-08-01,2025-06-23,2025-06-24,2025-09-15,0.8854330595341205,1.0050833860013801,5.848901170646497,57.6271186440678,0.2388136265641553,0.3737737899969337,1.4592533460234067,44.06779661016949
PPL,0,2022-08-01,2025-06-23,2025-06-24,2025-09-15,17.18192558580904,21.493915398451634,9.82357584530839,44.06779661016949,2.056529934123412,2.8938712157296016,1.1969328793199512,45.76271186440678
PRL,0,2022-08-01,2025-06-23,2025-06-24,2025-09-15,22.971424782842305,23.755497028183974,71.59683160492469,44.06779661016949,0.3723730313575876,0.5455350154060434,1.144651227896571,45.76271186440678
PSEL,0,2022-08-01,2025-06-23,2025-06-24,2025-09-15,56.15165847057385,70.55005981970429,5.955054216134155,57.6271186440678,24.41474630064883,38.54272938832401,2.5627590945116867,55.932203389830505
PSO,0,2022-08-01,2025-06-23,2025-06-24,2025-09-15,60.48643781878219,63.39763232837607,15.413762272954173,47.45762711864407,4.371494616492313,5.759333916699396,1.1120367039892105,54.23728813559322
PSX,0,2022-08-01,2025-06-23,2025-06-24,2025-09-15,2.258836562241907,2.9246612930017815,7.074641532741499,54.23728813559322,0.56420180757167,0.7558741457539133,1.8241284061156073,49.152542372881356
PTC,0,2022-08-01,2025-06-23,2025-06-24,2025-09-15,28.543440763824684,29.546689493993977,120.8828230234268,38.983050847457626,0.42305096125198627,0.568766260493133,1.7806528201599146,49.152542372881356
RMPL,0,2022-08-01,2025-06-23,2025-06-24,2025-09-15,18340.368294334316,18990.9613810233,201.12845995639694,61.016949152542374,33.23637778072031,43.45247383720863,0.3640417769856482,40.67796610169492
SAZEW,0,2022-08-01,2025-06-23,2025-06-24,2025-09-15,960.7630332465545,995.9481167145519,71.22158230982896,49.152542372881356,19.224087989936443,30.632011361230948,1.4207974239807337,55.932203389830505
SCBPL,0,2022-08-01,2025-06-23,2025-06-24,2025-09-15,7.176587003036293,8.447614101348533,10.708727932672064,47.45762711864407,0.9600733094296211,1.692837265882219,1.4391347129297902,50.847457627118644
SEARL,0,2022-08-01,2025-06-23,2025-06-24,2025-09-15,6.60744989442011,8.002387023017626,6.208160137689205,50.847457627118644,2.0994919599112825,3.3626073369421894,1.9970613566502051,50.847457627118644
SHFA,0,2022-08-01,2025-06-23,2025-06-24,2025-09-15,30.809847260244137,34.70122326468471,5.617244063341522,59.32203389830508,6.7890987072960804,9.315222472397588,1.2493281911312868,55.932203389830505
SNGP,0,2022-08-01,2025-06-23,2025-06-24,2025-09-15,16.984172900713595,17.95330281992258,14.641878761563481,50.847457627118644,1.3667270207809206,2.14550903808501,1.1497764387409062,52.54237288135594
SRVI,0,2022-08-01,2025-06-23,2025-06-24,2025-09-15,199637.45987808311,207145.5364814045,15822.378015371152,47.45762711864407,23.658989340572035,34.28097478136271,1.8842166905326776,49.152542372881356
SSGC,0,2022-08-01,2025-06-23,2025-06-24,2025-09-15,5.738849528341732,6.430028795256895,13.630260165168915,47.45762711864407,0.6816670046014305,0.8820624044903239,1.5916816948813375,45.76271186440678
SYS,0,2022-08-01,2025-06-23,2025-06-24,2025-09-15,84.89801747902771,107.71748790841372,65.20736550078756,47.45762711864407,1.8825140484308795,2.6099721837787326,1.4899321599474367,52.54237288135594
TGL,0,2022-08-01,2025-06-23,2025-06-24,2025-09-15,14.163387546618706,16.640302483071984,6.085430294748083,50.847457627118644,3.4861863992982025,5.043431945298566,1.4345198437408007,47.45762711864407
THALL,0,2022-08-01,2025-06-23,2025-06-24,2025-09-15,108.89507353123169,147.34967902624408,20.08934789548864,55.932203389830505,10.146505582130562,15.016102335290782,2.0652653383259176,52.54237288135594
TRG,0,2022-08-01,2025-06-23,2025-06-24,2025-09-15,6.442369262643191,7.6265264877648224,10.93152448596753,54.23728813559322,1.0742373708951265,1.7535416015604322,1.7913834497088201,42.3728813559322
UBL,0,2022-08-01,2025-06-23,2025-06-24,2025-09-15,76.44022556142176,97.40384588452439,24.281315209838926,66.10169491525424,3.664221036232124,5.41324210125203,1.1464070104762163,62.71186440677966
UPFL,0,2022-08-01,2025-06-23,2025-06-24,2025-09-15,15942.353961912888,16559.218838675893,56.83947901293218,50.847457627118644,427.0913996292373,741.2289234236692,1.4772847968733152,55.932203389830505
WAFI,0,2022-08-01,2025-06-23,2025-06-24,2025-09-15,17.534704739601388,19.8416074153984,9.711034628963898,44.06779661016949,2.328474576271184,3.213874054887336,1.2907140834075368,69.49152542372882
YOUW,0,2022-08-01,2025-06-23,2025-06-24,2025-09-15,0.19872432148441982,0.2608071355665586,3.7070294403072412,54.23728813559322,0.14152538170248774,0.23010313007377955,2.595366925239649,59.32203389830508
ABL,1,2022-10-24,2025-09-15,2025-09-16,2025-12-08,7.777699888875149,9.17200669272154,4.582791130431011,51.66666666666667,2.3894243876139316,3.8230446592734766,1.3865680329828511,46.666666666666664
ABOT,1,2022-10-24,2025-09-15,2025-09-16,2025-12-08,58.42308704797942,65.81719000940258,5.230102173012683,63.33333333333333,11.129288736979165,15.954500063012409,0.9914825907743912,50.0
AGP,1,2022-10-24,2025-09-15,2025-09-16,2025-12-08,6.282003635155062,7.409297055432257,3.352262370242081,36.666666666666664,1.9299273173014313,2.799337501572957,1.0310646250466615,43.333333333333336
AHCL,1,2022-10-24,2025-09-15,2025-09-16,2025-12-08,1.044826625622731,1.2453237119258738,6.799830350279122,41.66666666666667,0.20867067972818987,0.29130892441021533,1.3625105818860843,48.333333333333336
AICL,1,2022-10-24,2025-09-15,2025-09-16,2025-12-08,21.123159816731395,23.17592594157889,27.033926213575448,50.0,1.1555562337239575,1.862425870423868,1.4676318626943328,51.66666666666667
AIRLINK,1,2022-10-24,2025-09-15,2025-09-16,2025-12-08,31.971112243100738,46.79195909634902,19.665448420662393,46.666666666666664,3.29567845662435,4.839660073406271,1.9462884746662592,46.666666666666664
AKBL,1,2022-10-24,2025-09-15,2025-09-16,2025-12-08,8.30402394622759,10.297258077037961,9.317995226028769,55.00000000000001,1.5639111836751307,2.265617634368457,1.7858286814270323,40.0
APL,1,2022-10-24,2025-09-15,2025-09-16,2025-12-08,107.60361804745527,117.94845351130829,20.658601207355026,48.333333333333336,5.336881510416668,8.284413356750216,1.0292831481455185,45.0
ASTL,1,2022-10-24,2025-09-15,2025-09-16,2025-12-08,4.000861554574996,4.322575366495574,17.37005975992517,53.333333333333336,0.489166609446208,0.6852309848768116,2.0699609393164797,48.333333333333336
ATLH,1,2022-10-24,2025-09-15,2025-09-16,2025-12-08,60.4865242226219,68.49773941925721,4.432644343004386,50.0,10.881266276041686,16.204642540963107,0.8045976693566055,43.333333333333336
ATRL,1,2022-10-24,2025-09-15,2025-09-16,2025-12-08,131206.24580571178,143848.54030286413,19737.366662094653,40.0,9.814885457356773,13.482882174638974,1.468217067548586,56.666666666666664
AVN,1,2022-10-24,2025-09-15,2025-09-16,2025-12-08,0.7422248721832723,0.8903955350697126,1.6245272569912483,33.33333333333333,0.3796159108479806,0.510296083809728,0.8373925713403727,46.666666666666664
BAFL,1,2022-10-24,2025-09-15,2025-09-16,2025-12-08,7.132454585978885,8.675989061428547,7.235289238310165,55.00000000000001,1.6066795349121084,2.337516406141151,1.5926123192246493,41.66666666666667
BAHL,1,2022-10-24,2025-09-15,2025-09-16,2025-12-08,14.821828889727914,18.667317660575915,8.227118509291317,55.00000000000001,2.5309405008951855,4.534308743742569,1.3383661577412376,48.333333333333336
BNWM,1,2022-10-24,2025-09-15,2025-09-16,2025-12-08,4.155425205014423,4.777958638016947,6.349395560758725,33.33333333333333,1.3228336334228514,2.00936989584903,1.9262304817101437,48.333333333333336
BOP,1,2022-10-24,2025-09-15,2025-09-16,2025-12-08,810.3866151064304,889.1239030862627,2463.979506634803,43.333333333333336,0.8125454584757488,1.160164822729127,2.683364342357279,53.333333333333336
BWCL,1,2022-10-24,2025-09-15,2025-09-16,2025-12-08,20.213309277359954,27.129931620546206,3.5482403894660632,56.666666666666664,6.834599812825517,12.273664562285873,1.231412488049006,51.66666666666667
CHCC,1,2022-10-24,2025-09-15,2025-09-16,2025-12-08,10.204648060466665,13.533332006111108,3.0417630821643566,56.666666666666664,4.767885335286459,6.710039024993298,1.429669592585408,55.00000000000001
CNERGY,1,2022-10-24,2025-09-15,2025-09-16,2025-12-08,1.0482055851191725,1.0819670481736652,13.076443143353602,53.333333333333336,0.15366665522257486,0.22464786531920294,1.8921810876275098,50.0
COLG,1,2022-10-24,2025-09-15,2025-09-16,2025-12-08,18.0058423521452,21.02235175550407,1.4389758959533583,50.0,5.326157633463541,8.343022647255152,0.42625094269196623,35.0
CPHL,1,2022-10-24,2025-09-15,2025-09-16,2025-12-08,4.610523982230219,5.538379401635141,5.42188952080549,51.66666666666667,1.2867585500081364,1.6952919919465703,1.4575293767137554,43.333333333333336
DCR,1,2022-10-24,2025-09-15,2025-09-16,2025-12-08,6.039738123332386,6.560770994706558,19.52177717994567,50.0,0.16526101430257198,0.2592486989388395,0.5299871940328448,51.66666666666667
DGKC,1,2022-10-24,2025-09-15,2025-09-16,2025-12-08,24.2099700757664,27.855319889253632,10.614522062562916,41.66666666666667,3.6079790751139376,5.152134527600251,1.5260609089175405,43.333333333333336
DHPL,1,2022-10-24,2025-09-15,2025-09-16,2025-12-08,5.5540052648902485,7.356250167970234,11.974754206360267,50.0,0.8106666666666663,1.3160281152011915,1.6124060254503743,50.0
EFERT,1,2022-10-24,2025-09-15,2025-09-16,2025-12-08,3.5451062056524285,4.705253424441499,1.707711439011839,43.333333333333336,2.1963663736979155,3.2518372428342293,1.0459705338308822,48.333333333333336
ENGROH,1,2022-10-24,2025-09-15,2025-09-16,2025-12-08,6.337685895005177,7.91966283999056,2.7832662030480813,61.66666666666667,3.810000000000001,5.351795648814204,1.6433223153621046,50.0
EPCL,1,2022-10-24,2025-09-15,2025-09-16,2025-12-08,2331.4978980223145,2556.2204432842905,7912.775087238991,43.333333333333336,0.43433351516723673,0.6361658551752615,1.4248360359054608,43.333333333333336
FABL,1,2022-10-24,2025-09-15,2025-09-16,2025-12-08,3.714714193495425,4.698678207818509,4.428623084371054,53.333333333333336,1.6328697204589842,2.3469645148432434,1.971800901059215,61.66666666666667
FATIMA,1,2022-10-24,2025-09-15,2025-09-16,2025-12-08,4.299441432339398,5.54852541530498,3.1753298863417996,56.666666666666664,2.242702611287433,3.2694196979528174,1.65290703631946,56.666666666666664
FCCL,1,2022-10-24,2025-09-15,2025-09-16,2025-12-08,4.108517444785557,4.700864231242043,7.594769829833294,40.0,0.8725709279378251,1.237292081632642,1.5892382294487626,55.00000000000001
FFC,1,2022-10-24,2025-09-15,2025-09-16,2025-12-08,11.321839924618624,13.826396572410035,2.4458622768440716,56.666666666666664,5.89411926269531,8.237446835666399,1.2230789906812405,45.0
FFL,1,2022-10-24,2025-09-15,2025-09-16,2025-12-08,120.37528948790015,132.10602169701684,620.2239394958223,43.333333333333336,0.3061666806538898,0.4555125788813376,1.5236852173315831,48.333333333333336
FHAM,1,2022-10-24,2025-09-15,2025-09-16,2025-12-08,2.65448943208352,3.085674727194951,7.666797051948985,50.0,0.5929313659667967,0.8632579426841867,1.708016756827541,28.333333333333332
GADT,1,2022-10-24,2025-09-15,2025-09-16,2025-12-08,15.69184076751524,18.248374340165007,4.4957904299596345,40.0,5.6390009562174495,8.730097849909829,1.572089422265739,50.0
GAL,1,2022-10-24,2025-09-15,2025-09-16,2025-12-08,69.7314249573307,76.49349343887229,12.382847071619985,41.66666666666667,6.358999999999982,9.882353127334255,1.1126890954665145,60.0
GATM,1,2022-10-24,2025-09-15,2025-09-16,2025-12-08,2328.8897470622264,2577.425286527727,7587.704970008727,46.666666666666664,0.6846666971842448,0.9693055434659436,2.135487993360151,51.66666666666667
GHGL,1,2022-10-24,2025-09-15,2025-09-16,2025-12-08,154.7101550351519,169.726279477648,451.57862450827747,38.333333333333336,0.5764771779378257,0.8518661697586934,1.6559475077428962,50.0
GHNI,1,2022-10-24,2025-09-15,2025-09-16,2025-12-08,20.069134788322444,23.28915847607589,2.4369074260591206,46.666666666666664,10.374954223632818,14.253581405283654,1.2398011279788013,51.66666666666667
GLAXO,1,2022-10-24,2025-09-15,2025-09-16,2025-12-08,13.02789374833384,15.911191881282729,3.2515213856810736,41.66666666666667,3.806807454427083,6.499457717441715,0.9463221752810594,51.66666666666667
HALEON,1,2022-10-24,2025-09-15,2025-09-16,2025-12-08,4329.654550405059,4750.479906507083,513.0525313734257,55.00000000000001,6.4597117106119715,9.836931798853874,0.754076874051582,38.333333333333336
HBL,1,2022-10-24,2025-09-15,2025-09-16,2025-12-08,7.618491296592135,9.523123518811802,2.7840575814646713,48.333333333333336,4.085906982421877,5.6500964192343455,1.488612010779301,46.666666666666664
HCAR,1,2022-10-24,2025-09-15,2025-09-16,2025-12-08,18.9930279266688,26.563770267863248,6.688654321334658,51.66666666666667,2.386300659179686,3.049682597912713,0.8482765869386445,51.66666666666667
HGFA,1,2022-10-24,2025-09-15,2025-09-16,2025-12-08,1.277665622075119,1.5051960539943294,7.360667329524251,50.847457627118644,0.3077622753078658,0.4665255133292433,1.741055134822322,44.06779661016949
HINOON,1,2022-10-24,2025-09-15,2025-09-16,2025-12-08,27.22298592155943,34.35757208568667,2.5864125722172813,38.333333333333336,7.989104207356783,10.811508254306819,0.7433599747680276,43.333333333333336
HMB,1,2022-10-24,2025-09-15,2025-09-16,2025-12-08,12.291101944606606,13.413147035045473,11.683319308218177,56.666666666666664,1.319374974568686,2.025779027208379,1.2478214987246998,45.0
HUBC,1,2022-10-24,2025-09-15,2025-09-16,2025-12-08,4.96995006807219,6.18731529698384,2.430939827319772,61.66666666666667,2.7772064208984406,3.795621583844295,1.373948167163314,60.0
HUMNL,1,2022-10-24,2025-09-15,2025-09-16,2025-12-08,78.26128917708,85.8077880105838,534.8179289681332,50.0,0.25096286137898766,0.3549739922729672,1.6775162754543698,46.666666666666664
IBFL,1,2022-10-24,2025-09-15,2025-09-16,2025-12-08,4078.968655804141,4470.384484563274,1423.8168856826833,18.333333333333332,2.180332946777342,4.812744836469038,0.7571157228569602,43.333333333333336
ILP,1,2022-10-24,2025-09-15,2025-09-16,2025-12-08,2.742887052184695,3.2603399438456604,3.676220324205674,48.333333333333336,1.0379922231038412,1.3673434199965302,1.3981880489610266,41.66666666666667
INDU,1,2022-10-24,2025-09-15,2025-09-16,2025-12-08,35.76556527336253,45.92824233355219,1.8442447974059744,45.0,10.738144938151022,18.782783695370796,0.5526097246329744,40.0
INIL,1,2022-10-24,2025-09-15,2025-09-16,2025-12-08,748.4148946172123,820.9459626181499,374.73782351170917,38.333333333333336,3.6151662190755265,4.920327471271201,1.7609566437444324,45.0
ISL,1,2022-10-24,2025-09-15,2025-09-16,2025-12-08,4842.002884593964,5333.666877140951,4829.382225556667,43.333333333333336,2.06133321126302,2.8353621672000346,2.014496388519036,48.333333333333336
JDWS,1,2022-10-24,2025-09-15,2025-09-16,2025-12-08,262.78735322595867,283.10384012985116,33.92046728471048,50.0,5.5620707194010395,7.251891602959744,0.7099106663961708,36.666666666666664
JVDC,1,2022-10-24,2025-09-15,2025-09-16,2025-12-08,5.354618682620003,5.773515585162133,7.168210592712453,53.333333333333336,0.8576866149902337,1.221283517626878,1.133286007300273,46.666666666666664
KAPCO,1,2022-10-24,2025-09-15,2025-09-16,2025-12-08,10.640859946067028,11.647463457091943,36.243781843195464,55.00000000000001,0.21620756785074893,0.3766580652105483,0.7379438326772985,50.0
KEL,1,2022-10-24,2025-09-15,2025-09-16,2025-12-08,0.4393554263953144,0.5993336009871885,7.316551451100471,45.0,0.1811666965484619,0.263884457019908,2.885398050138727,46.666666666666664
KOHC,1,2022-10-24,2025-09-15,2025-09-16,2025-12-08,4573.8675173509455,5011.3955827621085,4556.168538089146,45.0,1.2815010070800765,1.8007847915521562,1.2654326181152173,41.66666666666667
KTML,1,2022-10-24,2025-09-15,2025-09-16,2025-12-08,90.26062029257655,108.69841669154312,149.76765006879083,33.33333333333333,1.919004885355632,2.520332179457154,3.1057255415989937,58.333333333333336
LCI,1,2022-10-24,2025-09-15,2025-09-16,2025-12-08,783.3694310498321,854.195748923367,257.50646696321513,56.666666666666664,2.4339294433593808,3.480838110347825,0.7852307779032601,40.0
LOTCHEM,1,2022-10-24,2025-09-15,2025-09-16,2025-12-08,0.6448796292839895,0.7944292003662564,3.023373796566381,53.333333333333336,0.386083157857259,0.5696975644378776,1.8146071269541486,50.0
LUCK,1,2022-10-24,2025-09-15,2025-09-16,2025-12-08,51.74176568068659,60.48835862454081,11.368693174675647,61.66666666666667,6.463000488281252,9.134446668232245,1.4207252537182138,45.0
MARI,1,2022-10-24,2025-09-15,2025-09-16,2025-12-08,53.75579865286045,68.10617936000449,7.518561066639834,40.0,9.524209594726562,12.846005151533664,1.3378442429220578,53.333333333333336
MCB,1,2022-10-24,2025-09-15,2025-09-16,2025-12-08,13.406128324506454,16.95825135525734,4.004570209031468,63.33333333333333,3.397858683268228,4.519179650913154,1.021406256321916,50.0
MEBL,1,2022-10-24,2025-09-15,2025-09-16,2025-12-08,30.183043329158828,34.15009782687224,7.367946971460553,40.0,6.104165649414058,9.096727009365374,1.4629912435796506,51.66666666666667
MEHT,1,2022-10-24,2025-09-15,2025-09-16,2025-12-08,15.313543088226034,19.305684140047983,5.237057830360895,46.666666666666664,3.444999694824217,5.281009128438691,1.1478623040230524,25.0
MLCF,1,2022-10-24,2025-09-15,2025-09-16,2025-12-08,7.279656836870826,9.589072732281783,7.267382130781994,36.666666666666664,1.8333330790201852,2.5287504360271655,1.8030738156158725,36.666666666666664
MTL,1,2022-10-24,2025-09-15,2025-09-16,2025-12-08,27.472027854863992,29.62562476073053,5.462153850849354,41.66666666666667,4.385514322916671,5.922416373117712,0.8646315179648235,50.0
MUGHAL,1,2022-10-24,2025-09-15,2025-09-16,2025-12-08,123.80972625921918,135.05890780813093,146.37683846484535,50.0,1.3716670989990236,2.032582954846477,1.6119347311025107,36.666666666666664
MUREB,1,2022-10-24,2025-09-15,2025-09-16,2025-12-08,18.581194193626292,24.649074111006932,1.8156941710426002,51.66666666666667,9.581706746419263,14.119957424184447,0.9312316313346414,36.666666666666664
NATF,1,2022-10-24,2025-09-15,2025-09-16,2025-12-08,21.26850032007203,26.751836484706196,5.790671829454004,53.333333333333336,3.994615173339837,6.26558109415936,1.1115519597612096,51.66666666666667
NBP,1,2022-10-24,2025-09-15,2025-09-16,2025-12-08,40.69501059809395,48.837530775318896,22.449791991140582,46.666666666666664,2.8580004374186228,3.8192163782968778,1.6040516039900574,51.66666666666667
NESTLE,1,2022-10-24,2025-09-15,2025-09-16,2025-12-08,177.91240102528488,202.4007309309672,2.3329690135260024,55.00000000000001,38.649707031250074,61.32571612956098,0.5040734694152044,40.0
NML,1,2022-10-24,2025-09-15,2025-09-16,2025-12-08,6215.039912802429,6813.363006529816,4183.179653141726,53.333333333333336,2.2951443990071607,3.199480169028988,1.5237803494435127,55.00000000000001
NRL,1,2022-10-24,2025-09-15,2025-09-16,2025-12-08,75045.90079595227,82467.67860405534,19040.63379980556,41.66666666666667,10.694002278645842,14.969111763544705,2.720692247401161,53.333333333333336
OGDC,1,2022-10-24,2025-09-15,2025-09-16,2025-12-08,10.398931359828053,12.0456068745752,4.199044807967471,43.333333333333336,3.094879150390642,3.8738061369560457,1.2359833777895903,51.66666666666667
PABC,1,2022-10-24,2025-09-15,2025-09-16,2025-12-08,53.37302847210412,58.343710167248545,38.21594692765712,60.0,2.5495005289713535,3.52400217140362,1.804963717505092,38.333333333333336
PAEL,1,2022-10-24,2025-09-15,2025-09-16,2025-12-08,22.655943773878445,24.09912331008694,41.834433623353576,50.0,0.9189997990926103,1.4011720467909325,1.6969361535895324,45.0
PAKT,1,2022-10-24,2025-09-15,2025-09-16,2025-12-08,157.33005211459206,172.9686627296212,10.829987010557511,50.0,16.12426757812498,22.741844883243232,1.1166701506707504,40.0
PGLC,1,2022-10-24,2025-09-15,2025-09-16,2025-12-08,2.4595064894686276,3.1915044304237146,15.34962615959666,43.333333333333336,0.2303335507710775,0.3131455933690755,1.4030564788345725,28.333333333333332
PIBTL,1,2022-10-24,2025-09-15,2025-09-16,2025-12-08,1560.3280968230922,1710.1686620427834,10278.41068068702,41.66666666666667,0.28016668955485,0.3983738526097659,1.8669851362584133,55.00000000000001
PIOC,1,2022-10-24,2025-09-15,2025-09-16,2025-12-08,1246.5469149158469,1408.0116835940582,463.0572556708333,46.666666666666664,6.554574584960935,9.5712558763484,2.3631811196757067,48.333333333333336
PKGS,1,2022-10-24,2025-09-15,2025-09-16,2025-12-08,403.9182093655738,440.4207317962325,57.37111861808967,46.666666666666664,6.533566284179687,9.621389451018185,0.9314910182390128,33.33333333333333
POL,1,2022-10-24,2025-09-15,2025-09-16,2025-12-08,10.725317002146094,13.565483406558547,1.760285396220727,53.333333333333336,5.754730224609373,7.835388461007547,0.9459328279803881,56.666666666666664
POWER,1,2022-10-24,2025-09-15,2025-09-16,2025-12-08,1.234644516532778,1.6640283293772542,6.743646512656933,46.666666666666664,0.30166660944620766,0.442447664259261,1.6461611964788063,38.333333333333336
PPL,1,2022-10-24,2025-09-15,2025-09-16,2025-12-08,7.19607672126896,8.743296828227313,3.716809512093667,43.333333333333336,2.9114501953124927,3.6780932486136404,1.5359794014210597,50.0
PRL,1,2022-10-24,2025-09-15,2025-09-16,2025-12-08,2509.6645043138133,2750.432648871894,6917.712269716644,43.333333333333336,0.843166478474935,1.0760580947172669,2.3071571266619473,46.666666666666664
PSEL,1,2022-10-24,2025-09-15,2025-09-16,2025-12-08,115.85691170187619,146.86459782914008,9.933316139942448,55.00000000000001,34.95367024739582,50.27065252065417,2.9037666999251517,40.0
PSO,1,2022-10-24,2025-09-15,2025-09-16,2025-12-08,13.529683527507242,15.978882322998166,2.979284237668577,53.333333333333336,5.691627502441408,8.053436897636445,1.251684812170838,58.333333333333336
PSX,1,2022-10-24,2025-09-15,2025-09-16,2025-12-08,6.585336805108065,7.62323330968013,15.295628341222853,46.666666666666664,0.6869190216064454,1.0880918504111843,1.6452165806595513,53.333333333333336
PTC,1,2022-10-24,2025-09-15,2025-09-16,2025-12-08,15.374727322432234,19.014276903565822,39.58991525729242,46.666666666666664,1.060666497548421,1.387755805872918,2.94042145855126,43.333333333333336
RMPL,1,2022-10-24,2025-09-15,2025-09-16,2025-12-08,423.74136952657136,503.1079751757183,4.5762090582544435,48.333333333333336,86.610107421875,159.86102526518889,0.91106092839628,41.66666666666667
SAZEW,1,2022-10-24,2025-09-15,2025-09-16,2025-12-08,87.68216995790466,97.37055020905427,4.997040194722616,33.33333333333333,20.0906209309896,30.17733950340231,1.126658572281782,51.66666666666667
SCBPL,1,2022-10-24,2025-09-15,2025-09-16,2025-12-08,3.5031644199115513,4.191103307504006,5.593150400501008,43.333333333333336,0.7036561965942385,1.0732671658505917,1.0868751902079798,45.0
SEARL,1,2022-10-24,2025-09-15,2025-09-16,2025-12-08,5.051512125431709,5.881815886702833,4.812762975855342,50.0,1.9038258870442697,2.854896149141595,1.7764740668628103,43.333333333333336
SHFA,1,2022-10-24,2025-09-15,2025-09-16,2025-12-08,7523.798518012869,8243.519872068924,1438.987320311234,48.333333333333336,6.3084187825520734,8.741939710384989,1.2111663903425638,38.333333333333336
SNGP,1,2022-10-24,2025-09-15,2025-09-16,2025-12-08,10043.412892500297,11015.446958922968,8255.5690803506,58.333333333333336,1.8619712829589836,2.6143061539485752,1.5069941598515797,40.0
SRVI,1,2022-10-24,2025-09-15,2025-09-16,2025-12-08,109.16675856586967,124.66816043824412,7.767377338746477,45.0,22.725079345703122,35.69170021884696,1.5748573612035008,43.333333333333336
SSGC,1,2022-10-24,2025-09-15,2025-09-16,2025-12-08,1699.716572255967,1869.8401436305753,4550.973547500955,55.00000000000001,0.6522178014119465,0.9902051370964174,1.7492004194999973,41.66666666666667
SYS,1,2022-10-24,2025-09-15,2025-09-16,2025-12-08,30.602962525746687,33.54909365702715,20.603960700256735,48.333333333333336,2.5656044006347662,3.632305941038646,1.6849501755018599,56.666666666666664
TGL,1,2022-10-24,2025-09-15,2025-09-16,2025-12-08,16.77680272143565,18.79397197381701,8.226664708214686,46.666666666666664,3.674015299479165,5.92992327868564,1.728734262002298,50.0
THALL,1,2022-10-24,2025-09-15,2025-09-16,2025-12-08,4865.02860839428,5330.294724444628,903.240581191295,45.0,8.450012207031252,12.93949319349599,1.5509724272988281,41.66666666666667
TRG,1,2022-10-24,2025-09-15,2025-09-16,2025-12-08,2.0001178680865035,2.807677754983254,2.6924876756477345,53.333333333333336,1.5641661326090488,2.2425433096639624,2.0996392174131424,41.66666666666667
UBL,1,2022-10-24,2025-09-15,2025-09-16,2025-12-08,62.509827392889726,67.7211802924758,17.670441862715993,41.66666666666667,3.8733327229817727,5.8202606442400855,1.0959759797842976,45.0
UPFL,1,2022-10-24,2025-09-15,2025-09-16,2025-12-08,1586.8133905366392,1822.359087952698,5.5160136898280046,51.66666666666667,329.78489583333317,520.3919537048525,1.146257993282088,45.0
WAFI,1,2022-10-24,2025-09-15,2025-09-16,2025-12-08,6.573844458944902,8.285328391742516,3.432544752099613,50.0,2.9964999999999975,4.140662386623666,1.5407569501550027,48.333333333333336
YOUW,1,2022-10-24,2025-09-15,2025-09-16,2025-12-08,0.21169677432638762,0.2775449647971971,3.4669782211219755,55.00000000000001,0.12966667811075847,0.17862436158929498,2.1513271504278886,45.0
ABL,2,2023-01-16,2025-12-08,2025-12-09,2026-03-04,36.229374143113496,41.25816456747113,20.440153107100958,53.333333333333336,2.6459302266438813,4.190299182549173,1.5409985356978113,46.666666666666664
ABOT,2,2023-01-16,2025-12-08,2025-12-09,2026-03-04,72.21736938630578,83.2146344061223,6.538730689406197,56.666666666666664,16.452943929036447,23.849638229671616,1.556190770902301,51.66666666666667
AGP,2,2023-01-16,2025-12-08,2025-12-09,2026-03-04,355.9944774710853,410.8250930283488,167.91311559822927,41.66666666666667,3.997710418701175,6.088147587056204,1.9152052812960858,50.0
AHCL,2,2023-01-16,2025-12-08,2025-12-09,2026-03-04,0.6869308739609985,0.9243220271380242,4.124875127818988,58.333333333333336,0.28900001843770323,0.4349483586355041,1.7661435707553974,46.666666666666664
AICL,2,2023-01-16,2025-12-08,2025-12-09,2026-03-04,13.356872850402423,16.785957657163376,13.522451908051922,53.333333333333336,2.8627881368001296,3.743002771503978,3.1735343104722236,65.0
AIRLINK,2,2023-01-16,2025-12-08,2025-12-09,2026-03-04,32.17819251422255,39.312346246177974,17.831505867236753,51.66666666666667,3.0158325195312607,4.453411555706479,1.7586871221208107,31.666666666666664
AKBL,2,2023-01-16,2025-12-08,2025-12-09,2026-03-04,13.945944329874697,18.222600415317437,13.116714801257782,53.333333333333336,2.4669330596923817,3.4438436123155833,2.5722414157822984,48.333333333333336
APL,2,2023-01-16,2025-12-08,2025-12-09,2026-03-04,123.93386826991305,141.3538031380043,21.75061069126852,50.0,8.0187733968099,12.327605806963852,1.4274190256564587,50.0
ASTL,2,2023-01-16,2025-12-08,2025-12-09,2026-03-04,1067.099521549802,1237.1797605046506,5016.975983351178,65.0,0.4723333358764647,0.6745691504716701,2.268657301312858,48.333333333333336
ATLH,2,2023-01-16,2025-12-08,2025-12-09,2026-03-04,92508.1861276947,107158.55690890807,5512.576829499266,51.66666666666667,20.977797444661476,34.347218752727336,1.2947032805670529,55.00000000000001
ATRL,2,2023-01-16,2025-12-08,2025-12-09,2026-03-04,4321.451284428167,5003.647750661508,547.963146505096,46.666666666666664,16.860691324869798,24.666551474123086,2.207404268156409,45.0
AVN,2,2023-01-16,2025-12-08,2025-12-09,2026-03-04,1.6976108743590606,2.0278869416680423,4.307481834675898,66.66666666666666,0.5144745508829759,0.8520082207129839,1.4413173805027972,48.333333333333336
BAFL,2,2023-01-16,2025-12-08,2025-12-09,2026-03-04,2.766156054868165,4.050263674176232,2.375329303812056,58.333333333333336,1.8992031097412108,2.7625011044569434,1.6719289103855155,53.333333333333336
BAHL,2,2023-01-16,2025-12-08,2025-12-09,2026-03-04,14.570405384066024,16.81209377355168,8.156170876278859,35.0,2.2311108907063804,3.3669886153330935,1.277704661020338,48.333333333333336
BNWM,2,2023-01-16,2025-12-08,2025-12-09,2026-03-04,5.962226854973886,6.550051033827076,8.99445873275929,35.0,1.212333869934082,1.6956517304754344,1.8866058314028644,43.333333333333336
BOP,2,2023-01-16,2025-12-08,2025-12-09,2026-03-04,1.445854054108913,1.8296878422118812,4.270999955283273,48.333333333333336,0.8278326034545896,1.1466057488135384,2.4332154121320735,50.0
BWCL,2,2023-01-16,2025-12-08,2025-12-09,2026-03-04,402.93636113077196,456.1727213869452,84.59158456986783,38.333333333333336,4.011598714192714,7.607075939609237,0.8691266164748225,41.66666666666667
CHCC,2,2023-01-16,2025-12-08,2025-12-09,2026-03-04,45.43947786276718,52.76997006490094,14.02270805897466,55.00000000000001,5.858248392740884,7.920096422147414,1.845477533845654,46.666666666666664
CNERGY,2,2023-01-16,2025-12-08,2025-12-09,2026-03-04,3816.0009844532196,4414.557969546133,51035.27119206458,46.666666666666664,0.14299999872843425,0.22199100893741106,1.976076836559643,61.66666666666667
COLG,2,2023-01-16,2025-12-08,2025-12-09,2026-03-04,2106.265761932624,2427.2251169746523,173.70759485382536,46.666666666666664,6.888533528645841,11.824269141934282,0.5799943599169191,46.666666666666664
CPHL,2,2023-01-16,2025-12-08,2025-12-09,2026-03-04,5.306217112963405,6.405407920000765,6.0903182464610435,56.666666666666664,1.4461681365966796,2.118856743156312,1.6978881779914332,38.333333333333336
DCR,2,2023-01-16,2025-12-08,2025-12-09,2026-03-04,0.9747280506454694,1.3785198918570065,2.696311305990696,45.0,0.3361064275105792,0.5335180415557711,0.9271599590259537,55.00000000000001
DGKC,2,2023-01-16,2025-12-08,2025-12-09,2026-03-04,30.41879826419071,35.099630002664746,13.555796106173807,53.333333333333336,3.6940002441406246,5.173135775057991,1.709459880291363,35.0
DHPL,2,2023-01-16,2025-12-08,2025-12-09,2026-03-04,7.348986096597913,7.887772431168446,22.888778707972428,30.0,0.9623333333333336,1.7438979327930864,2.48118456048499,61.66666666666667
EFERT,2,2023-01-16,2025-12-08,2025-12-09,2026-03-04,18.6800463842387,22.77662050038095,8.074799365971025,60.0,3.420168050130211,5.132067340682713,1.5477093711340253,50.0
ENGROH,2,2023-01-16,2025-12-08,2025-12-09,2026-03-04,638.8626041208469,842.9758070654714,237.57031498289152,48.333333333333336,6.2078333333333315,8.122269079512202,2.3946397209587245,46.666666666666664
EPCL,2,2023-01-16,2025-12-08,2025-12-09,2026-03-04,482.6365253077877,557.9539497141305,1475.6515037305035,40.0,0.84116694132487,1.2278988058565419,2.4874620076621827,58.333333333333336
FABL,2,2023-01-16,2025-12-08,2025-12-09,2026-03-04,5.743532818218184,7.228005537390756,6.529031272569926,46.666666666666664,1.5353894551595044,2.3913179268406366,1.7377168961087857,45.0
FATIMA,2,2023-01-16,2025-12-08,2025-12-09,2026-03-04,53.467124933548945,61.69320434111577,32.86892350282116,48.333333333333336,3.308771769205731,4.814621804995232,2.0660563135873793,46.666666666666664
FCCL,2,2023-01-16,2025-12-08,2025-12-09,2026-03-04,4.900380729521981,5.846787824847864,8.695456379778228,55.00000000000001,0.8756664911905921,1.2618688644462712,1.6154688402956516,46.666666666666664
FFC,2,2023-01-16,2025-12-08,2025-12-09,2026-03-04,58.26927575428222,69.44231416226854,10.810303718370001,48.333333333333336,8.453295898437503,14.765828912451163,1.5526031927651276,48.333333333333336
FFL,2,2023-01-16,2025-12-08,2025-12-09,2026-03-04,673.5615650741983,782.0734654121957,3350.2145269562716,63.33333333333333,0.4283333619435623,0.5810394230208631,2.212678136548397,60.0
FHAM,2,2023-01-16,2025-12-08,2025-12-09,2026-03-04,3.5101734969997116,4.25292986192111,10.429437585108264,53.333333333333336,0.34216651916503893,0.5546723936347939,1.0619736564969358,38.333333333333336
GADT,2,2023-01-16,2025-12-08,2025-12-09,2026-03-04,9.375157368741807,11.31237006657344,2.8821132366783337,56.666666666666664,5.7336664835611995,8.493202717567806,1.8295338501383156,56.666666666666664
GAL,2,2023-01-16,2025-12-08,2025-12-09,2026-03-04,54.51356015386568,68.92880125194773,10.310537214816543,53.333333333333336,6.822833333333339,10.056285513713968,1.408938897235926,53.333333333333336
GATM,2,2023-01-16,2025-12-08,2025-12-09,2026-03-04,325.0009595995498,377.650356765375,1171.0235699945172,41.66666666666667,0.5844999949137369,0.7619547561907063,2.2013823029362505,46.666666666666664
GHGL,2,2023-01-16,2025-12-08,2025-12-09,2026-03-04,7.897154100755211,9.156455783660984,23.363722277769515,65.0,0.4747638066609703,0.7439557910632487,1.4367753193148791,50.0
GHNI,2,2023-01-16,2025-12-08,2025-12-09,2026-03-04,50916.645110459285,58905.08572776302,5743.973529197299,46.666666666666664,15.361834716796881,21.329278002787078,1.7692070137696532,43.333333333333336
GLAXO,2,2023-01-16,2025-12-08,2025-12-09,2026-03-04,4447.204306557493,5142.688789295082,1124.2793690287674,41.66666666666667,5.5980982462565105,8.664343389409188,1.4474192967432453,50.0
HALEON,2,2023-01-16,2025-12-08,2025-12-09,2026-03-04,214.9006935369155,245.08501355216842,24.093221640692562,56.666666666666664,11.105118815104165,18.910074930299217,1.2649180039275283,50.0
HBL,2,2023-01-16,2025-12-08,2025-12-09,2026-03-04,19556.56305352733,22882.157172442166,6237.730053543458,60.0,4.955746968587239,7.6066480058769566,1.643773684896218,50.0
HCAR,2,2023-01-16,2025-12-08,2025-12-09,2026-03-04,2092.0774197038027,2439.9360076538524,909.2955323953031,58.333333333333336,3.379101308186853,5.023548972701985,1.5862426202379896,51.66666666666667
HGFA,2,2023-01-16,2025-12-08,2025-12-09,2026-03-04,1.3528847227963663,1.6265660841025946,8.10667480710662,49.122807017543856,0.33075446413274384,0.4584787370506467,2.079122135590067,35.08771929824561
HINOON,2,2023-01-16,2025-12-08,2025-12-09,2026-03-04,11190.759119873635,12918.304406392994,1161.0847723816653,40.0,11.369767252604163,17.938037558901705,1.2143853182644782,36.666666666666664
HMB,2,2023-01-16,2025-12-08,2025-12-09,2026-03-04,20.303174351643953,23.235700015923307,18.58697442926294,48.333333333333336,1.504232152303061,2.464651301722455,1.370778271098131,43.333333333333336
HUBC,2,2023-01-16,2025-12-08,2025-12-09,2026-03-04,11.962397260795012,14.827468663830315,5.495743575344987,55.00000000000001,3.2275558471679644,4.879424872088196,1.5216085201351695,51.66666666666667
HUMNL,2,2023-01-16,2025-12-08,2025-12-09,2026-03-04,32.8446688690997,46.71338449090472,267.3943093183877,58.333333333333336,0.24904836018880216,0.3586465318174951,2.060381305694048,45.0
IBFL,2,2023-01-16,2025-12-08,2025-12-09,2026-03-04,653.5601730578045,754.2457155527477,259.07181504213384,26.666666666666668,3.7858337402343767,6.883193355447666,1.5202257619315949,40.0
ILP,2,2023-01-16,2025-12-08,2025-12-09,2026-03-04,55.259346354450145,63.64923807359232,66.55855569860479,48.333333333333336,1.4643021901448567,2.3048037768530754,1.7756491999303958,51.66666666666667
INDU,2,2023-01-16,2025-12-08,2025-12-09,2026-03-04,131.69218555260107,155.84165704375053,6.5171062022659525,55.00000000000001,24.382853190104164,39.49142608805335,1.235722370888139,46.666666666666664
INIL,2,2023-01-16,2025-12-08,2025-12-09,2026-03-04,19776.631337376144,22885.54157537076,11023.809543271951,41.66666666666667,3.0561668395996144,4.404262048786007,1.7265694237791074,50.0
ISL,2,2023-01-16,2025-12-08,2025-12-09,2026-03-04,474.5350805474894,548.4471069618019,470.8833746238314,65.0,2.0443331400553393,3.0046646600657727,2.0364205486357165,46.666666666666664
JDWS,2,2023-01-16,2025-12-08,2025-12-09,2026-03-04,150.74262905158653,165.67645240669492,17.574741162875227,41.66666666666667,8.6908681233724,11.476122069371666,1.0216525063064754,40.0
JVDC,2,2023-01-16,2025-12-08,2025-12-09,2026-03-04,28.016084535828547,32.76928294392157,20.562413043234358,45.0,3.6566675821940104,4.970375604859376,2.926298665199034,45.0
KAPCO,2,2023-01-16,2025-12-08,2025-12-09,2026-03-04,1619.8014639914459,1876.664360273281,5105.158821548384,28.333333333333332,0.47702919642130504,0.7950797216661881,1.51679842197506,58.333333333333336
KEL,2,2023-01-16,2025-12-08,2025-12-09,2026-03-04,0.7369391730695664,1.0201118445932917,9.577795560801459,45.0,0.23249999682108566,0.3251230947030589,3.1774753626599996,48.333333333333336
KOHC,2,2023-01-16,2025-12-08,2025-12-09,2026-03-04,33.69143614407397,37.61037228757707,32.235221821994706,50.0,2.4639998118082693,3.3701896118053547,2.3236804391250216,38.333333333333336
KTML,2,2023-01-16,2025-12-08,2025-12-09,2026-03-04,12.00793506628478,14.17090990235997,19.001252242047368,41.66666666666667,1.612166531880697,2.0987651215432037,2.5818811479896167,45.0
LCI,2,2023-01-16,2025-12-08,2025-12-09,2026-03-04,99.67875483129346,129.08584934055258,36.002362492153026,60.0,3.121880594889326,4.875901458251471,1.177246540125861,55.00000000000001
LOTCHEM,2,2023-01-16,2025-12-08,2025-12-09,2026-03-04,2763.0931743348588,3202.4589231809746,11972.348678083246,53.333333333333336,0.4655070940653488,0.6641069988726984,2.0708117982775454,46.666666666666664
LUCK,2,2023-01-16,2025-12-08,2025-12-09,2026-03-04,852.8011887921227,983.4065894464,183.13960585631946,53.333333333333336,8.395503743489591,11.073970763048422,1.8414829599568205,40.0
MARI,2,2023-01-16,2025-12-08,2025-12-09,2026-03-04,1464.9653401459423,1684.264538011736,213.4677091646017,55.00000000000001,7.367751057942702,12.659025094245015,1.1422961559493576,55.00000000000001
MCB,2,2023-01-16,2025-12-08,2025-12-09,2026-03-04,36.41659954009279,44.199044716694054,9.381046211836681,53.333333333333336,5.8465820312500005,8.873282320867872,1.5611612328050795,38.333333333333336
MEBL,2,2023-01-16,2025-12-08,2025-12-09,2026-03-04,26.79293213084953,37.95682401646447,6.051871289262101,50.0,7.560968526204423,10.84933735628866,1.686276632716256,46.666666666666664
MEHT,2,2023-01-16,2025-12-08,2025-12-09,2026-03-04,38.655851825627686,43.1486249247805,13.371344933577062,40.0,5.140336354573564,7.880883523538628,1.84135911454202,23.333333333333332
MLCF,2,2023-01-16,2025-12-08,2025-12-09,2026-03-04,16.535291254026923,19.047782376218404,14.367943796384615,55.00000000000001,2.615666707356771,3.565373404489173,2.3736465836796783,41.66666666666667
MTL,2,2023-01-16,2025-12-08,2025-12-09,2026-03-04,176.71411458673043,202.45836641681106,33.3935625944769,48.333333333333336,5.665048726399737,8.330730305232997,1.0836037143269643,48.333333333333336
MUGHAL,2,2023-01-16,2025-12-08,2025-12-09,2026-03-04,1263.9439673162565,1462.5981953464716,1373.5675725081855,38.333333333333336,2.1809998830159514,2.796814704146596,2.3604970732989194,45.0
MUREB,2,2023-01-16,2025-12-08,2025-12-09,2026-03-04,14140.703928342968,16333.082453072646,1417.5838073952423,56.666666666666664,11.388913981119792,15.812395617920476,1.1487033797295734,35.0
NATF,2,2023-01-16,2025-12-08,2025-12-09,2026-03-04,467.9063294746043,546.6658452082404,117.4206447928069,50.0,4.235268147786457,7.273598381394116,1.0863164721341725,41.66666666666667
NBP,2,2023-01-16,2025-12-08,2025-12-09,2026-03-04,13010.734220621222,15035.019961457014,5848.208267546194,48.333333333333336,4.269293467203772,6.37381321654068,1.9724303086524269,45.0
NESTLE,2,2023-01-16,2025-12-08,2025-12-09,2026-03-04,2696.4939406867416,3102.665312431572,36.062232097088234,50.0,53.609505208333346,87.73177468893775,0.7173849527410714,26.666666666666668
NML,2,2023-01-16,2025-12-08,2025-12-09,2026-03-04,45.20846770742231,49.58282165590846,24.71407474323818,58.333333333333336,4.274834187825516,6.034341126017598,2.3533108621054613,48.333333333333336
NRL,2,2023-01-16,2025-12-08,2025-12-09,2026-03-04,62921.86231367541,73348.29113081632,15645.823840572839,41.66666666666667,9.740667215983065,13.280773455457673,2.5588032541244243,51.66666666666667
OGDC,2,2023-01-16,2025-12-08,2025-12-09,2026-03-04,14.506876121838529,18.48780682773578,4.849541849196556,53.333333333333336,4.830786132812498,7.123875292485483,1.6976447035360216,53.333333333333336
PABC,2,2023-01-16,2025-12-08,2025-12-09,2026-03-04,3103.1944726004217,3600.02404090231,2671.5221583436946,43.333333333333336,2.1525004069010407,3.0478474279242143,1.9013713607524165,41.66666666666667
PAEL,2,2023-01-16,2025-12-08,2025-12-09,2026-03-04,4.653540200529019,5.806411682634687,9.06356499341844,41.66666666666667,1.0236667633056633,1.4573501902351462,1.9520717786901887,53.333333333333336
PAKT,2,2023-01-16,2025-12-08,2025-12-09,2026-03-04,163.8300494057306,195.08033317302343,11.139436379025899,55.00000000000001,18.351456705729166,29.335055209673307,1.330430679222657,38.333333333333336
PGLC,2,2023-01-16,2025-12-08,2025-12-09,2026-03-04,2.39247604150532,2.835646202801779,15.660451426998998,43.333333333333336,0.2911666075388593,0.42560344302022407,1.9574807496521074,30.0
PIBTL,2,2023-01-16,2025-12-08,2025-12-09,2026-03-04,2016.2381768260866,2338.9979351754037,10334.253841657417,55.00000000000001,0.45749993324279814,0.6478336008421379,2.447753929007638,48.333333333333336
PIOC,2,2023-01-16,2025-12-08,2025-12-09,2026-03-04,72.13285880603893,87.98351352398132,19.917402737073918,58.333333333333336,8.299999491373699,12.181282556403843,2.5304379707013136,45.0
PKGS,2,2023-01-16,2025-12-08,2025-12-09,2026-03-04,200.73484998349218,232.3455282050872,25.505678917049273,50.0,10.281984456380204,17.221322733723103,1.353812302675719,48.333333333333336
POL,2,2023-01-16,2025-12-08,2025-12-09,2026-03-04,13.884822231366321,15.912240860059937,2.2845968364510405,48.333333333333336,6.41565958658854,10.26845016271505,1.036527379070753,38.333333333333336
POWER,2,2023-01-16,2025-12-08,2025-12-09,2026-03-04,3.312726597116321,3.9946447060496575,17.0017954004629,51.66666666666667,0.3486667315165207,0.523176433191077,1.8199290380728594,31.666666666666664
PPL,2,2023-01-16,2025-12-08,2025-12-09,2026-03-04,56.141031800215245,66.65830742796591,22.92141601955738,56.666666666666664,4.778275553385414,6.306903294703782,2.0639542449667463,60.0
PRL,2,2023-01-16,2025-12-08,2025-12-09,2026-03-04,481.1945447085548,559.0721542163931,1379.4521851811792,46.666666666666664,0.7256669362386066,0.9770311698438788,2.1931221442280173,51.66666666666667
PSEL,2,2023-01-16,2025-12-08,2025-12-09,2026-03-04,68.01690310823354,84.02777291568451,6.535731240038592,33.33333333333333,16.870665486653664,24.44456575771998,1.6161003367304572,41.66666666666667
PSO,2,2023-01-16,2025-12-08,2025-12-09,2026-03-04,24.518043288345787,31.941499445968375,5.842063425347614,38.333333333333336,7.317997741699217,10.480059138363433,1.710692821288253,56.666666666666664
PSX,2,2023-01-16,2025-12-08,2025-12-09,2026-03-04,141.88953127709686,163.94543540433352,301.3746122996547,46.666666666666664,0.7621665318806966,1.0918658854730448,1.6949856664104608,53.333333333333336
PTC,2,2023-01-16,2025-12-08,2025-12-09,2026-03-04,5.443660656949343,6.338560017263254,9.070817043184817,61.66666666666667,1.7575005213419597,2.3923643888492414,2.991917482500064,48.333333333333336
RMPL,2,2023-01-16,2025-12-08,2025-12-09,2026-03-04,2341.423281313549,2665.5132360498537,24.281406105581,53.333333333333336,155.73447265625,301.5167970238577,1.5453746813998586,43.333333333333336
SAZEW,2,2023-01-16,2025-12-08,2025-12-09,2026-03-04,1587.4752986436522,1844.242168068848,77.17104833195702,51.66666666666667,49.802858479817694,69.73066999013967,2.4660492697286833,53.333333333333336
SCBPL,2,2023-01-16,2025-12-08,2025-12-09,2026-03-04,5.828918408550146,6.7779387303995255,8.462121120102493,50.0,1.0011731465657558,1.6184622555924295,1.4922895931554165,38.333333333333336
SEARL,2,2023-01-16,2025-12-08,2025-12-09,2026-03-04,787.5231355741654,915.7625975111667,676.3815452820883,56.666666666666664,2.2906665802001944,3.037900095756292,2.0784183697162426,55.00000000000001
SHFA,2,2023-01-16,2025-12-08,2025-12-09,2026-03-04,56.68108293321075,65.54396800864932,10.13246148827536,50.0,7.580332438151043,11.823951160605121,1.3961719318087051,51.66666666666667
SNGP,2,2023-01-16,2025-12-08,2025-12-09,2026-03-04,163.55419681983904,190.418714401598,146.8836076049019,48.333333333333336,1.9806662241617823,3.023102445469302,1.876551339691521,53.333333333333336
SRVI,2,2023-01-16,2025-12-08,2025-12-09,2026-03-04,128.74961210193663,140.0470401114275,7.761592040527643,45.0,34.05131835937498,47.83187223616481,2.020343611214766,40.0
SSGC,2,2023-01-16,2025-12-08,2025-12-09,2026-03-04,231.55179244501298,268.67692592174996,721.8174304907878,30.0,0.7738332748413084,1.1229016202496012,2.5161689511982117,58.333333333333336
SYS,2,2023-01-16,2025-12-08,2025-12-09,2026-03-04,69.45781124591348,76.81234550558929,46.249550823269445,41.66666666666667,2.5825448354085276,3.3938512991374465,1.767827728624425,46.666666666666664
TGL,2,2023-01-16,2025-12-08,2025-12-09,2026-03-04,21.772590612512815,24.66359938160213,10.470039939507899,73.33333333333333,3.212159729003906,4.48814204494138,1.627928314726566,60.0
THALL,2,2023-01-16,2025-12-08,2025-12-09,2026-03-04,20167.792148747474,23329.50356779648,3278.7000182302954,55.00000000000001,14.0302754720052,20.412713072722376,2.31485486390294,38.333333333333336
TRG,2,2023-01-16,2025-12-08,2025-12-09,2026-03-04,276.5912548564362,322.78185501452083,407.58775357331206,48.333333333333336,1.4644994735717773,2.138281135148642,2.369423580238962,50.0
UBL,2,2023-01-16,2025-12-08,2025-12-09,2026-03-04,316.0571719895457,359.24743702200925,70.8883791978267,50.0,7.48363444010417,11.287826653523283,1.738218762979437,51.66666666666667
UPFL,2,2023-01-16,2025-12-08,2025-12-09,2026-03-04,594.9663685979093,739.989493186626,2.202661044179587,56.666666666666664,225.57314453124977,336.66071271387335,0.8628360749642162,41.66666666666667
WAFI,2,2023-01-16,2025-12-08,2025-12-09,2026-03-04,53.88265316837771,60.493283545494265,23.038745546399415,51.66666666666667,4.307500000000001,6.076128838879792,1.9117876984323914,48.333333333333336
YOUW,2,2023-01-16,2025-12-08,2025-12-09,2026-03-04,0.21543351306717173,0.2930827197247717,4.365583718659535,41.66666666666667,0.11183337767918905,0.17442768595358096,2.348387840616461,41.66666666666667
ABL,3,2023-04-10,2026-03-04,2026-03-05,2026-05-28,17.161388713050105,19.313238762272313,9.934845895494998,45.0,1.6145011901855488,2.4928347621458373,0.9533544779705824,41.66666666666667
ABOT,3,2023-04-10,2026-03-04,2026-03-05,2026-05-28,2381.787291349687,2835.924056084531,265.09472993061513,45.0,13.57930196126303,20.927559192612268,1.5439276476471848,55.00000000000001
AGP,3,2023-04-10,2026-03-04,2026-03-05,2026-05-28,6629.133428969324,7926.859618036124,3601.2138911552383,40.0,4.059671274820961,6.137768878659954,2.23367088653726,51.66666666666667
AHCL,3,2023-04-10,2026-03-04,2026-03-05,2026-05-28,0.6100443448093981,0.8021225373090025,4.517481803162072,46.666666666666664,0.30033324559529645,0.44824836090701864,2.185120233810743,40.0
AICL,3,2023-04-10,2026-03-04,2026-03-05,2026-05-28,26.026114029472218,29.667799439785323,34.6576972006721,45.0,1.9058330535888677,2.7517072613807754,2.6611747633728497,40.0
AIRLINK,3,2023-04-10,2026-03-04,2026-03-05,2026-05-28,45.69045743764721,53.30033781615586,32.23473817463124,33.33333333333333,3.450834147135416,4.711174053498138,2.493742303623232,41.66666666666667
AKBL,3,2023-04-10,2026-03-04,2026-03-05,2026-05-28,12.152739983338233,14.269396484496937,13.413922384263671,36.666666666666664,1.8511034647623705,2.698299626056187,2.2015226225310176,51.66666666666667
APL,3,2023-04-10,2026-03-04,2026-03-05,2026-05-28,92.52531040141697,108.79430823754971,16.562681757146684,43.333333333333336,7.893169148763017,11.48833378199006,1.4341552236215742,53.333333333333336
ASTL,3,2023-04-10,2026-03-04,2026-03-05,2026-05-28,206.73475836764956,247.15464367961434,1298.6792500426511,38.333333333333336,0.3161667188008624,0.4407815792135452,2.0403525404949456,38.333333333333336
ATLH,3,2023-04-10,2026-03-04,2026-03-05,2026-05-28,379.38109864628376,432.6056240270367,23.025196708231093,36.666666666666664,20.956148274739594,37.50737183731206,1.345910327454921,45.0
ATRL,3,2023-04-10,2026-03-04,2026-03-05,2026-05-28,652.0874066542456,778.5853562222123,73.49127464360036,45.0,14.249002075195312,20.083281046983167,1.6805798348707417,41.66666666666667
AVN,3,2023-04-10,2026-03-04,2026-03-05,2026-05-28,1.715773280327391,2.029594166021888,5.367281064106216,38.333333333333336,0.7196989059448237,1.056179009387164,2.263761119990386,43.333333333333336
BAFL,3,2023-04-10,2026-03-04,2026-03-05,2026-05-28,18.42799605110155,23.51705353514744,28.78043268943013,45.0,2.4590982437133784,7.955543492689008,3.4281766251451233,41.66666666666667
BAHL,3,2023-04-10,2026-03-04,2026-03-05,2026-05-28,13.173572249429204,15.45980247876744,7.778331290599895,41.66666666666667,2.839496358235677,4.121710835534245,1.7240191655794317,40.0
BNWM,3,2023-04-10,2026-03-04,2026-03-05,2026-05-28,2.494209294383903,3.2643972457242807,3.9882569694539134,50.0,1.4656671524047846,2.3330499985182214,2.3325517579253305,48.333333333333336
BOP,3,2023-04-10,2026-03-04,2026-03-05,2026-05-28,2.479322688708559,2.949759833237762,7.875348529391844,53.333333333333336,0.8727257410685226,1.2010559993738052,2.893472224637416,43.333333333333336
BWCL,3,2023-04-10,2026-03-04,2026-03-05,2026-05-28,4040.0824971172415,4829.49560641445,913.8615923582971,45.0,6.012375895182287,9.607407885612876,1.3898789150314255,50.0
CHCC,3,2023-04-10,2026-03-04,2026-03-05,2026-05-28,9.619252483287452,11.938948851899562,3.6123444450277007,45.0,7.1891682942708295,10.027652898362147,2.6960202618336964,45.0
CNERGY,3,2023-04-10,2026-03-04,2026-03-05,2026-05-28,1.1543237645952924,1.3485633518161322,14.465808934771566,50.0,0.17133333683013918,0.23617784677298806,2.2415938279604695,33.33333333333333
COLG,3,2023-04-10,2026-03-04,2026-03-05,2026-05-28,121.01386865699209,138.25979887051358,10.939248659917746,38.333333333333336,10.04383138020833,13.565725203888542,0.9098555785289848,45.0
CPHL,3,2023-04-10,2026-03-04,2026-03-05,2026-05-28,4.128920551055986,5.055567129361385,5.4889064911041645,55.00000000000001,1.705333836873372,2.5051938471636737,2.2162666982489125,38.333333333333336
DCR,3,2023-04-10,2026-03-04,2026-03-05,2026-05-28,0.6064614781773731,0.7691530661024497,1.7388149894923655,48.333333333333336,0.224387550354004,0.45049976483296106,0.6463682727781115,53.333333333333336
DGKC,3,2023-04-10,2026-03-04,2026-03-05,2026-05-28,14.53736356707849,16.76171123104247,8.081303082419458,41.66666666666667,5.423167165120443,7.200327968773134,3.105959650589863,46.666666666666664
DHPL,3,2023-04-10,2026-03-04,2026-03-05,2026-05-28,2.5646361110203593,3.240029032111358,10.030502000035305,75.0,1.4674999999999994,1.6744775304553956,5.657436430519535,25.0
EFERT,3,2023-04-10,2026-03-04,2026-03-05,2026-05-28,6.705233096236756,8.205748502809412,3.373475712828127,46.666666666666664,2.514504241943357,3.978056351499951,1.2528646598826363,46.666666666666664
ENGROH,3,2023-04-10,2026-03-04,2026-03-05,2026-05-28,15.213202991178651,18.237953823321885,5.628277723878126,50.90909090909091,6.056727272727269,8.29144027405262,2.2520007872218635,56.36363636363636
EPCL,3,2023-04-10,2026-03-04,2026-03-05,2026-05-28,2819.265536241137,3371.894048512527,8273.263523110429,51.66666666666667,0.8225002288818355,1.1572476894285475,2.470243743982364,36.666666666666664
FABL,3,2023-04-10,2026-03-04,2026-03-05,2026-05-28,12.390072907209294,14.197382820265997,14.310310351651928,45.0,1.6373045603434226,2.5057807490230752,1.9760367237574548,46.666666666666664
FATIMA,3,2023-04-10,2026-03-04,2026-03-05,2026-05-28,35.48400319480308,39.310797577645204,26.161303631400973,45.0,2.869424184163412,4.146825078363839,2.1571279932943046,33.33333333333333
FCCL,3,2023-04-10,2026-03-04,2026-03-05,2026-05-28,1.9357058882775064,2.297362882592593,4.158846601246124,38.333333333333336,1.4281668980916342,1.9449907964053756,3.1147405643577284,41.66666666666667
FFC,3,2023-04-10,2026-03-04,2026-03-05,2026-05-28,104.6150148379112,121.77477368570602,20.83626078104207,51.66666666666667,7.804247029622398,12.777451727265209,1.5857326264963845,53.333333333333336
FFL,3,2023-04-10,2026-03-04,2026-03-05,2026-05-28,228.22425448240332,273.1440430707029,1330.0273864068665,45.0,0.383999903996786,0.544967729295993,2.341570385237413,50.0
FHAM,3,2023-04-10,2026-03-04,2026-03-05,2026-05-28,3.246517857702797,3.5735186491341064,10.712151074197806,41.66666666666667,0.4339999834696451,0.6706067831006678,1.4383289592846662,46.666666666666664
GADT,3,2023-04-10,2026-03-04,2026-03-05,2026-05-28,19.37777263222129,24.733862829897713,6.809325205270021,36.666666666666664,8.66849975585937,12.953789186544183,3.1749925944091366,43.333333333333336
GAL,3,2023-04-10,2026-03-04,2026-03-05,2026-05-28,149.23876347983085,171.07528784997075,35.67404791659838,50.90909090909091,12.994363636363637,16.393797330365253,3.351275996357371,60.0
GATM,3,2023-04-10,2026-03-04,2026-03-05,2026-05-28,365.5574024240197,438.63161195831293,1616.9440348850617,50.0,0.5203333536783851,0.7710490755892463,2.44078986841985,43.333333333333336
GHGL,3,2023-04-10,2026-03-04,2026-03-05,2026-05-28,3.7352732708201075,4.262489753611469,10.721144192143855,50.0,0.7119829813639323,1.0129666338264127,2.1702245531878455,40.0
GHNI,3,2023-04-10,2026-03-04,2026-03-05,2026-05-28,72621.7690957829,87275.15686553935,9099.86416569415,55.00000000000001,20.84983418782553,28.31191653854672,2.800640802023907,53.333333333333336
GLAXO,3,2023-04-10,2026-03-04,2026-03-05,2026-05-28,14.654510417632007,18.370820569852622,4.406701993432614,43.333333333333336,7.117179361979169,9.920527066916605,2.1451276782759208,58.333333333333336
HALEON,3,2023-04-10,2026-03-04,2026-03-05,2026-05-28,486.4941135141883,568.7577558169017,65.2796243342413,51.66666666666667,13.27204793294271,19.93891711449838,1.8253596731495767,55.00000000000001
HBL,3,2023-04-10,2026-03-04,2026-03-05,2026-05-28,31.060538479233042,35.21225919056535,11.115312114817975,46.666666666666664,5.195011393229167,7.813018586003008,1.9234029818109142,53.333333333333336
HCAR,3,2023-04-10,2026-03-04,2026-03-05,2026-05-28,4330.071412222946,5215.2967516460585,2227.684194786984,40.0,5.381464131673183,8.4061570724227,2.8954601537336,38.333333333333336
HGFA,3,2023-04-10,2026-03-04,2026-03-05,2026-05-28,0.6052138445641515,0.7311636295460275,4.308754296149661,50.943396226415096,0.2522623853863414,0.33788325649089784,1.8114912374144458,47.16981132075472
HINOON,3,2023-04-10,2026-03-04,2026-03-05,2026-05-28,10362.262458631943,12396.280599191961,1105.8288438866493,51.66666666666667,14.762960815429695,23.533178375275813,1.702638056114545,45.0
HMB,3,2023-04-10,2026-03-04,2026-03-05,2026-05-28,3.3881359159955973,3.984251071430932,3.1729021043866457,38.333333333333336,1.3900628407796207,2.287229717624598,1.2789757521846572,45.0
HUBC,3,2023-04-10,2026-03-04,2026-03-05,2026-05-28,11.851764155595355,13.471030572701189,5.63459491323949,45.0,3.809502665201829,5.605532530521853,1.8682375503701407,45.0
HUMNL,3,2023-04-10,2026-03-04,2026-03-05,2026-05-28,95.6573830778036,114.25747085129137,897.9202975981445,45.0,0.20554699897766113,0.31682881379143646,1.9257043173461126,38.333333333333336
IBFL,3,2023-04-10,2026-03-04,2026-03-05,2026-05-28,5814.06090308442,6952.808298623884,2676.5135903364426,20.0,4.016832478841158,7.1281680090080854,1.8658621040828982,36.666666666666664
ILP,3,2023-04-10,2026-03-04,2026-03-05,2026-05-28,65.36193792047105,76.8934467994503,80.37586450764871,48.333333333333336,1.6438327789306648,2.525185083537937,2.079038968709256,46.666666666666664
INDU,3,2023-04-10,2026-03-04,2026-03-05,2026-05-28,128.77855388640012,148.32619609276563,6.576625526195204,45.0,21.835793050130217,34.700484603969095,1.1739970295838722,50.0
INIL,3,2023-04-10,2026-03-04,2026-03-05,2026-05-28,141.35919777463616,165.53494811572887,88.42092784037591,50.0,3.5124994913736995,5.061278367789613,2.3136464542382678,41.66666666666667
ISL,3,2023-04-10,2026-03-04,2026-03-05,2026-05-28,64.80823432119256,76.01977488252935,82.85725936163027,38.333333333333336,2.086333084106445,2.8827905531091806,2.752793867049897,50.0
JDWS,3,2023-04-10,2026-03-04,2026-03-05,2026-05-28,76.88208715882895,88.72910617583312,8.862464687323039,33.33333333333333,11.913042195638019,16.96324640130995,1.4056607043863336,40.0
JVDC,3,2023-04-10,2026-03-04,2026-03-05,2026-05-28,13.164810197309267,15.899000320716064,10.411581436852765,45.0,3.6576672871907543,4.871646695752579,3.1766237647333195,38.333333333333336
KAPCO,3,2023-04-10,2026-03-04,2026-03-05,2026-05-28,1362.2927176154853,1628.580851524999,4955.685201276814,45.0,0.35563923517863044,0.6015420933430926,1.2981435631451999,40.0
KEL,3,2023-04-10,2026-03-04,2026-03-05,2026-05-28,0.37130531298732544,0.4432119916800764,4.80875770985065,45.0,0.18716670672098792,0.2800327839960138,2.4337321264585774,40.0
KOHC,3,2023-04-10,2026-03-04,2026-03-05,2026-05-28,39.78074488542522,45.85482623543944,46.763552312507805,46.666666666666664,2.596499252319337,3.33553984081597,3.1000972998520084,50.0
KTML,3,2023-04-10,2026-03-04,2026-03-05,2026-05-28,19.419161478587093,22.22023225077946,41.77658611292488,48.333333333333336,1.3793332417805986,1.774970344102958,2.981782004340715,50.0
LCI,3,2023-04-10,2026-03-04,2026-03-05,2026-05-28,494.6731262152988,577.7654794119618,212.241935385565,46.666666666666664,2.914998372395839,4.759921910201441,1.2455378864567168,46.666666666666664
LOTCHEM,3,2023-04-10,2026-03-04,2026-03-05,2026-05-28,977.861879638396,1170.8914545148145,3863.9712721466885,41.66666666666667,0.5581857681274414,0.8055969881407072,2.350941367652324,41.66666666666667
LUCK,3,2023-04-10,2026-03-04,2026-03-05,2026-05-28,492.2752128487038,596.777230520864,116.89724590430531,40.0,9.99699859619141,14.013745412078116,2.520074005451931,45.0
MARI,3,2023-04-10,2026-03-04,2026-03-05,2026-05-28,34.324211311954784,42.472272657507155,5.377677547417116,45.0,8.163999430338547,12.137365048557701,1.2652257339981676,41.66666666666667
MCB,3,2023-04-10,2026-03-04,2026-03-05,2026-05-28,10.95614737480929,13.348293572082078,2.872432690168299,48.333333333333336,5.532936096191411,7.959153207799037,1.4913758772615062,50.0
MEBL,3,2023-04-10,2026-03-04,2026-03-05,2026-05-28,41.73390783836856,44.31472537564096,8.997599469723657,38.333333333333336,7.598420206705728,10.930486924528141,1.659049805421406,41.66666666666667
MEHT,3,2023-04-10,2026-03-04,2026-03-05,2026-05-28,17.63089747918009,19.354903080551242,7.385651593314571,33.33333333333333,4.712166849772141,7.683899979349155,2.0040333452750936,36.666666666666664
MLCF,3,2023-04-10,2026-03-04,2026-03-05,2026-05-28,10.037860137083722,11.85152066416658,11.88919976445825,45.0,2.3841668446858715,3.2291413309353008,2.8581582105666214,43.333333333333336
MTL,3,2023-04-10,2026-03-04,2026-03-05,2026-05-28,90.34629940800203,115.94683028663493,17.84391493975178,43.333333333333336,9.078249104817708,37.85407547024832,2.598164989940382,46.666666666666664
MUGHAL,3,2023-04-10,2026-03-04,2026-03-05,2026-05-28,88.98105875769069,105.70434731226773,121.59156629478967,46.666666666666664,2.1213334401448565,2.9008961735518324,2.9783945309687185,45.0
MUREB,3,2023-04-10,2026-03-04,2026-03-05,2026-05-28,1509.5080522116866,1788.376928340969,166.33161709027212,40.0,11.689117431640625,17.88023629985824,1.3303438620028485,31.666666666666664
NATF,3,2023-04-10,2026-03-04,2026-03-05,2026-05-28,95.16258753107407,110.10969458333615,25.93441858028502,46.666666666666664,6.4902114868164045,9.990369335056444,1.8217879212280155,46.666666666666664
NBP,3,2023-04-10,2026-03-04,2026-03-05,2026-05-28,43.69682300024796,51.63792586567473,23.356976833708313,45.0,5.422383626302083,7.947034152058457,2.9034576799733918,60.0
NESTLE,3,2023-04-10,2026-03-04,2026-03-05,2026-05-28,290.36053501315905,348.4527268196221,3.9684263301162606,46.666666666666664,47.9236653645833,72.40947580858285,0.6568565639094872,43.333333333333336
NML,3,2023-04-10,2026-03-04,2026-03-05,2026-05-28,11.480916570623432,12.814804392579052,8.060784974368927,43.333333333333336,4.119833374023438,5.578899639068097,2.895089100156598,48.333333333333336
NRL,3,2023-04-10,2026-03-04,2026-03-05,2026-05-28,714.0782452770887,843.858158495896,194.39438819843446,35.0,7.786833190917978,11.670811560112366,2.2660228370862474,51.66666666666667
OGDC,3,2023-04-10,2026-03-04,2026-03-05,2026-05-28,36.70964586761376,40.40918333534274,11.922527957973724,38.333333333333336,5.1657414754231805,7.3394237060402,1.7516481766325962,46.666666666666664
PABC,3,2023-04-10,2026-03-04,2026-03-05,2026-05-28,4.266831602856388,4.960799352541671,4.1590514559621266,50.0,2.0328332265218125,3.018869578014589,2.0299556628339808,45.0
PAEL,3,2023-04-10,2026-03-04,2026-03-05,2026-05-28,4.082951849172271,4.613872429450338,10.418133279279477,36.666666666666664,1.1079996744791667,1.4774986623215995,2.917305504542974,51.66666666666667
PAKT,3,2023-04-10,2026-03-04,2026-03-05,2026-05-28,218.17837789889168,256.40122440458003,16.866494050387082,43.333333333333336,19.198640950520815,30.005796695731398,1.5522680002455358,45.0
PGLC,3,2023-04-10,2026-03-04,2026-03-05,2026-05-28,1.1638881223300401,1.3835277731151656,8.727427187445198,46.666666666666664,0.38433332443237317,0.5507782168994505,2.8322802432305565,40.0
PIBTL,3,2023-04-10,2026-03-04,2026-03-05,2026-05-28,175.04212951340952,209.41094696406356,1081.9182637988033,53.333333333333336,0.4244998455047606,0.5836649538508809,2.758931652002587,48.333333333333336
PIOC,3,2023-04-10,2026-03-04,2026-03-05,2026-05-28,52.05233829214327,63.25769435471233,21.04739350435162,41.66666666666667,6.519833882649747,9.086249394896251,2.7480967191783234,51.66666666666667
PKGS,3,2023-04-10,2026-03-04,2026-03-05,2026-05-28,759.8627717728639,897.4536970052083,103.9868116270636,36.666666666666664,11.190699259440112,18.213824729741436,1.606701576639922,48.333333333333336
POL,3,2023-04-10,2026-03-04,2026-03-05,2026-05-28,11.431473403139332,13.184108230663545,1.7616877416790804,46.666666666666664,4.436996459960932,6.75900736580103,0.6864023846588944,40.0
POWER,3,2023-04-10,2026-03-04,2026-03-05,2026-05-28,0.9931152902722287,1.258949673503169,5.407377766063225,50.0,0.4871667544047039,0.6472467540057766,2.7204819706462104,41.66666666666667
PPL,3,2023-04-10,2026-03-04,2026-03-05,2026-05-28,16.98536064132913,19.580564072497904,7.627805130295571,38.333333333333336,5.074832153320305,6.916724808501634,2.3394892493892323,48.333333333333336
PRL,3,2023-04-10,2026-03-04,2026-03-05,2026-05-28,2.358791458933393,2.833017764593811,7.317293891254452,43.333333333333336,0.6834999720255527,1.005013336726647,2.078909031318481,46.666666666666664
PSEL,3,2023-04-10,2026-03-04,2026-03-05,2026-05-28,29.927381633610914,36.36837784074576,3.5287035041690458,43.333333333333336,9.290172322591141,13.362002846248696,1.0873703885176673,35.0
PSO,3,2023-04-10,2026-03-04,2026-03-05,2026-05-28,256.79810347614244,300.2978896194842,71.10043593382821,38.333333333333336,6.778500366210947,10.085761735136224,1.8842729802713498,41.66666666666667
PSX,3,2023-04-10,2026-03-04,2026-03-05,2026-05-28,25.860450256519748,30.10410301843555,70.23272419939696,45.0,0.9031668980916341,1.301603728163457,2.5627114462905634,51.66666666666667
PTC,3,2023-04-10,2026-03-04,2026-03-05,2026-05-28,7.415097781213138,8.812246117256889,14.082781597629243,48.333333333333336,1.4993335088094073,2.0174200187883984,2.840394904498091,51.66666666666667
RMPL,3,2023-04-10,2026-03-04,2026-03-05,2026-05-28,193.27845180790666,245.5079846311594,2.130701935813404,56.666666666666664,54.591487630208334,79.50615792597128,0.6003781145540737,45.0
SAZEW,3,2023-04-10,2026-03-04,2026-03-05,2026-05-28,402.32840078002414,463.64916284939085,19.868960532082156,45.0,46.8157755533854,63.71050781627061,2.4380076655962757,46.666666666666664
SCBPL,3,2023-04-10,2026-03-04,2026-03-05,2026-05-28,3.54012203995538,4.102563989260205,5.842797448991165,30.0,1.123720105489094,1.6870833957433813,1.867529437682236,46.666666666666664
SEARL,3,2023-04-10,2026-03-04,2026-03-05,2026-05-28,2118.302445194116,2533.4541183643705,2351.16827571573,46.666666666666664,2.157833480834959,3.0069236231921166,2.474625953548611,45.0
SHFA,3,2023-04-10,2026-03-04,2026-03-05,2026-05-28,87.32074205927725,102.3973511152456,18.19913524644249,43.333333333333336,7.111336263020831,10.281069466289173,1.4970859135317771,48.333333333333336
SNGP,3,2023-04-10,2026-03-04,2026-03-05,2026-05-28,3.7266711491751163,5.010777007986059,3.9813573285885604,45.0,1.7313336690266918,2.501809189789625,1.7932938571414208,43.333333333333336
SRVI,3,2023-04-10,2026-03-04,2026-03-05,2026-05-28,87.90368060893596,108.16062900491272,5.537836418731881,40.0,33.82330118815102,51.99779629688452,2.1254219802886656,40.0
SSGC,3,2023-04-10,2026-03-04,2026-03-05,2026-05-28,375.34346393691374,450.18801906390877,1428.461973008249,38.333333333333336,0.7493333180745445,1.027894137326249,3.0229720642169395,41.66666666666667
SYS,3,2023-04-10,2026-03-04,2026-03-05,2026-05-28,108.34195869029624,126.28869401491319,73.26444918353145,48.333333333333336,2.6289638519287113,3.9083624960093877,1.9353661993282325,35.0
TGL,3,2023-04-10,2026-03-04,2026-03-05,2026-05-28,7.361629376624976,9.707272137496004,4.627272253988828,53.333333333333336,3.3221672058105467,5.194767990676236,2.1304347756294097,40.0
THALL,3,2023-04-10,2026-03-04,2026-03-05,2026-05-28,2609.930042379459,3114.2183889692897,416.48105015880617,45.0,13.642997233072919,19.821524257539103,2.212691226022813,46.666666666666664
TRG,3,2023-04-10,2026-03-04,2026-03-05,2026-05-28,476.96098910213556,575.2175706847172,813.5209950393405,35.0,1.6228328069051101,2.405803845642845,2.943950420871244,51.66666666666667
UBL,3,2023-04-10,2026-03-04,2026-03-05,2026-05-28,180.9869808151825,190.2818659767475,49.29488987787191,41.66666666666667,10.015498860677079,13.157576309870667,2.7737623764818173,50.0
UPFL,3,2023-04-10,2026-03-04,2026-03-05,2026-05-28,7187.002923313524,8470.331704980312,27.84039870327055,43.333333333333336,240.60387369791698,392.58984795921526,0.9682971544517848,38.333333333333336
WAFI,3,2023-04-10,2026-03-04,2026-03-05,2026-05-28,6.784266898908868,7.915069710095934,3.514276463679085,49.09090909090909,3.2578181818181835,4.8200565820896175,1.67353204857899,45.45454545454545
YOUW,3,2023-04-10,2026-03-04,2026-03-05,2026-05-28,0.46468527070630095,0.7608197514057354,7.863332785222362,46.666666666666664,0.22666668494542447,0.4047056727273151,4.146031384182217,33.33333333333333
ABL,4,2023-07-03,2026-05-28,2026-05-29,2026-08-20,3.5012538330855993,4.067834848342192,1.9978527094408831,43.333333333333336,1.4242719014485659,2.054614258923609,0.8048360445851906,40.0
ABOT,4,2023-07-03,2026-05-28,2026-05-29,2026-08-20,52.506646787012706,57.63245041127937,5.586878547718306,58.333333333333336,8.895832316080734,12.901617103347013,0.9405047210806792,48.333333333333336
AGP,4,2023-07-03,2026-05-28,2026-05-29,2026-08-20,12.338924471200553,13.863868862864779,6.322202135205955,58.333333333333336,1.9058334350585975,2.6896079405846662,0.9613946708960189,50.0
AHCL,4,2023-07-03,2026-05-28,2026-05-29,2026-08-20,1.0748694796852802,1.1767114516350778,6.917037011894528,46.666666666666664,0.20250012079874663,0.273815679814784,1.299548607525979,43.333333333333336
AICL,4,2023-07-03,2026-05-28,2026-05-29,2026-08-20,5.196782103898187,6.19117929663142,6.136444236888697,45.0,1.4969997406005866,2.1816615254497838,1.7988581274158397,48.333333333333336
AIRLINK,4,2023-07-03,2026-05-28,2026-05-29,2026-08-20,14.00571743179937,15.915184903140794,9.43819364250133,33.33333333333333,1.8441670735677083,2.551810297197837,1.2579109557543777,45.0
AKBL,4,2023-07-03,2026-05-28,2026-05-29,2026-08-20,7.663204326969825,9.091279839378732,7.315012958353874,50.0,1.6223452250162766,2.3410886422817234,1.5586922782557329,40.0
APL,4,2023-07-03,2026-05-28,2026-05-29,2026-08-20,25.463433206096692,32.271033050177245,4.725742546930131,41.66666666666667,3.5224995930989604,4.88597199926771,0.6478663872840379,48.333333333333336
ASTL,4,2023-07-03,2026-05-28,2026-05-29,2026-08-20,6.62858048461672,7.859512232766468,41.674526900462595,46.666666666666664,0.17483342488606762,0.23048142962653956,1.0789592717214254,41.66666666666667
ATLH,4,2023-07-03,2026-05-28,2026-05-29,2026-08-20,188.03106087899025,210.97610794332974,11.35809845661839,36.666666666666664,5.9861450195312615,9.895198723304427,0.35801699063140685,36.666666666666664
ATRL,4,2023-07-03,2026-05-28,2026-05-29,2026-08-20,87.91418777925422,104.92729864065805,9.558452378553078,48.333333333333336,13.674494425455718,22.226098594068873,1.4089967053056363,38.333333333333336
AVN,4,2023-07-03,2026-05-28,2026-05-29,2026-08-20,1.4686740744142819,1.6797160939021292,4.380937611304957,45.0,0.43500003814697247,0.7116460989776846,1.2642279923653115,30.0
BAFL,4,2023-07-03,2026-05-28,2026-05-29,2026-08-20,1.761237151681566,2.396823011137542,3.036527724926041,48.333333333333336,0.5626745223999022,0.940370169210907,0.9796433186417292,48.333333333333336
BAHL,4,2023-07-03,2026-05-28,2026-05-29,2026-08-20,14.07013583264086,15.237757649219256,8.173945463324758,41.66666666666667,1.6553329467773452,2.423267333863434,0.9566161593781871,40.0
BNWM,4,2023-07-03,2026-05-28,2026-05-29,2026-08-20,1.6667609664815464,2.0468971050682114,2.5005952167801997,45.0,0.7206666310628254,1.1050299287568335,1.0693054539219722,25.0
BOP,4,2023-07-03,2026-05-28,2026-05-29,2026-08-20,1.7057903578536693,2.125884484952972,4.913425252720421,51.66666666666667,0.48399982452392565,0.714189418875464,1.3983975502307042,43.333333333333336
BWCL,4,2023-07-03,2026-05-28,2026-05-29,2026-08-20,13.949183097485967,17.14224436418122,2.91623405431347,53.333333333333336,3.1141103108724026,5.3752739573789485,0.6587842176833345,41.66666666666667
CHCC,4,2023-07-03,2026-05-28,2026-05-29,2026-08-20,15.003837710633672,18.19615143550474,4.615932323615736,48.333333333333336,5.7298324584961,8.499091933638029,1.8161133036738542,35.0
CNERGY,4,2023-07-03,2026-05-28,2026-05-29,2026-08-20,1.1133336585888065,1.231320873255583,11.839470252493216,50.0,0.24450003306070972,0.3818921995896045,2.2110393241653137,45.0
COLG,4,2023-07-03,2026-05-28,2026-05-29,2026-08-20,15.478903746720505,18.338607902307032,1.280452166876413,55.00000000000001,7.647662353515614,11.452469469674975,0.6225121959184924,35.0
CPHL,4,2023-07-03,2026-05-28,2026-05-29,2026-08-20,6.336268377800562,6.782032890855916,8.331419453106301,38.333333333333336,0.7446669260660808,1.1200121359432937,0.9611668566658117,43.333333333333336
DCR,4,2023-07-03,2026-05-28,2026-05-29,2026-08-20,0.38670918267282145,0.48731928888033715,1.037432456235657,40.0,0.16212724049886104,0.28123228017307866,0.4289668461309139,41.66666666666667
DGKC,4,2023-07-03,2026-05-28,2026-05-29,2026-08-20,10.233673030555025,12.855570057719236,4.810562498176032,53.333333333333336,3.431167602539058,5.150274488979079,1.6184915479257285,40.0
EFERT,4,2023-07-03,2026-05-28,2026-05-29,2026-08-20,4.078002389216258,4.879806430506353,2.114166714944112,40.0,1.4302815755208338,1.8620280012156003,0.7465798483731247,41.66666666666667
ENGROH,4,2023-07-03,2026-05-28,2026-05-29,2026-08-20,19.02945831626624,21.6955924416746,6.863647075028574,47.368421052631575,3.8982456140350923,5.09989439175142,1.4150393615622308,42.10526315789473
EPCL,4,2023-07-03,2026-05-28,2026-05-29,2026-08-20,1.6802984202730054,2.023184393542781,4.914547047621885,46.666666666666664,0.423166783650716,0.5776115715740053,1.2429769222502265,33.33333333333333
FABL,4,2023-07-03,2026-05-28,2026-05-29,2026-08-20,4.499963514545235,5.018349445164131,4.7046975818233285,45.0,1.009602610270185,1.348354753173644,1.0448640319958795,35.0
FATIMA,4,2023-07-03,2026-05-28,2026-05-29,2026-08-20,7.909262408258986,9.505570133688002,4.91850025632641,55.00000000000001,2.2806671142578123,3.550875443039608,1.441261878234448,38.333333333333336
FCCL,4,2023-07-03,2026-05-28,2026-05-29,2026-08-20,2.464774853107524,3.3626464841378776,4.400768231856629,50.0,0.907333437601725,1.2809893378864292,1.6424578616711638,43.333333333333336
FFC,4,2023-07-03,2026-05-28,2026-05-29,2026-08-20,8.254311456001856,10.396540454812769,1.5015125693635676,61.66666666666667,4.214413452148434,5.905102105255068,0.771310492653835,41.66666666666667
FFL,4,2023-07-03,2026-05-28,2026-05-29,2026-08-20,1.2213491304754946,1.4245528514734882,7.065773488778633,38.333333333333336,0.1539999961853026,0.2104361812005159,0.9045498763768599,43.333333333333336
FHAM,4,2023-07-03,2026-05-28,2026-05-29,2026-08-20,1.0445527790839386,1.2614743877074106,3.1405836743387567,56.666666666666664,0.2889999707539877,0.4779994907266753,0.8645867379767755,31.666666666666664
GADT,4,2023-07-03,2026-05-28,2026-05-29,2026-08-20,32.5945040513616,36.358604522537156,10.869196405759434,45.0,5.638834126790365,8.534603763066697,1.7951720539537919,45.0
GAL,4,2023-07-03,2026-05-28,2026-05-29,2026-08-20,25.099972438209207,31.900374930863745,4.396874047756415,57.89473684210527,11.014035087719305,15.105416247161154,1.9622446732999308,38.59649122807017
GATM,4,2023-07-03,2026-05-28,2026-05-29,2026-08-20,1.479436007867393,1.6784893794215545,5.506252980860538,53.333333333333336,0.5636667569478355,0.776277587875751,2.0614391876372617,40.0
GHGL,4,2023-07-03,2026-05-28,2026-05-29,2026-08-20,2.89262956038055,3.4055917271571605,7.352068440353682,56.666666666666664,0.5834285736083988,0.8383310648582695,1.5225909149664918,48.333333333333336
GHNI,4,2023-07-03,2026-05-28,2026-05-29,2026-08-20,98.66013390628105,133.5723665777095,8.256334846421751,45.0,20.2091542561849,31.096744462539693,1.8172782685215192,35.0
GLAXO,4,2023-07-03,2026-05-28,2026-05-29,2026-08-20,14.994570776380147,18.086787256081468,4.231157627779338,48.333333333333336,3.8276662190755255,5.852757914906534,1.0619190304809478,41.66666666666667
HALEON,4,2023-07-03,2026-05-28,2026-05-29,2026-08-20,13.439689441206102,16.866560895799907,1.735977168979474,38.333333333333336,6.4943339029947955,9.82864672699215,0.8389469058791112,36.666666666666664
HBL,4,2023-07-03,2026-05-28,2026-05-29,2026-08-20,8.186568190731931,9.636025166942213,2.728666142280129,48.333333333333336,3.895148722330731,5.507502493371553,1.2890289318498849,43.333333333333336
HCAR,4,2023-07-03,2026-05-28,2026-05-29,2026-08-20,136.8743490164597,162.70891080422115,56.74261903908755,38.333333333333336,4.2785059611002625,6.6876818612273095,1.723280676427654,36.666666666666664
HGFA,4,2023-07-03,2026-05-28,2026-05-29,2026-08-20,0.5877171434173324,0.7520854802775921,3.671744353539482,61.81818181818181,0.3781735333529387,0.5030443900597944,2.296678412292104,47.27272727272727
HINOON,4,2023-07-03,2026-05-28,2026-05-29,2026-08-20,56.90341267686717,69.24336744846703,5.715239468295817,48.333333333333336,9.568327840169271,13.722172134187115,0.9604491252082197,40.0
HMB,4,2023-07-03,2026-05-28,2026-05-29,2026-08-20,9.538723129855534,10.259832046401385,8.50577262093861,35.0,0.8417622884114586,1.1033601428893292,0.7487992388889282,35.0
HUBC,4,2023-07-03,2026-05-28,2026-05-29,2026-08-20,12.781802751500683,14.270208506188023,5.760478534068532,45.0,2.5166666666666746,3.670658200152706,1.1380297251977856,36.666666666666664
HUMNL,4,2023-07-03,2026-05-28,2026-05-29,2026-08-20,0.2695825588854246,0.3206796373631028,2.4703137449477346,41.66666666666667,0.10699996948242217,0.15393722110024474,0.979485882825464,43.333333333333336
IBFL,4,2023-07-03,2026-05-28,2026-05-29,2026-08-20,37.958053405437354,47.14556950034183,13.040837234824536,50.0,7.184834289550777,10.872838528821424,2.525826314208452,40.0
ILP,4,2023-07-03,2026-05-28,2026-05-29,2026-08-20,6.87345032515938,8.221235043286951,7.127221003595709,50.0,1.518667093912762,2.378125247050618,1.5299511854861916,36.666666666666664
INDU,4,2023-07-03,2026-05-28,2026-05-29,2026-08-20,46.33172772429027,52.59159961120287,2.3457487710229175,43.333333333333336,10.22567545572919,14.237878680283266,0.5125116329879065,48.333333333333336
INIL,4,2023-07-03,2026-05-28,2026-05-29,2026-08-20,12.631108333700615,14.372524775661994,7.5120072223405945,38.333333333333336,2.9170008341471356,4.350674401262258,1.724914967155642,31.666666666666664
ISL,4,2023-07-03,2026-05-28,2026-05-29,2026-08-20,8.847719219682961,10.514880815101879,10.184724866886098,43.333333333333336,1.7490001678466804,2.5437438880806,1.980686294003358,46.666666666666664
JDWS,4,2023-07-03,2026-05-28,2026-05-29,2026-08-20,1081.5309341629566,1354.9041267963703,117.20926410004495,50.0,6.393828328450533,9.909062468315813,0.6862787844371773,33.33333333333333
JVDC,4,2023-07-03,2026-05-28,2026-05-29,2026-08-20,9.661061166913148,12.055680451954103,6.570078505145897,51.66666666666667,2.281165822347005,3.173700648823371,1.5524885060100633,36.666666666666664
KAPCO,4,2023-07-03,2026-05-28,2026-05-29,2026-08-20,18.40682294152807,24.540035241246095,65.5912810239866,36.666666666666664,0.18716665903727236,0.2858233042337019,0.6646375544173213,43.333333333333336
KEL,4,2023-07-03,2026-05-28,2026-05-29,2026-08-20,0.523442555187313,0.607230988950264,6.8301436037964525,45.0,0.11450000603993739,0.14757482262429392,1.4761898958019635,46.666666666666664
KOHC,4,2023-07-03,2026-05-28,2026-05-29,2026-08-20,69.88897645254016,117.60220417814038,70.6799521155658,38.333333333333336,1.7899996439615886,2.7955934973871797,1.8171596819503932,48.333333333333336
KTML,4,2023-07-03,2026-05-28,2026-05-29,2026-08-20,14.993369254496837,20.538389804515038,34.05110318968416,38.333333333333336,0.9496667861938481,1.4035504081694488,1.9802242761943776,43.333333333333336
LCI,4,2023-07-03,2026-05-28,2026-05-29,2026-08-20,107.21024040156475,120.3870483536999,46.49356755039455,46.666666666666664,2.195333607991544,3.219505169716806,0.9433134257616764,43.333333333333336
LOTCHEM,4,2023-07-03,2026-05-28,2026-05-29,2026-08-20,91.4345500421362,114.37576861589977,329.2121206598389,48.333333333333336,0.35854771931966023,0.49233986278183745,1.2979609537297285,41.66666666666667
LUCK,4,2023-07-03,2026-05-28,2026-05-29,2026-08-20,148.8708811292948,159.97208790611106,33.03667507495086,43.333333333333336,5.559666442871094,7.821915739296131,1.2288695266230731,50.0
MARI,4,2023-07-03,2026-05-28,2026-05-29,2026-08-20,50.833839909887615,52.99094971776439,7.663274188981078,48.333333333333336,5.645496622721352,7.839249901410711,0.8474730768630763,41.66666666666667
MCB,4,2023-07-03,2026-05-28,2026-05-29,2026-08-20,29.382683421200195,31.055952658634343,7.334080948152358,50.0,3.6924682617187528,5.587269444785147,0.9137520588258587,48.333333333333336
MEBL,4,2023-07-03,2026-05-28,2026-05-29,2026-08-20,1779.60353214111,2235.185904271014,319.9172139951356,50.0,6.251565043131515,9.103184180376001,1.1614059542230577,46.666666666666664
MEHT,4,2023-07-03,2026-05-28,2026-05-29,2026-08-20,30.56044843875827,51.93686867874689,18.58038315392239,43.333333333333336,4.279834238688148,6.824205810860237,2.177481414275728,43.333333333333336
MLCF,4,2023-07-03,2026-05-28,2026-05-29,2026-08-20,6.596931974824484,8.355881551604263,6.833028659444136,51.66666666666667,1.8760008494059226,2.6615506315746713,1.9209457605981899,35.0
MTL,4,2023-07-03,2026-05-28,2026-05-29,2026-08-20,49.973365979623644,69.26776322210871,14.5847244684358,53.333333333333336,12.417250061035158,51.597783426044685,3.4347170056223795,41.66666666666667
MUGHAL,4,2023-07-03,2026-05-28,2026-05-29,2026-08-20,2.84448110699507,3.4196356734942515,3.4236441479668547,51.66666666666667,1.2339995066324865,1.7363913538083233,1.489510332794224,38.333333333333336
MUREB,4,2023-07-03,2026-05-28,2026-05-29,2026-08-20,58.088389276632476,66.41300270868722,6.369832504609375,41.66666666666667,5.2570007324218695,8.170950582106958,0.5728563086750103,38.333333333333336
NATF,4,2023-07-03,2026-05-28,2026-05-29,2026-08-20,22.31957902554822,26.21416146389912,5.914296833749668,48.333333333333336,4.1956675211588585,5.547238552910298,1.1001856680411684,43.333333333333336
NBP,4,2023-07-03,2026-05-28,2026-05-29,2026-08-20,27.296775526920335,28.942615695303388,13.499691041619869,40.0,2.88583450317382,4.142039883390059,1.4295250363537406,50.0
NESTLE,4,2023-07-03,2026-05-28,2026-05-29,2026-08-20,147.45316909084897,188.81851392262462,1.9615870210761746,48.333333333333336,30.182902018229168,43.82286435488274,0.40319559994581416,43.333333333333336
NML,4,2023-07-03,2026-05-28,2026-05-29,2026-08-20,8.272034093684223,9.818715231096325,5.526547629603066,48.333333333333336,2.266665649414061,3.0129073339328296,1.5105913774027038,45.0
NRL,4,2023-07-03,2026-05-28,2026-05-29,2026-08-20,58.903344409268364,78.92040801194861,13.477094530397682,43.333333333333336,7.801666259765631,12.2918172978224,1.7959095546462411,55.00000000000001
OGDC,4,2023-07-03,2026-05-28,2026-05-29,2026-08-20,24.518494342715144,27.176010002752573,7.534166410462113,41.66666666666667,3.2958338419596354,4.464277813737875,1.0134174527486732,45.0
PABC,4,2023-07-03,2026-05-28,2026-05-29,2026-08-20,8.947086217484971,9.732467258121275,8.251294230206316,40.0,1.2590003967285126,1.8569134477394065,1.1666634741453097,41.66666666666667
PAEL,4,2023-07-03,2026-05-28,2026-05-29,2026-08-20,3.566626576696701,4.739918540840942,8.249230310781035,55.00000000000001,0.6605003356933602,0.9494885749586804,1.5503702725162158,38.333333333333336
PAKT,4,2023-07-03,2026-05-28,2026-05-29,2026-08-20,85.23890160858303,103.38963271345924,6.034215500191376,43.333333333333336,11.671685791015625,18.49869715601175,0.8407478854540237,35.0
PGLC,4,2023-07-03,2026-05-28,2026-05-29,2026-08-20,1.191707593770752,1.4573036910297354,7.773643996558695,48.333333333333336,0.3459999879201259,0.5721800663631517,2.240353605210176,35.0
PIBTL,4,2023-07-03,2026-05-28,2026-05-29,2026-08-20,1.1073277587501427,1.4841316679633743,6.50462853001788,53.333333333333336,0.24283316930135085,0.3485228059045719,1.3992074221307746,40.0
PIOC,4,2023-07-03,2026-05-28,2026-05-29,2026-08-20,26.589145822119857,31.89526506278589,9.62755443769978,50.0,4.656999206542969,6.617490178668922,1.677425413442932,38.333333333333336
PKGS,4,2023-07-03,2026-05-28,2026-05-29,2026-08-20,65.44663592159905,67.15431828697977,8.336808416132051,43.333333333333336,6.618328857421883,9.13870459000614,0.8454421161788165,35.0
POL,4,2023-07-03,2026-05-28,2026-05-29,2026-08-20,54.67857663167906,66.26250744897358,7.937694213707306,58.333333333333336,3.0733276367187536,4.937474273222791,0.442980741231414,48.333333333333336
POWER,4,2023-07-03,2026-05-28,2026-05-29,2026-08-20,1.318884256322555,1.505394700582932,5.980011836822329,43.333333333333336,0.3896665255228674,0.5348238489954471,1.796684848231012,40.0
PPL,4,2023-07-03,2026-05-28,2026-05-29,2026-08-20,9.471729837539312,13.82965774252928,4.075543684176418,36.666666666666664,3.308499654134104,4.393410414845544,1.4290673751508804,41.66666666666667
PRL,4,2023-07-03,2026-05-28,2026-05-29,2026-08-20,7.849707404728362,9.532144053164128,16.408027970006437,51.66666666666667,1.2486663818359374,2.1401392776238293,2.217073512229846,53.333333333333336
PSEL,4,2023-07-03,2026-05-28,2026-05-29,2026-08-20,32.55144387573485,40.464638682439606,3.5774674247927933,45.0,7.673165893554684,13.589265878852723,0.8393000036368895,45.0
PSO,4,2023-07-03,2026-05-28,2026-05-29,2026-08-20,21.441397562115906,24.472916029321762,6.061732827292599,41.66666666666667,3.350332132975258,5.656918949834744,0.9426901733604883,41.66666666666667
PSX,4,2023-07-03,2026-05-28,2026-05-29,2026-08-20,14.856238668867606,17.714444292777618,28.819614529499827,48.333333333333336,1.141500155131023,1.620343370413567,2.2801721486225013,36.666666666666664
PTC,4,2023-07-03,2026-05-28,2026-05-29,2026-08-20,6.822117308050789,8.154114392118112,9.656878610050711,48.333333333333336,1.0158332824707033,1.4973950516042291,1.4720388875191237,43.333333333333336
RMPL,4,2023-07-03,2026-05-28,2026-05-29,2026-08-20,926.2033770013528,1018.5646441105048,9.869017050820043,46.666666666666664,43.48500976562491,61.537626519681,0.46196952318390383,30.0
SAZEW,4,2023-07-03,2026-05-28,2026-05-29,2026-08-20,72.40116401113112,86.55233955103841,3.667953610443299,63.33333333333333,18.549833170572914,27.46821340935332,0.9377261409330363,58.333333333333336
SCBPL,4,2023-07-03,2026-05-28,2026-05-29,2026-08-20,2.7688519357623016,3.088089782453893,4.215513480034647,40.0,0.621832784016927,0.9921092375552615,0.9483314560867974,30.0
SEARL,4,2023-07-03,2026-05-28,2026-05-29,2026-08-20,6.9169058080791235,8.819914138714134,7.57885899910454,51.66666666666667,1.0858337402343758,1.5460343599138149,1.1703454789250742,30.0
SHFA,4,2023-07-03,2026-05-28,2026-05-29,2026-08-20,31.09570802952744,35.60258194744577,6.077955507536359,53.333333333333336,6.25399729410807,9.152689763601945,1.215504316062644,45.0
SNGP,4,2023-07-03,2026-05-28,2026-05-29,2026-08-20,6.862169711318117,8.398133786904937,6.249660817404366,55.00000000000001,2.084667460123695,2.8343676486228633,1.9222188554709152,45.0
SRVI,4,2023-07-03,2026-05-28,2026-05-29,2026-08-20,128.34129638972007,255.62996069282457,22.004952901257287,45.0,51.88194147745768,248.62754925715527,16.204707264386595,50.0
SSGC,4,2023-07-03,2026-05-28,2026-05-29,2026-08-20,2.426958903270982,2.80260208076636,8.332312835565638,40.0,0.5849999427795417,0.8202479288671587,2.034686480509791,43.333333333333336
SYS,4,2023-07-03,2026-05-28,2026-05-29,2026-08-20,14.494447553843964,16.85625244620542,10.191887482448344,38.333333333333336,1.3918329874674469,1.9127005100674654,0.9904039953833568,41.66666666666667
TGL,4,2023-07-03,2026-05-28,2026-05-29,2026-08-20,7.59502278330169,8.700579490605133,4.031856826834248,53.333333333333336,2.8466654459635388,4.319621753832953,1.4919788852195182,43.333333333333336
THALL,4,2023-07-03,2026-05-28,2026-05-29,2026-08-20,43.70366388611828,46.5883566785621,7.354356374115036,36.666666666666664,5.769833374023441,8.826713298475074,0.9796372429762548,40.0
TRG,4,2023-07-03,2026-05-28,2026-05-29,2026-08-20,9.43314647160875,10.38668794356563,15.166499974998068,40.0,1.0766666412353507,1.5890853861118495,1.6735016941123566,46.666666666666664
UBL,4,2023-07-03,2026-05-28,2026-05-29,2026-08-20,189.2895291718946,230.21299143476207,40.78881545179935,55.00000000000001,6.62083587646485,9.758014258601957,1.473907459471325,43.333333333333336
UPFL,4,2023-07-03,2026-05-28,2026-05-29,2026-08-20,3782.9897074657542,4112.4423335676875,14.874514095069632,45.0,95.89414062500006,134.86254957759596,0.3765711488024573,25.0
WAFI,4,2023-07-03,2026-05-28,2026-05-29,2026-08-20,10.234296153347241,10.937033602602579,5.448084284797199,49.122807017543856,2.172807017543862,2.7275993557731404,1.1576908070538852,40.35087719298245
YOUW,4,2023-07-03,2026-05-28,2026-05-29,2026-08-20,0.3631271162633476,0.4395348802452732,6.619456428137155,48.333333333333336,0.07716664473215734,0.11092785496593136,1.3753005099086038,31.666666666666664
ABL,5,2023-09-25,2026-08-20,2026-08-21,2026-09-04,3.8247580239586134,4.774812255118295,2.27730090392917,0.0,1.4779815673828125,1.8208355572737362,0.8779730794594152,66.66666666666666
ABOT,5,2023-09-25,2026-08-20,2026-08-21,2026-09-04,15.930642703296902,18.86996081087726,1.6952925951320534,33.33333333333333,13.223347981770795,16.269664100907445,1.4069208384859082,66.66666666666666
AGP,5,2023-09-25,2026-08-20,2026-08-21,2026-09-04,4.311494513564848,4.417450553115681,2.5244163998025173,33.33333333333333,2.7533365885416665,3.2836907613675645,1.602258072709382,66.66666666666666
AHCL,5,2023-09-25,2026-08-20,2026-08-21,2026-09-04,0.050351136873388214,0.06274673572178005,0.31032656354956895,33.33333333333333,0.0366675059000651,0.045093529613591074,0.2258238269012945,33.33333333333333
AICL,5,2023-09-25,2026-08-20,2026-08-21,2026-09-04,3.022467507140225,3.551031818549825,3.2724380817668104,0.0,2.8766657511393228,3.4695278383709183,3.108014138650787,66.66666666666666
AIRLINK,5,2023-09-25,2026-08-20,2026-08-21,2026-09-04,3.7781449152073017,4.179033698909721,2.8944555213276306,33.33333333333333,1.5900014241536458,1.7811718915636023,1.2145516827278893,33.33333333333333
AKBL,5,2023-09-25,2026-08-20,2026-08-21,2026-09-04,1.426221102078003,1.8516142722507034,1.3757625613854656,66.66666666666666,0.9733327229817755,1.1619238358565862,0.9258080870433342,33.33333333333333
APL,5,2023-09-25,2026-08-20,2026-08-21,2026-09-04,11.448048220178483,17.238568324202994,1.955163624919461,33.33333333333333,9.413330078125,14.683988967546648,1.6052402675247723,66.66666666666666
ASTL,5,2023-09-25,2026-08-20,2026-08-21,2026-09-04,0.25034884395311724,0.25540309691911744,1.6218042018132988,33.33333333333333,0.24000008900960404,0.3286335693264088,1.5412850809167262,33.33333333333333
ATLH,5,2023-09-25,2026-08-20,2026-08-21,2026-09-04,4.096382760170779,5.435145478596543,0.2567247537760581,66.66666666666666,8.059977213541666,9.329660529414607,0.5073843326009045,33.33333333333333
ATRL,5,2023-09-25,2026-08-20,2026-08-21,2026-09-04,26.47346064613983,26.94192271171713,2.411929836534922,0.0,8.939982096354166,9.327116757073044,0.8133446500791288,66.66666666666666
AVN,5,2023-09-25,2026-08-20,2026-08-21,2026-09-04,0.8953111039749094,0.9267927098904223,2.8629377398138973,0.0,0.5933335622151693,0.6457557772765118,1.8929317323372792,66.66666666666666
BAFL,5,2023-09-25,2026-08-20,2026-08-21,2026-09-04,0.25345961367013103,0.2844231451057485,0.4417776906166235,100.0,0.5266672770182316,0.5580334994623051,0.9174880641637946,66.66666666666666
BAHL,5,2023-09-25,2026-08-20,2026-08-21,2026-09-04,4.3804550348193345,4.677712913491724,2.599605415345993,0.0,0.9299977620442709,1.0080151383080724,0.5525643437701028,66.66666666666666
BNWM,5,2023-09-25,2026-08-20,2026-08-21,2026-09-04,1.2367358752139666,1.3183341502110069,1.8276785948734466,66.66666666666666,1.066668192545573,1.2145799519355518,1.5751163600918223,33.33333333333333
BOP,5,2023-09-25,2026-08-20,2026-08-21,2026-09-04,0.3667829011950374,0.47739744892871533,1.1235761196968832,33.33333333333333,0.14000066121419272,0.2044517418165661,0.4293777791429128,33.33333333333333
BWCL,5,2023-09-25,2026-08-20,2026-08-21,2026-09-04,4.510774711327353,4.757167511298234,0.9280711148197103,0.0,2.456665039062481,3.4233594085949455,0.5049784701731079,66.66666666666666
CHCC,5,2023-09-25,2026-08-20,2026-08-21,2026-09-04,4.951167523832017,5.719441476187781,1.6090571983432052,33.33333333333333,1.5866699218750189,1.748733656424074,0.5162461278018733,33.33333333333333
CNERGY,5,2023-09-25,2026-08-20,2026-08-21,2026-09-04,0.6702636376381589,0.7543122482121487,4.736733684251915,0.0,0.20333353678385535,0.2170254630814651,1.4383191413538559,0.0
COLG,5,2023-09-25,2026-08-20,2026-08-21,2026-09-04,10.27358776200193,10.692020161711973,0.845891642851516,33.33333333333333,1.356689453125,1.3994223609282515,0.11170379618042237,33.33333333333333
CPHL,5,2023-09-25,2026-08-20,2026-08-21,2026-09-04,2.8874296669382935,2.987909413320282,3.790084659428351,0.0,1.0899988810221355,1.2335701993071804,1.4393423610023373,66.66666666666666
DCR,5,2023-09-25,2026-08-20,2026-08-21,2026-09-04,0.9269847352621525,1.0570492333127908,2.2926253477039626,0.0,0.6033337910970052,0.7074129350768787,1.49043830076018,66.66666666666666
DGKC,5,2023-09-25,2026-08-20,2026-08-21,2026-09-04,5.620856577457649,5.678562110900883,2.5706532973188283,66.66666666666666,5.216669718424423,5.431078424963531,2.395896248421391,33.33333333333333
EFERT,5,2023-09-25,2026-08-20,2026-08-21,2026-09-04,0.9728093124315554,1.2872981500520886,0.5294686490100143,100.0,1.3633321126302274,1.4761759704207005,0.7436133304679672,33.33333333333333
ENGROH,5,2023-09-25,2026-08-20,2026-08-21,2026-09-04,2.893270852541567,3.9814429363015122,1.0920585769686701,33.33333333333333,1.9333333333333433,2.322986583402221,0.7278264661257068,55.55555555555556
EPCL,5,2023-09-25,2026-08-20,2026-08-21,2026-09-04,0.4261929200167458,0.583955912963905,1.2513405235794368,100.0,0.4933331807454427,0.7079081291181251,1.4466831813647374,66.66666666666666
FABL,5,2023-09-25,2026-08-20,2026-08-21,2026-09-04,3.341919895997947,3.3898883563202102,3.4515561676269297,100.0,0.2966664632161458,0.34607335990391797,0.30673808554587606,66.66666666666666
FATIMA,5,2023-09-25,2026-08-20,2026-08-21,2026-09-04,7.191024824009692,7.254651874197748,4.568586569492926,0.0,0.8266703287760416,0.9568018687846436,0.5242207622926077,66.66666666666666
FCCL,5,2023-09-25,2026-08-20,2026-08-21,2026-09-04,0.8737669727184544,1.3218904171137824,1.532357092997004,66.66666666666666,1.0433336893717424,1.0656612305212436,1.8279419406938353,33.33333333333333
FFC,5,2023-09-25,2026-08-20,2026-08-21,2026-09-04,2.4927299033907957,3.056745099100139,0.4541327100390223,100.0,1.8566691080729167,2.0897372812857524,0.338686561821296,66.66666666666666
FFL,5,2023-09-25,2026-08-20,2026-08-21,2026-09-04,0.2316514261327042,0.24578685374712914,1.4604452739348304,33.33333333333333,0.17000007629394473,0.18574189997382837,1.073160386609813,33.33333333333333
FHAM,5,2023-09-25,2026-08-20,2026-08-21,2026-09-04,0.45859303264951023,0.4662765031063574,1.4014861906330176,33.33333333333333,0.35666529337565106,0.36133870902567433,1.0898290131387924,0.0
GADT,5,2023-09-25,2026-08-20,2026-08-21,2026-09-04,4.076108859602698,4.4373695964056825,1.2858812299472806,66.66666666666666,5.256663004557292,6.629974908344072,1.6305876024691488,33.33333333333333
GAL,5,2023-09-25,2026-08-20,2026-08-21,2026-09-04,15.689467819251327,19.395939416364737,2.4404895095138315,66.66666666666666,9.875555555555568,12.178979158095883,1.5394762929399104,44.44444444444444
GATM,5,2023-09-25,2026-08-20,2026-08-21,2026-09-04,0.7628818308709265,0.7631994832559065,3.1206383471171804,0.0,0.12999979654947916,0.14271131051700928,0.5313396499627732,66.66666666666666
GHGL,5,2023-09-25,2026-08-20,2026-08-21,2026-09-04,0.7220331945497828,0.8672009360930752,1.6746128870776336,66.66666666666666,1.0300013224283877,1.228048142375696,2.3944982493395623,0.0
GHNI,5,2023-09-25,2026-08-20,2026-08-21,2026-09-04,46.21246748168369,48.120833644639866,3.576911398605984,66.66666666666666,11.676676432291666,13.378949365848019,0.8979835223535321,33.33333333333333
GLAXO,5,2023-09-25,2026-08-20,2026-08-21,2026-09-04,3.017827164783076,3.0499401125871612,0.8811745186794137,66.66666666666666,2.4633382161458335,3.0794124475565487,0.7210392441698029,33.33333333333333
HALEON,5,2023-09-25,2026-08-20,2026-08-21,2026-09-04,2.9477779109543008,3.839104181116959,0.4083880999480023,100.0,3.586669921875,4.626547372798202,0.4969246045836065,66.66666666666666
HBL,5,2023-09-25,2026-08-20,2026-08-21,2026-09-04,1.802069999192592,1.9805678076770286,0.5656173297776845,66.66666666666666,1.5400085449218561,1.8522629191862292,0.48137546138598064,33.33333333333333
HCAR,5,2023-09-25,2026-08-20,2026-08-21,2026-09-04,12.012303542328368,12.641050608213709,5.274798617246057,33.33333333333333,0.5266672770182103,0.5857207446382918,0.2313566510719169,33.33333333333333
HGFA,5,2023-09-25,2026-08-20,2026-08-21,2026-09-04,0.17756822273528408,0.20234336192524205,1.2184305213704858,66.66666666666666,0.12999979654947916,0.18193374506584337,0.8962224016307496,0.0
HINOON,5,2023-09-25,2026-08-20,2026-08-21,2026-09-04,9.419296200797438,12.190057517323291,0.9797884435353192,66.66666666666666,10.653340657552084,11.490039524268042,1.1037851303347799,66.66666666666666
HMB,5,2023-09-25,2026-08-20,2026-08-21,2026-09-04,3.0599396663474843,3.0960090429551936,2.988904463202571,0.0,1.2866668701171828,1.5419921500662233,1.2507744409873982,66.66666666666666
HUBC,5,2023-09-25,2026-08-20,2026-08-21,2026-09-04,5.433610443937529,5.4709273996448,2.6050914310638507,66.66666666666666,1.436665852864536,2.016874046751441,0.6839948184599901,0.0
HUMNL,5,2023-09-25,2026-08-20,2026-08-21,2026-09-04,0.1758333426655844,0.21496683268402106,1.71816174931198,66.66666666666666,0.11333306630452533,0.14071216916415835,1.1070747042503652,33.33333333333333
IBFL,5,2023-09-25,2026-08-20,2026-08-21,2026-09-04,7.975463492979277,8.53512039427107,3.007005544005547,0.0,0.05999755859375,0.07348170218371167,0.022618824401911923,0.0
ILP,5,2023-09-25,2026-08-20,2026-08-21,2026-09-04,1.7779330108983469,1.957617502255813,1.7656109982467558,100.0,0.30000050862630206,0.32680480322939987,0.2980117379507562,66.66666666666666
INDU,5,2023-09-25,2026-08-20,2026-08-21,2026-09-04,13.761566911398026,14.4116530285354,0.7072033555969583,0.0,4.1966552734375,5.158326374889183,0.21543500297293447,66.66666666666666
INIL,5,2023-09-25,2026-08-20,2026-08-21,2026-09-04,1.3504633041173595,1.4761863283354761,0.7768422877250073,66.66666666666666,1.5966695149739583,1.8475691377533239,0.9167752536980797,66.66666666666666
ISL,5,2023-09-25,2026-08-20,2026-08-21,2026-09-04,1.09821912776205,1.4143508356132244,1.1593038328946073,66.66666666666666,1.5099995930989583,1.9996752543988476,1.5989668261855852,66.66666666666666
JDWS,5,2023-09-25,2026-08-20,2026-08-21,2026-09-04,4.736875807146968,5.860752634190648,0.5208877309065013,66.66666666666666,4.146687825520833,5.099915239484482,0.4577619082887184,0.0
JVDC,5,2023-09-25,2026-08-20,2026-08-21,2026-09-04,5.108920290931404,5.336340251389284,3.5529231355362927,33.33333333333333,1.3266652425130208,1.6035334924756763,0.9253187560073981,0.0
KAPCO,5,2023-09-25,2026-08-20,2026-08-21,2026-09-04,0.2504375422531311,0.289223806623073,0.9003667008049521,0.0,0.11333338419596355,0.12301774208720428,0.4071940388118216,33.33333333333333
KEL,5,2023-09-25,2026-08-20,2026-08-21,2026-09-04,0.16008839952059173,0.17033356995692361,2.242823897157147,33.33333333333333,0.02000013987223337,0.021602595548491126,0.28018021342736515,33.33333333333333
KOHC,5,2023-09-25,2026-08-20,2026-08-21,2026-09-04,1.5418083661607132,2.0731299212231495,1.577574058000967,100.0,0.5933354695637973,0.8736898441048057,0.6082173925645186,66.66666666666666
KTML,5,2023-09-25,2026-08-20,2026-08-21,2026-09-04,2.3802246749545994,2.3941415176143965,5.662007106414642,0.0,1.2166671752929712,1.3930665517935492,2.842877888594182,66.66666666666666
LCI,5,2023-09-25,2026-08-20,2026-08-21,2026-09-04,5.604842314653875,7.355174061675324,2.511082877230426,33.33333333333333,0.5233256022135416,0.5963426025159799,0.23434134821009822,0.0
LOTCHEM,5,2023-09-25,2026-08-20,2026-08-21,2026-09-04,0.4298638911837962,0.429930185745248,1.5396918918559668,66.66666666666666,0.32000033060709754,0.42402885991409156,1.140618355881739,33.33333333333333
LUCK,5,2023-09-25,2026-08-20,2026-08-21,2026-09-04,11.95982249330414,16.172807493586216,2.71619217855227,66.66666666666666,1.6100056966146212,1.864059529118322,0.3644071067184262,0.0
MARI,5,2023-09-25,2026-08-20,2026-08-21,2026-09-04,14.534897048641824,15.348329034136023,2.178799952637332,0.0,3.586669921875,3.59711267497771,0.5370372345201846,66.66666666666666
MCB,5,2023-09-25,2026-08-20,2026-08-21,2026-09-04,3.203824209502443,3.693367732926216,0.7990976603330356,33.33333333333333,2.60333251953125,3.0351694900267865,0.6483340608659474,33.33333333333333
MEBL,5,2023-09-25,2026-08-20,2026-08-21,2026-09-04,11.633677706054735,12.581211749668256,2.0385375657444613,50.0,5.196675618489583,5.492164253630624,0.9096394179974395,16.666666666666664
MEHT,5,2023-09-25,2026-08-20,2026-08-21,2026-09-04,6.654511390258496,6.694075301551097,4.630030239455334,33.33333333333333,1.2999979654947917,1.556296697821036,0.9045391240537616,0.0
MLCF,5,2023-09-25,2026-08-20,2026-08-21,2026-09-04,1.9256093358788842,2.1114806418422716,1.8846910529855054,66.66666666666666,2.2833328247070455,2.5276652125239485,2.234123940256462,33.33333333333333
MTL,5,2023-09-25,2026-08-20,2026-08-21,2026-09-04,18.966487381538304,22.343855844595133,6.2593646487553345,33.33333333333333,2.5933329264322915,3.2505173329212647,0.8550778985917319,33.33333333333333
MUGHAL,5,2023-09-25,2026-08-20,2026-08-21,2026-09-04,1.2561333016686642,1.4500059828123797,1.6001512507940252,66.66666666666666,0.47333526611328125,0.4944373779598163,0.6026927053050276,33.33333333333333
MUREB,5,2023-09-25,2026-08-20,2026-08-21,2026-09-04,5.232352841856027,6.216438570904694,0.5632766768836316,66.66666666666666,7.3999837239582575,8.840291185415385,0.7988783782179038,33.33333333333333
NATF,5,2023-09-25,2026-08-20,2026-08-21,2026-09-04,3.8069040331535198,4.274800301444004,1.0258919165483216,33.33333333333333,1.6333414713541667,2.4556004329773184,0.44026896345677285,33.33333333333333
NBP,5,2023-09-25,2026-08-20,2026-08-21,2026-09-04,3.9312958806474683,4.8397944943110485,2.0319169885278705,100.0,4.58666483561196,7.658491037876149,2.423535501920805,66.66666666666666
NESTLE,5,2023-09-25,2026-08-20,2026-08-21,2026-09-04,69.60868035406929,71.28791179440638,0.925990917544005,33.33333333333333,14.430013020833334,17.81364513530974,0.19188650690501075,33.33333333333333
NML,5,2023-09-25,2026-08-20,2026-08-21,2026-09-04,1.5340952342494159,1.68365931260736,1.0627264790537625,100.0,0.3299967447916856,0.35378659912024885,0.22879217182899228,66.66666666666666
NRL,5,2023-09-25,2026-08-20,2026-08-21,2026-09-04,29.479734655107052,31.57353865766665,6.0190034508519545,0.0,16.716654459635418,18.917554840743065,3.4109799239319267,66.66666666666666
OGDC,5,2023-09-25,2026-08-20,2026-08-21,2026-09-04,3.703614677166532,4.424382975871814,1.1244373639302223,66.66666666666666,4.159993489583353,4.233628244626746,1.268529140158379,33.33333333333333
PABC,5,2023-09-25,2026-08-20,2026-08-21,2026-09-04,1.7274778780149849,1.896519652453021,1.6926918574274812,33.33333333333333,0.2933349609375,0.41109848374667435,0.287211890440094,33.33333333333333
PAEL,5,2023-09-25,2026-08-20,2026-08-21,2026-09-04,1.489260390033401,1.5470710400102177,3.654172947002101,33.33333333333333,0.3366661071777344,0.38957181721497675,0.8245830073404801,33.33333333333333
PAKT,5,2023-09-25,2026-08-20,2026-08-21,2026-09-04,6.362712742679075,8.596373347459345,0.45799542742354815,100.0,5.603352864583333,8.51053888454171,0.4029693570324429,0.0
PGLC,5,2023-09-25,2026-08-20,2026-08-21,2026-09-04,1.2931578818432345,1.4438525243476588,7.738356282987399,33.33333333333333,1.2166665395100924,1.420997014854752,7.285348551405203,66.66666666666666
PIBTL,5,2023-09-25,2026-08-20,2026-08-21,2026-09-04,0.11871239628671641,0.12397626168450496,0.7258106630170131,33.33333333333333,0.03999964396158854,0.043204749642833266,0.24439767863349496,0.0
PIOC,5,2023-09-25,2026-08-20,2026-08-21,2026-09-04,4.011159498814133,4.338759313511642,1.50545165605697,33.33333333333333,1.4300130208333524,1.7858330341397943,0.536692292007841,0.0
PKGS,5,2023-09-25,2026-08-20,2026-08-21,2026-09-04,11.81100209860089,13.355446589291034,1.4678312434181777,33.33333333333333,6.193339029947879,6.99981746646689,0.7697872043821111,33.33333333333333
POL,5,2023-09-25,2026-08-20,2026-08-21,2026-09-04,8.62366763655651,14.03911737716499,1.156194690378795,100.0,9.889994303385341,14.362880181815013,1.331206595384595,66.66666666666666
POWER,5,2023-09-25,2026-08-20,2026-08-21,2026-09-04,0.5275477103977314,0.5515365171377842,2.250048617195018,66.66666666666666,0.7000001271565756,0.8288948422725059,3.0050727377941278,33.33333333333333
PPL,5,2023-09-25,2026-08-20,2026-08-21,2026-09-04,3.371271065460936,4.344880559336497,1.4052506707193477,66.66666666666666,4.343332926432254,4.628595546446524,1.79758465872138,33.33333333333333
PRL,5,2023-09-25,2026-08-20,2026-08-21,2026-09-04,2.9179814019606405,3.641575491589675,3.3126537264862623,33.33333333333333,2.753331502278646,3.3039276633394543,3.108549146406153,0.0
PSEL,5,2023-09-25,2026-08-20,2026-08-21,2026-09-04,32.998282788193706,34.66107796036,3.6849262464917176,33.33333333333333,9.456644694010455,12.039893018383571,1.0564670165634824,33.33333333333333
PSO,5,2023-09-25,2026-08-20,2026-08-21,2026-09-04,14.519827450121596,17.234628080471307,3.9712681287571256,16.666666666666664,3.0216623942057104,4.711051586636828,0.8301791791873305,50.0
PSX,5,2023-09-25,2026-08-20,2026-08-21,2026-09-04,1.3239270820691615,1.641095105621696,2.632359206017916,33.33333333333333,0.8499997456868513,1.0343591437690263,1.687451234697844,33.33333333333333
PTC,5,2023-09-25,2026-08-20,2026-08-21,2026-09-04,0.4501638850627027,0.5271329167207174,0.6424142357665472,33.33333333333333,0.35333251953125,0.4795120747660731,0.5034337553175399,66.66666666666666
RMPL,5,2023-09-25,2026-08-20,2026-08-21,2026-09-04,68.30610825058284,81.77149945600912,0.7398501157647561,33.33333333333333,88.94986979166667,90.06464724216846,0.9601781796277633,0.0
SAZEW,5,2023-09-25,2026-08-20,2026-08-21,2026-09-04,18.421426045582848,23.744131098733096,0.986494172648001,66.66666666666666,18.723347981770832,24.470569710706922,0.9932126203055275,33.33333333333333
SCBPL,5,2023-09-25,2026-08-20,2026-08-21,2026-09-04,1.2295957005382074,1.3217554806801957,1.848678026931435,66.66666666666666,0.279998779296875,0.4304251551963596,0.4187703721514598,33.33333333333333
SEARL,5,2023-09-25,2026-08-20,2026-08-21,2026-09-04,1.0540736465158413,1.322274911842706,1.18503234481531,33.33333333333333,0.5666681925455729,0.6689795988089349,0.6373292644628585,66.66666666666666
SHFA,5,2023-09-25,2026-08-20,2026-08-21,2026-09-04,1.7721282375327974,2.1965401730630942,0.3597070405729595,66.66666666666666,1.86334228515625,1.9880617696025846,0.37945339361716623,33.33333333333333
SNGP,5,2023-09-25,2026-08-20,2026-08-21,2026-09-04,1.0753346698375548,1.1493944733777832,1.041607970782458,66.66666666666666,0.8366648356119839,0.9958730842198723,0.814691802343171,33.33333333333333
SRVI,5,2023-09-25,2026-08-20,2026-08-21,2026-09-04,7.221424139306727,7.696944062864947,3.429212203723856,25.0,4.0207481384277415,5.7694035571720335,1.8902573975934627,25.0
SSGC,5,2023-09-25,2026-08-20,2026-08-21,2026-09-04,0.22870535501621347,0.2637912847418977,0.8082705229867282,66.66666666666666,0.38666661580403766,0.5041821928972683,1.3698645096840558,33.33333333333333
SYS,5,2023-09-25,2026-08-20,2026-08-21,2026-09-04,3.4997464659469792,3.5272221190301645,2.803879552869319,66.66666666666666,1.909998575846359,1.9334322033755063,1.528616681491997,66.66666666666666
TGL,5,2023-09-25,2026-08-20,2026-08-21,2026-09-04,3.581700006275421,3.7288430128625123,1.9936500730393891,66.66666666666666,1.013336181640625,1.1481904319040739,0.5650214178147951,33.33333333333333
THALL,5,2023-09-25,2026-08-20,2026-08-21,2026-09-04,2.582562564828701,3.0940345353622796,0.47128346990223374,100.0,11.42999267578125,12.351804954938817,2.0983175775859535,66.66666666666666
TRG,5,2023-09-25,2026-08-20,2026-08-21,2026-09-04,2.8215072437822024,2.9523247335991907,5.026569537637117,0.0,1.7633336385091145,2.0734916301945505,3.1349277350092866,66.66666666666666
UBL,5,2023-09-25,2026-08-20,2026-08-21,2026-09-04,10.944242258585328,11.761196587239567,2.4209151546427234,33.33333333333333,5.499989827473978,7.224773030710478,1.2053122981835105,33.33333333333333
UPFL,5,2023-09-25,2026-08-20,2026-08-21,2026-09-04,336.8614417650703,444.16974714203064,1.3079820779804674,66.66666666666666,281.1334635416679,432.86165087116865,1.0867275001583214,33.33333333333333
WAFI,5,2023-09-25,2026-08-20,2026-08-21,2026-09-04,4.017011947220713,4.992414535772361,2.3368375445330383,77.77777777777779,2.347777777777771,3.239236878580433,1.3502527405123559,66.66666666666666
YOUW,5,2023-09-25,2026-08-20,2026-08-21,2026-09-04,0.23595362439302883,0.23660628540106715,4.569348765886326,66.66666666666666,0.026666641235351562,0.02943922880411824,0.5171765500381413,33.33333333333333
