ticker,window_idx,train_start,train_end,test_start,test_end,mae,rmse,mape,directional_accuracy,naive_mae,naive_rmse,naive_mape,naive_directional_accuracy
ABL,0,2022-08-01,2025-06-23,2025-06-24,2025-09-15,4.39555226499111,5.3848646400438644,2.7422560439977746,55.932203389830505,2.8072773561639313,4.334493566583452,1.777206919466806,52.54237288135594
ABOT,0,2022-08-01,2025-06-23,2025-06-24,2025-09-15,13.609995540701746,18.582588331609717,1.2701459626645362,55.932203389830505,10.49490304720604,15.9200700634927,0.9814795020520231,42.3728813559322
AGP,0,2022-08-01,2025-06-23,2025-06-24,2025-09-15,5.888461232029368,6.580658052149011,3.10964997293278,55.932203389830505,2.1276281324483555,3.104853038714137,1.1185975734685405,47.45762711864407
AHCL,0,2022-08-01,2025-06-23,2025-06-24,2025-09-15,0.17067374956520395,0.2449607662321362,1.483062933814657,52.54237288135594,0.15635626194840785,0.23980121973252969,1.3551746494832453,45.76271186440678
AICL,0,2022-08-01,2025-06-23,2025-06-24,2025-09-15,1.9037409873639637,2.3275484078702693,2.960559790194259,42.3728813559322,1.324596081749868,2.033801158893641,2.0803061362282387,59.32203389830508
AIRLINK,0,2022-08-01,2025-06-23,2025-06-24,2025-09-15,2.4068139879187544,3.6007361786640675,1.6397452115048408,59.32203389830508,2.306355363231594,3.394743531624281,1.5703895824829937,55.932203389830505
AKBL,0,2022-08-01,2025-06-23,2025-06-24,2025-09-15,1.3301892919522982,1.6117220868635542,2.093402509952845,57.6271186440678,1.094206405898272,1.5499563690230063,1.7476832277460874,42.3728813559322
APL,0,2022-08-01,2025-06-23,2025-06-24,2025-09-15,4.38438554687736,5.567804984729938,0.8974673790075322,40.67796610169492,3.9305569923530173,5.455790772454037,0.8044063587951183,55.932203389830505
ASTL,0,2022-08-01,2025-06-23,2025-06-24,2025-09-15,0.5488449610602385,0.6812566131272583,2.38121653222016,42.3728813559322,0.3601695238533666,0.5909816047003318,1.520897110221572,45.76271186440678
ATLH,0,2022-08-01,2025-06-23,2025-06-24,2025-09-15,12.71479568298523,19.14463705021176,1.1663884204796413,55.932203389830505,12.598211773371302,20.054906800941453,1.1523089678457534,52.54237288135594
ATRL,0,2022-08-01,2025-06-23,2025-06-24,2025-09-15,9.563772408936815,11.792602655174065,1.4534337724216537,44.06779661016949,6.224021782309322,8.035354263432112,0.9381275185643458,35.59322033898305
AVN,0,2022-08-01,2025-06-23,2025-06-24,2025-09-15,0.6104033921802776,0.8056360727961582,1.2554789815906493,49.152542372881356,0.4547872381695245,0.7283093802104533,0.93197937831557,44.06779661016949
BAFL,0,2022-08-01,2025-06-23,2025-06-24,2025-09-15,1.0692021883463474,1.456995619733666,1.2328855199150703,66.10169491525424,1.0715387635311846,1.4606016906944113,1.2502891831613774,45.76271186440678
BAHL,0,2022-08-01,2025-06-23,2025-06-24,2025-09-15,2.668787181648522,3.8851459627120675,1.5792278885006796,55.932203389830505,2.9566435733083956,4.075118130200284,1.7563216055374018,49.152542372881356
BNWM,0,2022-08-01,2025-06-23,2025-06-24,2025-09-15,7.177376451389804,8.216152713756422,8.967671799280804,40.67796610169492,3.136271460581634,4.3906009906227474,3.7301145195777883,54.23728813559322
BOP,0,2022-08-01,2025-06-23,2025-06-24,2025-09-15,0.28364307162594854,0.37595240041071504,2.1122108374806334,54.23728813559322,0.26438703375347633,0.4196826666719877,1.937115527200704,54.23728813559322
BWCL,0,2022-08-01,2025-06-23,2025-06-24,2025-09-15,9.697766993300462,13.023360958131224,1.9899634332036602,50.847457627118644,3.735160698324954,6.857263881708412,0.8095271280753392,57.6271186440678
CHCC,0,2022-08-01,2025-06-23,2025-06-24,2025-09-15,10.379529693505084,11.794529700573499,3.3748112157312673,59.32203389830508,4.346530720338977,5.885851545631227,1.3827673038289352,49.152542372881356
CNERGY,0,2022-08-01,2025-06-23,2025-06-24,2025-09-15,0.3299074031155393,0.4235453678315904,4.63627863832601,42.3728813559322,0.07355930037417654,0.10188059801477346,1.0304450741557927,32.20338983050847
COLG,0,2022-08-01,2025-06-23,2025-06-24,2025-09-15,7.840218039153596,9.706911516158364,0.6283844508461013,44.06779661016949,3.6127598649364483,6.121671436572483,0.28967291527470257,38.983050847457626
CPHL,0,2022-08-01,2025-06-23,2025-06-24,2025-09-15,1.6501228942207662,2.2071917691955187,1.929826036245156,59.32203389830508,1.3171187578621553,1.9402598028614688,1.5201166032130695,50.847457627118644
DCR,0,2022-08-01,2025-06-23,2025-06-24,2025-09-15,0.28770381922066623,0.40791109195630565,1.0066799312744192,50.847457627118644,0.18968171588445137,0.37975804919352496,0.6708184988712917,45.76271186440678
DGKC,0,2022-08-01,2025-06-23,2025-06-24,2025-09-15,2.873839247982814,4.450572659299132,1.4956722859636171,59.32203389830508,2.9177618511652494,4.723967132428563,1.5130681800119459,54.23728813559322
DHPL,0,2022-08-01,2025-06-23,2025-06-24,2025-09-15,0.7919301687912381,1.0639756437021337,1.8780394116475543,45.76271186440678,0.7286440677966098,0.9947242186588409,1.7356408243515136,35.59322033898305
EFERT,0,2022-08-01,2025-06-23,2025-06-24,2025-09-15,2.5134994416768683,3.437010940648531,1.2896418495032913,55.932203389830505,2.610077938791047,3.501256819521116,1.3409989936482636,50.847457627118644
ENGROH,0,2022-08-01,2025-06-23,2025-06-24,2025-09-15,3.325014367099385,4.381730912659156,1.547730737902834,55.932203389830505,3.0372881355932213,4.279523971626846,1.419455275703882,55.932203389830505
EPCL,0,2022-08-01,2025-06-23,2025-06-24,2025-09-15,0.6784340266026618,0.893439177475008,2.229476311844551,44.06779661016949,0.4266103647523005,0.6548346617723098,1.3796107838206133,49.152542372881356
FABL,0,2022-08-01,2025-06-23,2025-06-24,2025-09-15,2.4293340039866305,2.6582312238174954,3.4481941809587804,49.152542372881356,1.0905924005023504,1.7085252000008402,1.553274482204143,45.76271186440678
FATIMA,0,2022-08-01,2025-06-23,2025-06-24,2025-09-15,1.7148441910326389,2.328545197624026,1.5691627150358747,45.76271186440678,1.6039592936887566,2.2769586296332838,1.4766261927231807,54.23728813559322
FCCL,0,2022-08-01,2025-06-23,2025-06-24,2025-09-15,0.8269685890182288,1.1951091750878053,1.6368294344738736,47.45762711864407,0.7153228501142086,1.0858398768964537,1.3987127484300923,45.76271186440678
FFC,0,2022-08-01,2025-06-23,2025-06-24,2025-09-15,8.050834102305604,9.372590537727598,1.9867046926511989,50.847457627118644,4.272358522576797,5.918208027522052,1.0669719367131498,52.54237288135594
FFL,0,2022-08-01,2025-06-23,2025-06-24,2025-09-15,0.2426432971300676,0.32250065282991364,1.4516278748391362,54.23728813559322,0.18745761806681957,0.2747386443268212,1.1171806702554266,55.932203389830505
FHAM,0,2022-08-01,2025-06-23,2025-06-24,2025-09-15,0.7085313772047015,0.9469367316344196,2.6309300035962493,49.152542372881356,0.5686324491339207,0.7590408326778975,2.164621007018833,40.67796610169492
GADT,0,2022-08-01,2025-06-23,2025-06-24,2025-09-15,20.694374552587764,24.25251816175484,4.680462622219074,49.152542372881356,13.556610624668957,18.84747595085155,3.0057716382255983,59.32203389830508
GAL,0,2022-08-01,2025-06-23,2025-06-24,2025-09-15,11.411614603745695,16.135946413380292,2.2820126445197264,49.152542372881356,9.325932203389836,13.79974496202553,1.854344149476365,49.152542372881356
GATM,0,2022-08-01,2025-06-23,2025-06-24,2025-09-15,0.8904128219069732,1.1356359336244959,2.6605974718673244,42.3728813559322,0.6688137701002224,0.9498279555004822,2.0033493646677827,59.32203389830508
GHGL,0,2022-08-01,2025-06-23,2025-06-24,2025-09-15,0.8298522142887989,1.1205118940320113,2.0883409818486256,55.932203389830505,0.8391046039128709,1.1595723957517607,2.1151914812101253,57.6271186440678
GHNI,0,2022-08-01,2025-06-23,2025-06-24,2025-09-15,12.370813848169641,16.54915811070498,1.5896011226136368,52.54237288135594,11.94450042207362,16.595094238039945,1.5416661962054408,37.28813559322034
GLAXO,0,2022-08-01,2025-06-23,2025-06-24,2025-09-15,12.161615340271402,14.017025403311951,3.082778478838348,45.76271186440678,4.224725238347454,5.577895494596324,1.0817819399136626,45.76271186440678
HALEON,0,2022-08-01,2025-06-23,2025-06-24,2025-09-15,14.416415744560775,16.862314088093207,1.7934074586794726,38.983050847457626,8.68672516386388,12.401732476600262,1.0921611581757982,54.23728813559322
HBL,0,2022-08-01,2025-06-23,2025-06-24,2025-09-15,4.114396574341385,5.432124307474782,1.9593644173800322,45.76271186440678,4.068187390343619,5.445102870970668,1.945626466932834,50.847457627118644
HCAR,0,2022-08-01,2025-06-23,2025-06-24,2025-09-15,4.471865198618387,5.10543727066643,1.580190730390359,54.23728813559322,2.4025009931144066,3.449231507418347,0.8453604293664967,61.016949152542374
HGFA,0,2022-08-01,2025-06-23,2025-06-24,2025-09-15,0.3243272040765473,0.4544937731117881,2.553543134887347,59.64912280701754,0.31653693684360457,0.4665522175375645,2.4784250088535713,50.877192982456144
HINOON,0,2022-08-01,2025-06-23,2025-06-24,2025-09-15,22.529561687723792,27.689536820313606,2.0875921298125997,50.847457627118644,10.000677593683788,13.18987045775279,0.9479947842234138,57.6271186440678
HMB,0,2022-08-01,2025-06-23,2025-06-24,2025-09-15,1.7739301781884933,2.179143608240394,1.7709955623508213,47.45762711864407,1.4324056334414703,1.9490889852194897,1.440286182991984,49.152542372881356
HUBC,0,2022-08-01,2025-06-23,2025-06-24,2025-09-15,2.283888144750438,3.0121783867308665,1.5517277458868644,54.23728813559322,1.974093808966167,2.9207359374161723,1.350634770634562,52.54237288135594
HUMNL,0,2022-08-01,2025-06-23,2025-06-24,2025-09-15,0.2817421747791039,0.38928384042401903,2.0395681949086257,42.3728813559322,0.24564384201825662,0.3651159000222392,1.7661151956930778,49.152542372881356
IBFL,0,2022-08-01,2025-06-23,2025-06-24,2025-09-15,4.114027381618803,5.831129672233852,1.2719785598277218,27.11864406779661,3.2254235219147267,5.6748966549012705,0.9924288334849788,30.508474576271187
ILP,0,2022-08-01,2025-06-23,2025-06-24,2025-09-15,1.6591570751244644,1.9555092876178517,2.372652258900745,52.54237288135594,1.1115224805928894,1.6243009163352589,1.5762396734093937,59.32203389830508
INDU,0,2022-08-01,2025-06-23,2025-06-24,2025-09-15,36.278017338816326,43.006829940446785,1.887161422416999,35.59322033898305,19.434096514168427,28.882460073739445,1.0232265534487324,59.32203389830508
INIL,0,2022-08-01,2025-06-23,2025-06-24,2025-09-15,4.595496091542157,5.9462056573561,2.35456441404538,54.23728813559322,3.9167896852654867,5.34374472810458,2.023240716468648,44.06779661016949
ISL,0,2022-08-01,2025-06-23,2025-06-24,2025-09-15,2.262650580192542,2.742510202033385,2.2495171741612516,50.847457627118644,1.6670312396550582,2.409624706155687,1.6406379559547497,59.32203389830508
JDWS,0,2022-08-01,2025-06-23,2025-06-24,2025-09-15,9.308343508668708,12.589613740343863,1.0653486803250192,37.28813559322034,8.752935894465047,11.504168676207726,0.9982557089520503,37.28813559322034
JVDC,0,2022-08-01,2025-06-23,2025-06-24,2025-09-15,1.6007611601500646,2.2557205848906405,2.151549069040288,49.152542372881356,1.5215160563840704,2.3133188172292667,2.046273401997949,55.932203389830505
KAPCO,0,2022-08-01,2025-06-23,2025-06-24,2025-09-15,0.2158022265695736,0.2736211414025115,0.7036203499795912,55.932203389830505,0.17092019420559118,0.250989623524827,0.5515117111894295,44.06779661016949
KEL,0,2022-08-01,2025-06-23,2025-06-24,2025-09-15,0.25503907766371453,0.2736961891726136,4.929309362827087,45.76271186440678,0.07440676931607523,0.09810921083323977,1.4113591583488008,47.45762711864407
KOHC,0,2022-08-01,2025-06-23,2025-06-24,2025-09-15,24.503739881192253,83.46303292782947,16.671671680038568,51.66666666666667,22.755000178019205,82.92909895077301,15.641744942921129,48.333333333333336
KTML,0,2022-08-01,2025-06-23,2025-06-24,2025-09-15,13.866303552137355,43.724443314873945,16.362636841347634,55.00000000000001,14.097151120503744,43.990298911348155,16.537665958631717,50.0
LCI,0,2022-08-01,2025-06-23,2025-06-24,2025-09-15,403.2114545898569,472.13926037808693,98.47877589256042,35.59322033898305,31.404290150787872,181.00573986721113,8.060838957789521,62.71186440677966
LOTCHEM,0,2022-08-01,2025-06-23,2025-06-24,2025-09-15,0.2764190498200984,0.4193020765038295,1.5674046198661904,54.23728813559322,0.21304811057397863,0.36971274881402844,1.1887810721638918,54.23728813559322
LUCK,0,2022-08-01,2025-06-23,2025-06-24,2025-09-15,14.491697417705591,18.936832879793766,3.9716838111041923,59.32203389830508,4.738612805382683,6.511334932442552,1.1997462522814815,57.6271186440678
MARI,0,2022-08-01,2025-06-23,2025-06-24,2025-09-15,7.289047679784362,9.943140326980597,1.1935089590646537,45.76271186440678,5.921723963850634,8.879507599136232,0.9588162476144104,55.932203389830505
MCB,0,2022-08-01,2025-06-23,2025-06-24,2025-09-15,6.216106751555368,7.8772501628814835,2.0211970573904097,44.06779661016949,3.5327440682104077,5.233769838389274,1.1669829223880903,45.76271186440678
MEBL,0,2022-08-01,2025-06-23,2025-06-24,2025-09-15,12.035551956623667,13.154915654288079,3.442678701388756,54.23728813559322,4.372249279992054,5.82593121203586,1.244912027315293,52.54237288135594
MEHT,0,2022-08-01,2025-06-23,2025-06-24,2025-09-15,6.8882906201633185,11.100413555457084,1.9069141632628108,42.3728813559322,6.403728937698624,10.155914447791739,1.7589581078617005,52.54237288135594
MLCF,0,2022-08-01,2025-06-23,2025-06-24,2025-09-15,2.6424864139505613,3.063686268278024,2.929302157225802,54.23728813559322,1.28830525026483,1.7482906197560655,1.4011605075975146,47.45762711864407
MTL,0,2022-08-01,2025-06-23,2025-06-24,2025-09-15,12.293237268759281,15.82048647716133,2.2368579433642446,44.06779661016949,3.861548472259002,6.091946125837433,0.700575643199999,50.847457627118644
MUGHAL,0,2022-08-01,2025-06-23,2025-06-24,2025-09-15,1.7247040745304159,2.354864492010276,2.368585791635495,49.152542372881356,1.2223734451552568,1.8386526536052326,1.6531562623141407,54.23728813559322
MUREB,0,2022-08-01,2025-06-23,2025-06-24,2025-09-15,14.394750326834146,18.18454853878115,1.582178102096049,50.847457627118644,10.094971737619176,16.64593315984562,1.109668737834097,50.847457627118644
NATF,0,2022-08-01,2025-06-23,2025-06-24,2025-09-15,9.928054529935492,12.177366116534193,3.0462723277160513,50.847457627118644,6.7154442738678535,9.26874264327315,2.039154112848367,47.45762711864407
NBP,0,2022-08-01,2025-06-23,2025-06-24,2025-09-15,2.2643465676303665,2.929830568177404,1.9241967016475447,59.32203389830508,1.9744188987602627,3.0056872480010215,1.6659472772258508,35.59322033898305
NESTLE,0,2022-08-01,2025-06-23,2025-06-24,2025-09-15,125.40458712414468,205.60515399246344,1.6522385549934602,45.76271186440678,100.50988976430082,183.0060636736016,1.3082383455254698,55.932203389830505
NML,0,2022-08-01,2025-06-23,2025-06-24,2025-09-15,2.85257825832919,3.9519881698841024,2.0380235476950386,52.54237288135594,2.365866321628376,3.231865734086269,1.6782144585703744,45.76271186440678
NRL,0,2022-08-01,2025-06-23,2025-06-24,2025-09-15,6.870591176827895,9.675708573820826,2.5131890612386734,50.847457627118644,6.025590540999077,8.993476259439129,2.1808059915476883,45.76271186440678
OGDC,0,2022-08-01,2025-06-23,2025-06-24,2025-09-15,2.7259766450058756,3.9598398607468503,1.153214405808264,50.847457627118644,2.5466029280323084,3.978635046421887,1.0733656786442376,49.152542372881356
PABC,0,2022-08-01,2025-06-23,2025-06-24,2025-09-15,3.079188587616682,4.496055792341173,2.0360212511790174,52.54237288135594,2.880508293539791,4.227053009628367,1.901048060753064,55.932203389830505
PAEL,0,2022-08-01,2025-06-23,2025-06-24,2025-09-15,0.8596707439181469,1.2007415529304966,1.880820980898205,52.54237288135594,0.8098303584729215,1.2093534576734002,1.7472962786851114,50.847457627118644
PAKT,0,2022-08-01,2025-06-23,2025-06-24,2025-09-15,15.306696859347586,20.996569764453735,1.298358099918203,45.76271186440678,14.122194451800839,19.701717505666473,1.2012468872375384,42.3728813559322
PGLC,0,2022-08-01,2025-06-23,2025-06-24,2025-09-15,0.4536932249670288,0.7576213616316805,2.2091313746343193,57.6271186440678,0.4428813740358514,0.675125828569023,2.155373333193044,42.3728813559322
PIBTL,0,2022-08-01,2025-06-23,2025-06-24,2025-09-15,0.6225482040357502,0.6951816324083109,5.918917824229891,50.847457627118644,0.23372873209290584,0.33307751960300164,2.1594579268061196,44.06779661016949
PIOC,0,2022-08-01,2025-06-23,2025-06-24,2025-09-15,7.692066055760851,8.597064295117454,3.347040186784642,57.6271186440678,3.1534576416015576,4.143914927420615,1.3676655548894527,59.32203389830508
PKGS,0,2022-08-01,2025-06-23,2025-06-24,2025-09-15,10.847950524768862,12.917578176387535,1.7578944195163821,44.06779661016949,9.022231797040526,11.208869077109084,1.4688249544480378,55.932203389830505
POL,0,2022-08-01,2025-06-23,2025-06-24,2025-09-15,6.81728830247726,8.53419561169062,1.2181025841051276,47.45762711864407,3.8589725817664235,6.771388698026307,0.6917507981929635,52.54237288135594
POWER,0,2022-08-01,2025-06-23,2025-06-24,2025-09-15,0.324627726008531,0.44162297152126084,2.011652839325593,59.32203389830508,0.2388136265641553,0.3737737899969337,1.4592533460234067,44.06779661016949
PPL,0,2022-08-01,2025-06-23,2025-06-24,2025-09-15,2.24911131502535,3.0990263888947402,1.3121045085884684,50.847457627118644,2.056529934123412,2.8938712157296016,1.1969328793199512,45.76271186440678
PRL,0,2022-08-01,2025-06-23,2025-06-24,2025-09-15,1.066162389960937,1.1643403821779859,3.322628642119034,44.06779661016949,0.3723730313575876,0.5455350154060434,1.144651227896571,45.76271186440678
PSEL,0,2022-08-01,2025-06-23,2025-06-24,2025-09-15,24.434366719395815,38.47590240541884,2.56950773902827,61.016949152542374,24.41474630064883,38.54272938832401,2.5627590945116867,55.932203389830505
PSO,0,2022-08-01,2025-06-23,2025-06-24,2025-09-15,7.722826290742883,10.36505376922392,1.9474915581218788,52.54237288135594,4.371494616492313,5.759333916699396,1.1120367039892105,54.23728813559322
PSX,0,2022-08-01,2025-06-23,2025-06-24,2025-09-15,0.6365220017209564,0.8792006409921654,2.0543733687912282,54.23728813559322,0.56420180757167,0.7558741457539133,1.8241284061156073,49.152542372881356
PTC,0,2022-08-01,2025-06-23,2025-06-24,2025-09-15,0.5063544900233896,0.6345289079408881,2.142222619902436,45.76271186440678,0.42305096125198627,0.568766260493133,1.7806528201599146,49.152542372881356
RMPL,0,2022-08-01,2025-06-23,2025-06-24,2025-09-15,39.6424262109006,48.99515129914456,0.43474346091492266,50.847457627118644,33.23637778072031,43.45247383720863,0.3640417769856482,40.67796610169492
SAZEW,0,2022-08-01,2025-06-23,2025-06-24,2025-09-15,26.87321662529153,38.387697389726746,1.936947238154213,50.847457627118644,19.224087989936443,30.632011361230948,1.4207974239807337,55.932203389830505
SCBPL,0,2022-08-01,2025-06-23,2025-06-24,2025-09-15,1.0802662304982915,1.7023204181486487,1.6326268065816898,49.152542372881356,0.9600733094296211,1.692837265882219,1.4391347129297902,50.847457627118644
SEARL,0,2022-08-01,2025-06-23,2025-06-24,2025-09-15,2.7658176588350374,3.7787945381489436,2.6712867457794833,64.40677966101694,2.0994919599112825,3.3626073369421894,1.9970613566502051,50.847457627118644
SHFA,0,2022-08-01,2025-06-23,2025-06-24,2025-09-15,7.041528007012081,10.18426423574676,1.2952384766410867,57.6271186440678,6.7890987072960804,9.315222472397588,1.2493281911312868,55.932203389830505
SNGP,0,2022-08-01,2025-06-23,2025-06-24,2025-09-15,1.508394506253835,2.2695948621833453,1.274773199834652,47.45762711864407,1.3667270207809206,2.14550903808501,1.1497764387409062,52.54237288135594
SRVI,0,2022-08-01,2025-06-23,2025-06-24,2025-09-15,26.922394850878497,36.2315570037461,2.148808486813116,47.45762711864407,23.658989340572035,34.28097478136271,1.8842166905326776,49.152542372881356
SSGC,0,2022-08-01,2025-06-23,2025-06-24,2025-09-15,0.7318848832494443,0.9255536756367349,1.7137441778925784,54.23728813559322,0.6816670046014305,0.8820624044903239,1.5916816948813375,45.76271186440678
SYS,0,2022-08-01,2025-06-23,2025-06-24,2025-09-15,13.681021497665084,21.405444566106855,10.536292911113046,50.847457627118644,1.8825140484308795,2.6099721837787326,1.4899321599474367,52.54237288135594
TGL,0,2022-08-01,2025-06-23,2025-06-24,2025-09-15,3.8977822486751226,5.332912415669184,1.6069756617478688,49.152542372881356,3.4861863992982025,5.043431945298566,1.4345198437408007,47.45762711864407
THALL,0,2022-08-01,2025-06-23,2025-06-24,2025-09-15,10.598745748533148,16.34738288632325,2.13939588557576,54.23728813559322,10.146505582130562,15.016102335290782,2.0652653383259176,52.54237288135594
TRG,0,2022-08-01,2025-06-23,2025-06-24,2025-09-15,1.415374483475887,2.1199255396389396,2.3699915326518073,57.6271186440678,1.0742373708951265,1.7535416015604322,1.7913834497088201,42.3728813559322
UBL,0,2022-08-01,2025-06-23,2025-06-24,2025-09-15,25.312844251717145,26.494944223829986,7.694116364960866,37.28813559322034,3.664221036232124,5.41324210125203,1.1464070104762163,62.71186440677966
UPFL,0,2022-08-01,2025-06-23,2025-06-24,2025-09-15,797.0789274445787,1066.9627382622245,2.664304532885865,49.152542372881356,427.0913996292373,741.2289234236692,1.4772847968733152,55.932203389830505
WAFI,0,2022-08-01,2025-06-23,2025-06-24,2025-09-15,6.805006246346235,7.464429352942589,3.791786935249596,45.76271186440678,2.328474576271184,3.213874054887336,1.2907140834075368,69.49152542372882
YOUW,0,2022-08-01,2025-06-23,2025-06-24,2025-09-15,0.13846306063288308,0.22318633838474186,2.548526904454517,59.32203389830508,0.14152538170248774,0.23010313007377955,2.595366925239649,59.32203389830508
ABL,1,2022-10-24,2025-09-15,2025-09-16,2025-12-08,3.2133927444818933,4.5620298684731475,1.9021321244304834,55.00000000000001,2.3894243876139316,3.8230446592734766,1.3865680329828511,46.666666666666664
ABOT,1,2022-10-24,2025-09-15,2025-09-16,2025-12-08,12.937763571198861,16.877931738707744,1.156674263707365,58.333333333333336,11.129288736979165,15.954500063012409,0.9914825907743912,50.0
AGP,1,2022-10-24,2025-09-15,2025-09-16,2025-12-08,2.1876212118667415,3.1996286000618257,1.1663360319752702,45.0,1.9299273173014313,2.799337501572957,1.0310646250466615,43.333333333333336
AHCL,1,2022-10-24,2025-09-15,2025-09-16,2025-12-08,0.2337117407990937,0.30037424829953774,1.5304731006265242,53.333333333333336,0.20867067972818987,0.29130892441021533,1.3625105818860843,48.333333333333336
AICL,1,2022-10-24,2025-09-15,2025-09-16,2025-12-08,1.6172310328006254,2.353998439270804,2.062221841215723,50.0,1.1555562337239575,1.862425870423868,1.4676318626943328,51.66666666666667
AIRLINK,1,2022-10-24,2025-09-15,2025-09-16,2025-12-08,3.3092900015253606,5.147766308620841,1.9499214380205947,55.00000000000001,3.29567845662435,4.839660073406271,1.9462884746662592,46.666666666666664
AKBL,1,2022-10-24,2025-09-15,2025-09-16,2025-12-08,1.6095099673209787,2.2556942014499084,1.845978687782584,58.333333333333336,1.5639111836751307,2.265617634368457,1.7858286814270323,40.0
APL,1,2022-10-24,2025-09-15,2025-09-16,2025-12-08,5.811167001343176,8.345874914699996,1.119981088384191,53.333333333333336,5.336881510416668,8.284413356750216,1.0292831481455185,45.0
ASTL,1,2022-10-24,2025-09-15,2025-09-16,2025-12-08,1.0512809942774077,1.2482429958535788,4.495096583782845,40.0,0.489166609446208,0.6852309848768116,2.0699609393164797,48.333333333333336
ATLH,1,2022-10-24,2025-09-15,2025-09-16,2025-12-08,15.457756829387836,20.86757399796738,1.1428064971172824,51.66666666666667,10.881266276041686,16.204642540963107,0.8045976693566055,43.333333333333336
ATRL,1,2022-10-24,2025-09-15,2025-09-16,2025-12-08,10.203160194146363,14.093332970474835,1.5235114012067636,46.666666666666664,9.814885457356773,13.482882174638974,1.468217067548586,56.666666666666664
AVN,1,2022-10-24,2025-09-15,2025-09-16,2025-12-08,0.9824818330251716,1.1076992071877279,2.1942016583539075,26.666666666666668,0.3796159108479806,0.510296083809728,0.8373925713403727,46.666666666666664
BAFL,1,2022-10-24,2025-09-15,2025-09-16,2025-12-08,1.687255471273492,2.357076850032565,1.6732017079811798,40.0,1.6066795349121084,2.337516406141151,1.5926123192246493,41.66666666666667
BAHL,1,2022-10-24,2025-09-15,2025-09-16,2025-12-08,3.2267054817061287,4.816180208708096,1.7194849053570647,53.333333333333336,2.5309405008951855,4.534308743742569,1.3383661577412376,48.333333333333336
BNWM,1,2022-10-24,2025-09-15,2025-09-16,2025-12-08,1.4465739537610467,1.9382013317846527,2.129040244226133,38.333333333333336,1.3228336334228514,2.00936989584903,1.9262304817101437,48.333333333333336
BOP,1,2022-10-24,2025-09-15,2025-09-16,2025-12-08,0.8562642753940417,1.1475058003168166,2.7935930530903548,55.00000000000001,0.8125454584757488,1.160164822729127,2.683364342357279,53.333333333333336
BWCL,1,2022-10-24,2025-09-15,2025-09-16,2025-12-08,11.487212481635488,15.662644546055727,2.1123073326898947,33.33333333333333,6.834599812825517,12.273664562285873,1.231412488049006,51.66666666666667
CHCC,1,2022-10-24,2025-09-15,2025-09-16,2025-12-08,5.09886316300052,6.775578741586324,1.5320098567297564,46.666666666666664,4.767885335286459,6.710039024993298,1.429669592585408,55.00000000000001
CNERGY,1,2022-10-24,2025-09-15,2025-09-16,2025-12-08,0.19241227164379238,0.25170807212480373,2.3907940289684886,53.333333333333336,0.15366665522257486,0.22464786531920294,1.8921810876275098,50.0
COLG,1,2022-10-24,2025-09-15,2025-09-16,2025-12-08,8.11634918414355,11.332440733632497,0.6483602895864572,46.666666666666664,5.326157633463541,8.343022647255152,0.42625094269196623,35.0
CPHL,1,2022-10-24,2025-09-15,2025-09-16,2025-12-08,1.586707374841983,1.964174092962264,1.798934528885387,41.66666666666667,1.2867585500081364,1.6952919919465703,1.4575293767137554,43.333333333333336
DCR,1,2022-10-24,2025-09-15,2025-09-16,2025-12-08,0.3772799750843757,0.46766259450957876,1.21817785288359,50.0,0.16526101430257198,0.2592486989388395,0.5299871940328448,51.66666666666667
DGKC,1,2022-10-24,2025-09-15,2025-09-16,2025-12-08,8.089946278159855,9.08273712675475,3.4620204351946136,36.666666666666664,3.6079790751139376,5.152134527600251,1.5260609089175405,43.333333333333336
DHPL,1,2022-10-24,2025-09-15,2025-09-16,2025-12-08,0.8400245855724366,1.3933926363156135,1.6635056283275704,61.66666666666667,0.8106666666666663,1.3160281152011915,1.6124060254503743,50.0
EFERT,1,2022-10-24,2025-09-15,2025-09-16,2025-12-08,2.351647535570856,3.4336172618952467,1.1193087512426922,46.666666666666664,2.1963663736979155,3.2518372428342293,1.0459705338308822,48.333333333333336
ENGROH,1,2022-10-24,2025-09-15,2025-09-16,2025-12-08,4.5534683848978315,5.895722668711618,1.9697566919877982,46.666666666666664,3.810000000000001,5.351795648814204,1.6433223153621046,50.0
EPCL,1,2022-10-24,2025-09-15,2025-09-16,2025-12-08,0.7039601836324059,0.8981666919570843,2.37621616017887,51.66666666666667,0.43433351516723673,0.6361658551752615,1.4248360359054608,43.333333333333336
FABL,1,2022-10-24,2025-09-15,2025-09-16,2025-12-08,1.702968300115845,2.4264385367966215,2.0560795838792987,53.333333333333336,1.6328697204589842,2.3469645148432434,1.971800901059215,61.66666666666667
FATIMA,1,2022-10-24,2025-09-15,2025-09-16,2025-12-08,2.3655170663006397,3.3531527042133895,1.7435567642332606,46.666666666666664,2.242702611287433,3.2694196979528174,1.65290703631946,56.666666666666664
FCCL,1,2022-10-24,2025-09-15,2025-09-16,2025-12-08,1.4059164265384265,1.6983941384848604,2.5917806592562425,40.0,0.8725709279378251,1.237292081632642,1.5892382294487626,55.00000000000001
FFC,1,2022-10-24,2025-09-15,2025-09-16,2025-12-08,5.991753682740371,7.827842733209925,1.2562037385063374,53.333333333333336,5.89411926269531,8.237446835666399,1.2230789906812405,45.0
FFL,1,2022-10-24,2025-09-15,2025-09-16,2025-12-08,0.3069888785448983,0.4661133737349824,1.5291850859886078,53.333333333333336,0.3061666806538898,0.4555125788813376,1.5236852173315831,48.333333333333336
FHAM,1,2022-10-24,2025-09-15,2025-09-16,2025-12-08,0.9739676880745836,1.1477902239850502,2.8281983168196683,41.66666666666667,0.5929313659667967,0.8632579426841867,1.708016756827541,28.333333333333332
GADT,1,2022-10-24,2025-09-15,2025-09-16,2025-12-08,8.657100255118364,11.560426297746902,2.4022679664103355,35.0,5.6390009562174495,8.730097849909829,1.572089422265739,50.0
GAL,1,2022-10-24,2025-09-15,2025-09-16,2025-12-08,6.626679710002383,10.002797178825192,1.1586456150081808,50.0,6.358999999999982,9.882353127334255,1.1126890954665145,60.0
GATM,1,2022-10-24,2025-09-15,2025-09-16,2025-12-08,0.6636543659803671,0.9346914988753104,2.068274844803453,58.333333333333336,0.6846666971842448,0.9693055434659436,2.135487993360151,51.66666666666667
GHGL,1,2022-10-24,2025-09-15,2025-09-16,2025-12-08,0.6931410284469488,0.9769622170373324,1.9974529882087577,41.66666666666667,0.5764771779378257,0.8518661697586934,1.6559475077428962,50.0
GHNI,1,2022-10-24,2025-09-15,2025-09-16,2025-12-08,11.21759252573369,14.976967875413228,1.3414089174765216,53.333333333333336,10.374954223632818,14.253581405283654,1.2398011279788013,51.66666666666667
GLAXO,1,2022-10-24,2025-09-15,2025-09-16,2025-12-08,5.737429032673279,8.115824207357191,1.408076532547064,53.333333333333336,3.806807454427083,6.499457717441715,0.9463221752810594,51.66666666666667
HALEON,1,2022-10-24,2025-09-15,2025-09-16,2025-12-08,7.046693746335554,9.735710806078009,0.8229917382465141,50.0,6.4597117106119715,9.836931798853874,0.754076874051582,38.333333333333336
HBL,1,2022-10-24,2025-09-15,2025-09-16,2025-12-08,4.449993630177668,6.185218989636378,1.612558527922976,46.666666666666664,4.085906982421877,5.6500964192343455,1.488612010779301,46.666666666666664
HCAR,1,2022-10-24,2025-09-15,2025-09-16,2025-12-08,2.5815230963598235,3.2971840848932845,0.912967344768222,48.333333333333336,2.386300659179686,3.049682597912713,0.8482765869386445,51.66666666666667
HGFA,1,2022-10-24,2025-09-15,2025-09-16,2025-12-08,0.3972634388196575,0.5294264457328699,2.269739363280832,52.54237288135594,0.3077622753078658,0.4665255133292433,1.741055134822322,44.06779661016949
HINOON,1,2022-10-24,2025-09-15,2025-09-16,2025-12-08,9.672422662144283,12.219251210913217,0.9030989857807382,40.0,7.989104207356783,10.811508254306819,0.7433599747680276,43.333333333333336
HMB,1,2022-10-24,2025-09-15,2025-09-16,2025-12-08,1.4234888817509546,2.084277007941654,1.3480769931057481,50.0,1.319374974568686,2.025779027208379,1.2478214987246998,45.0
HUBC,1,2022-10-24,2025-09-15,2025-09-16,2025-12-08,8.517063072237278,9.381739516562321,4.178136459063056,55.00000000000001,2.7772064208984406,3.795621583844295,1.373948167163314,60.0
HUMNL,1,2022-10-24,2025-09-15,2025-09-16,2025-12-08,0.4378575182328614,0.5300265890465833,2.9698662486639265,41.66666666666667,0.25096286137898766,0.3549739922729672,1.6775162754543698,46.666666666666664
IBFL,1,2022-10-24,2025-09-15,2025-09-16,2025-12-08,3.5549947167667066,5.508384492305331,1.2390129338582994,25.0,2.180332946777342,4.812744836469038,0.7571157228569602,43.333333333333336
ILP,1,2022-10-24,2025-09-15,2025-09-16,2025-12-08,1.088838901755165,1.381621330143464,1.467817687790607,46.666666666666664,1.0379922231038412,1.3673434199965302,1.3981880489610266,41.66666666666667
INDU,1,2022-10-24,2025-09-15,2025-09-16,2025-12-08,12.166880111032034,18.971645508622153,0.6256343755421204,46.666666666666664,10.738144938151022,18.782783695370796,0.5526097246329744,40.0
INIL,1,2022-10-24,2025-09-15,2025-09-16,2025-12-08,3.4729739181986385,4.675892987218759,1.6887716350069975,60.0,3.6151662190755265,4.920327471271201,1.7609566437444324,45.0
ISL,1,2022-10-24,2025-09-15,2025-09-16,2025-12-08,2.5300257641120765,3.3949940299611905,2.46499452951242,40.0,2.06133321126302,2.8353621672000346,2.014496388519036,48.333333333333336
JDWS,1,2022-10-24,2025-09-15,2025-09-16,2025-12-08,13.403884925930786,15.702024475531218,1.729923030860734,51.66666666666667,5.5620707194010395,7.251891602959744,0.7099106663961708,36.666666666666664
JVDC,1,2022-10-24,2025-09-15,2025-09-16,2025-12-08,2.185697641161359,2.492914373575438,2.896801425480276,51.66666666666667,0.8576866149902337,1.221283517626878,1.133286007300273,46.666666666666664
KAPCO,1,2022-10-24,2025-09-15,2025-09-16,2025-12-08,0.24720611662735337,0.40148043951591045,0.8558279084199063,51.66666666666667,0.21620756785074893,0.3766580652105483,0.7379438326772985,50.0
KEL,1,2022-10-24,2025-09-15,2025-09-16,2025-12-08,0.20993332699337433,0.29298639272344595,3.396547015715898,46.666666666666664,0.1811666965484619,0.263884457019908,2.885398050138727,46.666666666666664
KOHC,1,2022-10-24,2025-09-15,2025-09-16,2025-12-08,10.015130213175109,19.093346186276168,10.418249082644424,58.333333333333336,1.2815010070800765,1.8007847915521562,1.2654326181152173,41.66666666666667
KTML,1,2022-10-24,2025-09-15,2025-09-16,2025-12-08,3.2697150849157093,5.0314007767983675,5.2249841767038,56.666666666666664,1.919004885355632,2.520332179457154,3.1057255415989937,58.333333333333336
LCI,1,2022-10-24,2025-09-15,2025-09-16,2025-12-08,15.913000467866606,22.904801503032314,5.273611101820844,45.0,2.4339294433593808,3.480838110347825,0.7852307779032601,40.0
LOTCHEM,1,2022-10-24,2025-09-15,2025-09-16,2025-12-08,0.7517093527728427,0.8490386038600665,3.549025173423406,46.666666666666664,0.386083157857259,0.5696975644378776,1.8146071269541486,50.0
LUCK,1,2022-10-24,2025-09-15,2025-09-16,2025-12-08,6.704548618244211,9.436624465934814,1.4753082510982984,48.333333333333336,6.463000488281252,9.134446668232245,1.4207252537182138,45.0
MARI,1,2022-10-24,2025-09-15,2025-09-16,2025-12-08,9.816915619191104,12.715520316810673,1.3820408964090876,48.333333333333336,9.524209594726562,12.846005151533664,1.3378442429220578,53.333333333333336
MCB,1,2022-10-24,2025-09-15,2025-09-16,2025-12-08,3.9411716449572993,4.869936527395615,1.189595509315606,48.333333333333336,3.397858683268228,4.519179650913154,1.021406256321916,50.0
MEBL,1,2022-10-24,2025-09-15,2025-09-16,2025-12-08,5.749374185217843,8.19071748588114,1.3858090001188312,55.00000000000001,6.104165649414058,9.096727009365374,1.4629912435796506,51.66666666666667
MEHT,1,2022-10-24,2025-09-15,2025-09-16,2025-12-08,6.135592470008821,8.95940890364315,2.047051047976352,45.0,3.444999694824217,5.281009128438691,1.1478623040230524,25.0
MLCF,1,2022-10-24,2025-09-15,2025-09-16,2025-12-08,2.338214552862019,2.9877557226683638,2.324286159774662,46.666666666666664,1.8333330790201852,2.5287504360271655,1.8030738156158725,36.666666666666664
MTL,1,2022-10-24,2025-09-15,2025-09-16,2025-12-08,6.7950666691970305,10.072338280616325,1.341336605097605,41.66666666666667,4.385514322916671,5.922416373117712,0.8646315179648235,50.0
MUGHAL,1,2022-10-24,2025-09-15,2025-09-16,2025-12-08,2.018478171960224,2.4719233182896208,2.3867794855621334,46.666666666666664,1.3716670989990236,2.032582954846477,1.6119347311025107,36.666666666666664
MUREB,1,2022-10-24,2025-09-15,2025-09-16,2025-12-08,11.166795560803546,15.23368282405138,1.0904920544791232,45.0,9.581706746419263,14.119957424184447,0.9312316313346414,36.666666666666664
NATF,1,2022-10-24,2025-09-15,2025-09-16,2025-12-08,7.7324501085893065,9.89790298042128,2.1069098077975723,53.333333333333336,3.994615173339837,6.26558109415936,1.1115519597612096,51.66666666666667
NBP,1,2022-10-24,2025-09-15,2025-09-16,2025-12-08,5.645500850729695,6.536515301378645,3.1620158732498913,41.66666666666667,2.8580004374186228,3.8192163782968778,1.6040516039900574,51.66666666666667
NESTLE,1,2022-10-24,2025-09-15,2025-09-16,2025-12-08,111.93915590794137,145.27492531524905,1.4790606794309542,43.333333333333336,38.649707031250074,61.32571612956098,0.5040734694152044,40.0
NML,1,2022-10-24,2025-09-15,2025-09-16,2025-12-08,2.2547078732761796,3.06929322612799,1.4979473550610602,60.0,2.2951443990071607,3.199480169028988,1.5237803494435127,55.00000000000001
NRL,1,2022-10-24,2025-09-15,2025-09-16,2025-12-08,11.447106321910896,15.336891225510657,2.912974030091798,45.0,10.694002278645842,14.969111763544705,2.720692247401161,53.333333333333336
OGDC,1,2022-10-24,2025-09-15,2025-09-16,2025-12-08,3.852668390860012,4.744744895069798,1.5297936733292126,46.666666666666664,3.094879150390642,3.8738061369560457,1.2359833777895903,51.66666666666667
PABC,1,2022-10-24,2025-09-15,2025-09-16,2025-12-08,3.197278243856374,4.139932266737836,2.2891664537066605,41.66666666666667,2.5495005289713535,3.52400217140362,1.804963717505092,38.333333333333336
PAEL,1,2022-10-24,2025-09-15,2025-09-16,2025-12-08,1.13472679265353,1.5322168715225337,2.107950599735307,48.333333333333336,0.9189997990926103,1.4011720467909325,1.6969361535895324,45.0
PAKT,1,2022-10-24,2025-09-15,2025-09-16,2025-12-08,19.486208069871378,24.708678582343445,1.3514604726116632,48.333333333333336,16.12426757812498,22.741844883243232,1.1166701506707504,40.0
PGLC,1,2022-10-24,2025-09-15,2025-09-16,2025-12-08,0.2377093868218684,0.3209987360134639,1.45132532955199,40.0,0.2303335507710775,0.3131455933690755,1.4030564788345725,28.333333333333332
PIBTL,1,2022-10-24,2025-09-15,2025-09-16,2025-12-08,0.34404301099323814,0.42108145067515274,2.305256420562014,41.66666666666667,0.28016668955485,0.3983738526097659,1.8669851362584133,55.00000000000001
PIOC,1,2022-10-24,2025-09-15,2025-09-16,2025-12-08,6.924430737865766,10.162840417953431,2.4872370498452234,50.0,6.554574584960935,9.5712558763484,2.3631811196757067,48.333333333333336
PKGS,1,2022-10-24,2025-09-15,2025-09-16,2025-12-08,10.32246609992704,14.100169246937057,1.4623658117101304,45.0,6.533566284179687,9.621389451018185,0.9314910182390128,33.33333333333333
POL,1,2022-10-24,2025-09-15,2025-09-16,2025-12-08,7.267014844891518,10.000885992767959,1.1831093619554727,53.333333333333336,5.754730224609373,7.835388461007547,0.9459328279803881,56.666666666666664
POWER,1,2022-10-24,2025-09-15,2025-09-16,2025-12-08,0.39728949142012127,0.49126318147533327,2.175320887954683,40.0,0.30166660944620766,0.442447664259261,1.6461611964788063,38.333333333333336
PPL,1,2022-10-24,2025-09-15,2025-09-16,2025-12-08,3.1327799726724197,3.7690577568012,1.6597091068117302,48.333333333333336,2.9114501953124927,3.6780932486136404,1.5359794014210597,50.0
PRL,1,2022-10-24,2025-09-15,2025-09-16,2025-12-08,0.845861581740795,1.073527454320816,2.3198729707937584,46.666666666666664,0.843166478474935,1.0760580947172669,2.3071571266619473,46.666666666666664
PSEL,1,2022-10-24,2025-09-15,2025-09-16,2025-12-08,35.56454748082924,49.10077954553548,2.9621639945027525,51.66666666666667,34.95367024739582,50.27065252065417,2.9037666999251517,40.0
PSO,1,2022-10-24,2025-09-15,2025-09-16,2025-12-08,5.914223803487962,8.433911273132997,1.2980475767238189,50.0,5.691627502441408,8.053436897636445,1.251684812170838,58.333333333333336
PSX,1,2022-10-24,2025-09-15,2025-09-16,2025-12-08,0.7838140047677764,1.1268786534998751,1.8832752181782146,38.333333333333336,0.6869190216064454,1.0880918504111843,1.6452165806595513,53.333333333333336
PTC,1,2022-10-24,2025-09-15,2025-09-16,2025-12-08,1.0869122542124752,1.4178703082821336,3.006478643034358,53.333333333333336,1.060666497548421,1.387755805872918,2.94042145855126,43.333333333333336
RMPL,1,2022-10-24,2025-09-15,2025-09-16,2025-12-08,94.40249529388575,170.03971866148896,0.9933223853247692,43.333333333333336,86.610107421875,159.86102526518889,0.91106092839628,41.66666666666667
SAZEW,1,2022-10-24,2025-09-15,2025-09-16,2025-12-08,24.293241162583506,34.14295062903343,1.3623692499094475,55.00000000000001,20.0906209309896,30.17733950340231,1.126658572281782,51.66666666666667
SCBPL,1,2022-10-24,2025-09-15,2025-09-16,2025-12-08,1.6151750749607463,1.8552300259143604,2.532571530370329,38.333333333333336,0.7036561965942385,1.0732671658505917,1.0868751902079798,45.0
SEARL,1,2022-10-24,2025-09-15,2025-09-16,2025-12-08,2.6099030328659305,3.591338023011545,2.452137791229371,45.0,1.9038258870442697,2.854896149141595,1.7764740668628103,43.333333333333336
SHFA,1,2022-10-24,2025-09-15,2025-09-16,2025-12-08,8.129181421831772,10.346124967893525,1.5632899150441675,46.666666666666664,6.3084187825520734,8.741939710384989,1.2111663903425638,38.333333333333336
SNGP,1,2022-10-24,2025-09-15,2025-09-16,2025-12-08,3.5193117771064535,4.17016771206769,2.8875956891194288,40.0,1.8619712829589836,2.6143061539485752,1.5069941598515797,40.0
SRVI,1,2022-10-24,2025-09-15,2025-09-16,2025-12-08,23.54877013000989,36.26608788318704,1.6483704299547497,41.66666666666667,22.725079345703122,35.69170021884696,1.5748573612035008,43.333333333333336
SSGC,1,2022-10-24,2025-09-15,2025-09-16,2025-12-08,0.686513203704502,0.989848597038502,1.8251544096516654,51.66666666666667,0.6522178014119465,0.9902051370964174,1.7492004194999973,41.66666666666667
SYS,1,2022-10-24,2025-09-15,2025-09-16,2025-12-08,2.82893600702559,4.27623902618242,1.8612949472184048,48.333333333333336,2.5656044006347662,3.632305941038646,1.6849501755018599,56.666666666666664
TGL,1,2022-10-24,2025-09-15,2025-09-16,2025-12-08,5.733531582165762,7.638370658744343,2.7387867433942272,43.333333333333336,3.674015299479165,5.92992327868564,1.728734262002298,50.0
THALL,1,2022-10-24,2025-09-15,2025-09-16,2025-12-08,8.971621041983079,13.437641206441384,1.6469791267415896,53.333333333333336,8.450012207031252,12.93949319349599,1.5509724272988281,41.66666666666667
TRG,1,2022-10-24,2025-09-15,2025-09-16,2025-12-08,3.777781586324006,4.271550510776144,5.144895253238221,43.333333333333336,1.5641661326090488,2.2425433096639624,2.0996392174131424,41.66666666666667
UBL,1,2022-10-24,2025-09-15,2025-09-16,2025-12-08,4.983247720741313,6.748805041521144,1.408597466814729,38.333333333333336,3.8733327229817727,5.8202606442400855,1.0959759797842976,45.0
UPFL,1,2022-10-24,2025-09-15,2025-09-16,2025-12-08,557.9540095906851,744.7083742627719,1.9518689226649215,46.666666666666664,329.78489583333317,520.3919537048525,1.146257993282088,45.0
WAFI,1,2022-10-24,2025-09-15,2025-09-16,2025-12-08,3.1675280842853,4.290758492908348,1.6347675884243698,51.66666666666667,2.9964999999999975,4.140662386623666,1.5407569501550027,48.333333333333336
YOUW,1,2022-10-24,2025-09-15,2025-09-16,2025-12-08,0.13393174420608822,0.18462755627979677,2.2115192001828077,55.00000000000001,0.12966667811075847,0.17862436158929498,2.1513271504278886,45.0
ABL,2,2023-01-16,2025-12-08,2025-12-09,2026-03-04,4.743751536016365,6.029050553173351,2.7243071154977043,50.0,2.6459302266438813,4.190299182549173,1.5409985356978113,46.666666666666664
ABOT,2,2023-01-16,2025-12-08,2025-12-09,2026-03-04,16.68414375420966,23.60544009365144,1.5750648203897262,55.00000000000001,16.452943929036447,23.849638229671616,1.556190770902301,51.66666666666667
AGP,2,2023-01-16,2025-12-08,2025-12-09,2026-03-04,4.073477670041131,6.169450772746349,1.9477386834021628,60.0,3.997710418701175,6.088147587056204,1.9152052812960858,50.0
AHCL,2,2023-01-16,2025-12-08,2025-12-09,2026-03-04,0.406484118403912,0.544764590139137,2.4778018405684366,41.66666666666667,0.28900001843770323,0.4349483586355041,1.7661435707553974,46.666666666666664
AICL,2,2023-01-16,2025-12-08,2025-12-09,2026-03-04,4.37632072625965,5.337619666658324,4.838307880973237,41.66666666666667,2.8627881368001296,3.743002771503978,3.1735343104722236,65.0
AIRLINK,2,2023-01-16,2025-12-08,2025-12-09,2026-03-04,3.608527733388146,4.947303974029606,2.09073863692561,41.66666666666667,3.0158325195312607,4.453411555706479,1.7586871221208107,31.666666666666664
AKBL,2,2023-01-16,2025-12-08,2025-12-09,2026-03-04,2.9552663864708566,4.15793286739812,3.127194752074332,46.666666666666664,2.4669330596923817,3.4438436123155833,2.5722414157822984,48.333333333333336
APL,2,2023-01-16,2025-12-08,2025-12-09,2026-03-04,8.417222024980598,13.35683518999383,1.5076164676884534,58.333333333333336,8.0187733968099,12.327605806963852,1.4274190256564587,50.0
ASTL,2,2023-01-16,2025-12-08,2025-12-09,2026-03-04,0.5111553632237533,0.7172819074333869,2.4599960044219156,40.0,0.4723333358764647,0.6745691504716701,2.268657301312858,48.333333333333336
ATLH,2,2023-01-16,2025-12-08,2025-12-09,2026-03-04,26.78600447578998,39.64669310863245,1.6349761997353607,48.333333333333336,20.977797444661476,34.347218752727336,1.2947032805670529,55.00000000000001
ATRL,2,2023-01-16,2025-12-08,2025-12-09,2026-03-04,17.574712377480402,25.38461401871527,2.305979109557519,50.0,16.860691324869798,24.666551474123086,2.207404268156409,45.0
AVN,2,2023-01-16,2025-12-08,2025-12-09,2026-03-04,0.7058615566992373,1.138238575978179,2.02057987586531,46.666666666666664,0.5144745508829759,0.8520082207129839,1.4413173805027972,48.333333333333336
BAFL,2,2023-01-16,2025-12-08,2025-12-09,2026-03-04,1.9266584849609159,2.7391177675844816,1.694629342235339,55.00000000000001,1.8992031097412108,2.7625011044569434,1.6719289103855155,53.333333333333336
BAHL,2,2023-01-16,2025-12-08,2025-12-09,2026-03-04,2.793783003409769,3.618593737748879,1.5797966572917932,38.333333333333336,2.2311108907063804,3.3669886153330935,1.277704661020338,48.333333333333336
BNWM,2,2023-01-16,2025-12-08,2025-12-09,2026-03-04,1.770663926080768,2.1913730990645788,2.726877921462368,35.0,1.212333869934082,1.6956517304754344,1.8866058314028644,43.333333333333336
BOP,2,2023-01-16,2025-12-08,2025-12-09,2026-03-04,1.093751252957124,1.4869474052450549,3.2738293915828063,43.333333333333336,0.8278326034545896,1.1466057488135384,2.4332154121320735,50.0
BWCL,2,2023-01-16,2025-12-08,2025-12-09,2026-03-04,15.500071705578593,18.785521204680354,3.236409931325969,38.333333333333336,4.011598714192714,7.607075939609237,0.8691266164748225,41.66666666666667
CHCC,2,2023-01-16,2025-12-08,2025-12-09,2026-03-04,7.615619548770754,9.516275044767204,2.4460726506500574,35.0,5.858248392740884,7.920096422147414,1.845477533845654,46.666666666666664
CNERGY,2,2023-01-16,2025-12-08,2025-12-09,2026-03-04,0.15299195867033594,0.2265641724792673,2.1100157640987334,50.0,0.14299999872843425,0.22199100893741106,1.976076836559643,61.66666666666667
COLG,2,2023-01-16,2025-12-08,2025-12-09,2026-03-04,13.565175842268559,23.17236187549766,1.1538849817785353,58.333333333333336,6.888533528645841,11.824269141934282,0.5799943599169191,46.666666666666664
CPHL,2,2023-01-16,2025-12-08,2025-12-09,2026-03-04,1.5473944449834136,2.187830745840063,1.8090876928375723,38.333333333333336,1.4461681365966796,2.118856743156312,1.6978881779914332,38.333333333333336
DCR,2,2023-01-16,2025-12-08,2025-12-09,2026-03-04,0.4006874275101776,0.6158678352712176,1.1040229536077624,36.666666666666664,0.3361064275105792,0.5335180415557711,0.9271599590259537,55.00000000000001
DGKC,2,2023-01-16,2025-12-08,2025-12-09,2026-03-04,5.179507962842587,6.95449606640274,2.3814349973819757,41.66666666666667,3.6940002441406246,5.173135775057991,1.709459880291363,35.0
DHPL,2,2023-01-16,2025-12-08,2025-12-09,2026-03-04,2.2983577536020117,2.7512544676302206,6.533826808531017,26.666666666666668,0.9623333333333336,1.7438979327930864,2.48118456048499,61.66666666666667
EFERT,2,2023-01-16,2025-12-08,2025-12-09,2026-03-04,3.6647284727090397,5.174322246533408,1.6695876337336446,55.00000000000001,3.420168050130211,5.132067340682713,1.5477093711340253,50.0
ENGROH,2,2023-01-16,2025-12-08,2025-12-09,2026-03-04,8.439309157606445,10.871875582225528,3.196606200622264,53.333333333333336,6.2078333333333315,8.122269079512202,2.3946397209587245,46.666666666666664
EPCL,2,2023-01-16,2025-12-08,2025-12-09,2026-03-04,1.282725802607588,1.524878118519244,3.8701360142077457,33.33333333333333,0.84116694132487,1.2278988058565419,2.4874620076621827,58.333333333333336
FABL,2,2023-01-16,2025-12-08,2025-12-09,2026-03-04,2.084709685856131,2.7539743080074355,2.342949878092626,43.333333333333336,1.5353894551595044,2.3913179268406366,1.7377168961087857,45.0
FATIMA,2,2023-01-16,2025-12-08,2025-12-09,2026-03-04,4.238076590973458,5.513686679329472,2.6545368775734897,48.333333333333336,3.308771769205731,4.814621804995232,2.0660563135873793,46.666666666666664
FCCL,2,2023-01-16,2025-12-08,2025-12-09,2026-03-04,1.4913239274870231,1.9300201590143766,2.765225624580179,50.0,0.8756664911905921,1.2618688644462712,1.6154688402956516,46.666666666666664
FFC,2,2023-01-16,2025-12-08,2025-12-09,2026-03-04,12.491314866764174,17.405543061984172,2.2984604553011807,40.0,8.453295898437503,14.765828912451163,1.5526031927651276,48.333333333333336
FFL,2,2023-01-16,2025-12-08,2025-12-09,2026-03-04,0.4730409416820846,0.6347873590335752,2.4707584215922767,48.333333333333336,0.4283333619435623,0.5810394230208631,2.212678136548397,60.0
FHAM,2,2023-01-16,2025-12-08,2025-12-09,2026-03-04,1.6295226809595262,1.8222785351919666,4.909265925629085,40.0,0.34216651916503893,0.5546723936347939,1.0619736564969358,38.333333333333336
GADT,2,2023-01-16,2025-12-08,2025-12-09,2026-03-04,7.372875314984166,10.12041833325103,2.3165476981674535,45.0,5.7336664835611995,8.493202717567806,1.8295338501383156,56.666666666666664
GAL,2,2023-01-16,2025-12-08,2025-12-09,2026-03-04,8.80843425320934,11.568993477479601,1.7844414140083944,51.66666666666667,6.822833333333339,10.056285513713968,1.408938897235926,53.333333333333336
GATM,2,2023-01-16,2025-12-08,2025-12-09,2026-03-04,0.6888264101790429,0.9228744100850691,2.611767778751001,41.66666666666667,0.5844999949137369,0.7619547561907063,2.2013823029362505,46.666666666666664
GHGL,2,2023-01-16,2025-12-08,2025-12-09,2026-03-04,0.7377861151831177,0.9529052245831204,2.218445666817281,40.0,0.4747638066609703,0.7439557910632487,1.4367753193148791,50.0
GHNI,2,2023-01-16,2025-12-08,2025-12-09,2026-03-04,16.3162149088119,21.901858482691917,1.888590830508864,38.333333333333336,15.361834716796881,21.329278002787078,1.7692070137696532,43.333333333333336
GLAXO,2,2023-01-16,2025-12-08,2025-12-09,2026-03-04,7.522822354709701,9.50466580904169,1.9449391160928697,46.666666666666664,5.5980982462565105,8.664343389409188,1.4474192967432453,50.0
HALEON,2,2023-01-16,2025-12-08,2025-12-09,2026-03-04,13.629906599698868,20.634668225298,1.5482938275904983,55.00000000000001,11.105118815104165,18.910074930299217,1.2649180039275283,50.0
HBL,2,2023-01-16,2025-12-08,2025-12-09,2026-03-04,6.587264514762615,8.859624491684917,2.1955146240912904,41.66666666666667,4.955746968587239,7.6066480058769566,1.643773684896218,50.0
HCAR,2,2023-01-16,2025-12-08,2025-12-09,2026-03-04,4.443873574012675,6.469352049923481,2.0952342054479467,46.666666666666664,3.379101308186853,5.023548972701985,1.5862426202379896,51.66666666666667
HGFA,2,2023-01-16,2025-12-08,2025-12-09,2026-03-04,0.4816069913277122,0.632522639574774,2.970754076262677,43.859649122807014,0.33075446413274384,0.4584787370506467,2.079122135590067,35.08771929824561
HINOON,2,2023-01-16,2025-12-08,2025-12-09,2026-03-04,13.587598345854158,21.158444348300346,1.4548028231174204,45.0,11.369767252604163,17.938037558901705,1.2143853182644782,36.666666666666664
HMB,2,2023-01-16,2025-12-08,2025-12-09,2026-03-04,1.6769012869700846,2.3688923753146574,1.5369132890444452,48.333333333333336,1.504232152303061,2.464651301722455,1.370778271098131,43.333333333333336
HUBC,2,2023-01-16,2025-12-08,2025-12-09,2026-03-04,3.746271596407525,5.251091543716702,1.7703974889427752,40.0,3.2275558471679644,4.879424872088196,1.5216085201351695,51.66666666666667
HUMNL,2,2023-01-16,2025-12-08,2025-12-09,2026-03-04,0.3591214321920409,0.44413579048884155,2.9701602858389413,51.66666666666667,0.24904836018880216,0.3586465318174951,2.060381305694048,45.0
IBFL,2,2023-01-16,2025-12-08,2025-12-09,2026-03-04,4.716506693427902,7.416889658559714,1.885428768609283,30.0,3.7858337402343767,6.883193355447666,1.5202257619315949,40.0
ILP,2,2023-01-16,2025-12-08,2025-12-09,2026-03-04,2.336134010334652,2.966333444556955,2.86757053036746,48.333333333333336,1.4643021901448567,2.3048037768530754,1.7756491999303958,51.66666666666667
INDU,2,2023-01-16,2025-12-08,2025-12-09,2026-03-04,24.61538647734965,38.07515441984643,1.2410908214720933,56.666666666666664,24.382853190104164,39.49142608805335,1.235722370888139,46.666666666666664
INIL,2,2023-01-16,2025-12-08,2025-12-09,2026-03-04,5.542128489822283,6.708106074065182,3.126914098214463,38.333333333333336,3.0561668395996144,4.404262048786007,1.7265694237791074,50.0
ISL,2,2023-01-16,2025-12-08,2025-12-09,2026-03-04,4.181449454127302,4.80103782463441,4.131630657051967,33.33333333333333,2.0443331400553393,3.0046646600657727,2.0364205486357165,46.666666666666664
JDWS,2,2023-01-16,2025-12-08,2025-12-09,2026-03-04,9.316940881321937,11.332400882823464,1.0946518352909007,41.66666666666667,8.6908681233724,11.476122069371666,1.0216525063064754,40.0
JVDC,2,2023-01-16,2025-12-08,2025-12-09,2026-03-04,4.079526082145571,5.609356562153395,3.248425914200877,53.333333333333336,3.6566675821940104,4.970375604859376,2.926298665199034,45.0
KAPCO,2,2023-01-16,2025-12-08,2025-12-09,2026-03-04,0.5675732175966451,0.9367150125358262,1.8247401120438724,45.0,0.47702919642130504,0.7950797216661881,1.51679842197506,58.333333333333336
KEL,2,2023-01-16,2025-12-08,2025-12-09,2026-03-04,0.22652846769213592,0.3191926687596672,3.1071551990377713,53.333333333333336,0.23249999682108566,0.3251230947030589,3.1774753626599996,48.333333333333336
KOHC,2,2023-01-16,2025-12-08,2025-12-09,2026-03-04,4.277690763106581,7.193897782600582,4.2939475350963905,45.0,2.4639998118082693,3.3701896118053547,2.3236804391250216,38.333333333333336
KTML,2,2023-01-16,2025-12-08,2025-12-09,2026-03-04,1.843832150738908,2.2948780399621738,2.9749480929647873,36.666666666666664,1.612166531880697,2.0987651215432037,2.5818811479896167,45.0
LCI,2,2023-01-16,2025-12-08,2025-12-09,2026-03-04,210.8702906178452,241.3889178328412,78.38162508237522,35.0,3.121880594889326,4.875901458251471,1.177246540125861,55.00000000000001
LOTCHEM,2,2023-01-16,2025-12-08,2025-12-09,2026-03-04,0.5167845436420446,0.7053991303800172,2.2839526835896633,45.0,0.4655070940653488,0.6641069988726984,2.0708117982775454,46.666666666666664
LUCK,2,2023-01-16,2025-12-08,2025-12-09,2026-03-04,21.877121253438187,25.51026676155992,4.7376084853571685,43.333333333333336,8.395503743489591,11.073970763048422,1.8414829599568205,40.0
MARI,2,2023-01-16,2025-12-08,2025-12-09,2026-03-04,7.516257985349045,12.45015173878852,1.160501810257233,63.33333333333333,7.367751057942702,12.659025094245015,1.1422961559493576,55.00000000000001
MCB,2,2023-01-16,2025-12-08,2025-12-09,2026-03-04,6.176420868272753,9.093784094945471,1.651378534756231,51.66666666666667,5.8465820312500005,8.873282320867872,1.5611612328050795,38.333333333333336
MEBL,2,2023-01-16,2025-12-08,2025-12-09,2026-03-04,10.182735068050912,13.864454219682301,2.2719762290725556,53.333333333333336,7.560968526204423,10.84933735628866,1.686276632716256,46.666666666666664
MEHT,2,2023-01-16,2025-12-08,2025-12-09,2026-03-04,5.990138821476895,8.375969170332212,2.1232908775465456,35.0,5.140336354573564,7.880883523538628,1.84135911454202,23.333333333333332
MLCF,2,2023-01-16,2025-12-08,2025-12-09,2026-03-04,3.3934108832124554,4.335686722113273,3.161630643346315,35.0,2.615666707356771,3.565373404489173,2.3736465836796783,41.66666666666667
MTL,2,2023-01-16,2025-12-08,2025-12-09,2026-03-04,6.425468048160823,9.203404567288427,1.2352663881270725,48.333333333333336,5.665048726399737,8.330730305232997,1.0836037143269643,48.333333333333336
MUGHAL,2,2023-01-16,2025-12-08,2025-12-09,2026-03-04,2.367441780094589,3.156546621952434,2.581879365479385,43.333333333333336,2.1809998830159514,2.796814704146596,2.3604970732989194,45.0
MUREB,2,2023-01-16,2025-12-08,2025-12-09,2026-03-04,13.367428864936416,17.598485481693583,1.3523041203239696,43.333333333333336,11.388913981119792,15.812395617920476,1.1487033797295734,35.0
NATF,2,2023-01-16,2025-12-08,2025-12-09,2026-03-04,5.2113862743019,7.96548924898496,1.3536811920207004,55.00000000000001,4.235268147786457,7.273598381394116,1.0863164721341725,41.66666666666667
NBP,2,2023-01-16,2025-12-08,2025-12-09,2026-03-04,4.316440171829447,6.344796302824934,1.9978495746217888,51.66666666666667,4.269293467203772,6.37381321654068,1.9724303086524269,45.0
NESTLE,2,2023-01-16,2025-12-08,2025-12-09,2026-03-04,77.29965132718816,113.8458598763211,1.0370108185495452,51.66666666666667,53.609505208333346,87.73177468893775,0.7173849527410714,26.666666666666668
NML,2,2023-01-16,2025-12-08,2025-12-09,2026-03-04,4.626742305795689,6.378524620179686,2.558646717307915,43.333333333333336,4.274834187825516,6.034341126017598,2.3533108621054613,48.333333333333336
NRL,2,2023-01-16,2025-12-08,2025-12-09,2026-03-04,10.686342158211955,14.470586445753208,2.8429809595644793,60.0,9.740667215983065,13.280773455457673,2.5588032541244243,51.66666666666667
OGDC,2,2023-01-16,2025-12-08,2025-12-09,2026-03-04,5.313879987387665,7.541016884442716,1.8744632511322894,46.666666666666664,4.830786132812498,7.123875292485483,1.6976447035360216,53.333333333333336
PABC,2,2023-01-16,2025-12-08,2025-12-09,2026-03-04,7.161142098394754,7.784910508626937,6.1419407004238655,38.333333333333336,2.1525004069010407,3.0478474279242143,1.9013713607524165,41.66666666666667
PAEL,2,2023-01-16,2025-12-08,2025-12-09,2026-03-04,1.1849632699150279,1.6596098254081504,2.267665422356192,58.333333333333336,1.0236667633056633,1.4573501902351462,1.9520717786901887,53.333333333333336
PAKT,2,2023-01-16,2025-12-08,2025-12-09,2026-03-04,20.44021462671031,33.7393517675718,1.495357186063698,48.333333333333336,18.351456705729166,29.335055209673307,1.330430679222657,38.333333333333336
PGLC,2,2023-01-16,2025-12-08,2025-12-09,2026-03-04,0.2949931417958955,0.42695826317168517,1.982305639829024,61.66666666666667,0.2911666075388593,0.42560344302022407,1.9574807496521074,30.0
PIBTL,2,2023-01-16,2025-12-08,2025-12-09,2026-03-04,0.6281773327024589,0.8369137503435611,3.3501243988905625,46.666666666666664,0.45749993324279814,0.6478336008421379,2.447753929007638,48.333333333333336
PIOC,2,2023-01-16,2025-12-08,2025-12-09,2026-03-04,13.105781261102756,17.2388674011634,4.043240987158205,46.666666666666664,8.299999491373699,12.181282556403843,2.5304379707013136,45.0
PKGS,2,2023-01-16,2025-12-08,2025-12-09,2026-03-04,10.51470384441506,17.27364865244776,1.3884891944895883,53.333333333333336,10.281984456380204,17.221322733723103,1.353812302675719,48.333333333333336
POL,2,2023-01-16,2025-12-08,2025-12-09,2026-03-04,7.6985197980396,10.446376390486908,1.2519822252479964,48.333333333333336,6.41565958658854,10.26845016271505,1.036527379070753,38.333333333333336
POWER,2,2023-01-16,2025-12-08,2025-12-09,2026-03-04,0.41663261376273536,0.5746138224023306,2.2006695755149708,41.66666666666667,0.3486667315165207,0.523176433191077,1.8199290380728594,31.666666666666664
PPL,2,2023-01-16,2025-12-08,2025-12-09,2026-03-04,4.89816695916249,6.58331563501402,2.1165106068106154,50.0,4.778275553385414,6.306903294703782,2.0639542449667463,60.0
PRL,2,2023-01-16,2025-12-08,2025-12-09,2026-03-04,0.7989324605936204,1.0750235339667957,2.4332603891997975,50.0,0.7256669362386066,0.9770311698438788,2.1931221442280173,51.66666666666667
PSEL,2,2023-01-16,2025-12-08,2025-12-09,2026-03-04,29.85353505744621,34.928437000691744,2.887363033764382,30.0,16.870665486653664,24.44456575771998,1.6161003367304572,41.66666666666667
PSO,2,2023-01-16,2025-12-08,2025-12-09,2026-03-04,8.490127774784703,12.546365991786734,2.017836953266912,46.666666666666664,7.317997741699217,10.480059138363433,1.710692821288253,56.666666666666664
PSX,2,2023-01-16,2025-12-08,2025-12-09,2026-03-04,1.0849383870986107,1.4787045474215097,2.4109459593830773,51.66666666666667,0.7621665318806966,1.0918658854730448,1.6949856664104608,53.333333333333336
PTC,2,2023-01-16,2025-12-08,2025-12-09,2026-03-04,2.3335313229128003,2.7021157817487156,4.090559618067385,40.0,1.7575005213419597,2.3923643888492414,2.991917482500064,48.333333333333336
RMPL,2,2023-01-16,2025-12-08,2025-12-09,2026-03-04,193.47646559981493,310.3218625789507,1.9305653512557788,46.666666666666664,155.73447265625,301.5167970238577,1.5453746813998586,43.333333333333336
SAZEW,2,2023-01-16,2025-12-08,2025-12-09,2026-03-04,49.79704155808923,69.66608975737391,2.455826463368117,55.00000000000001,49.802858479817694,69.73066999013967,2.4660492697286833,53.333333333333336
SCBPL,2,2023-01-16,2025-12-08,2025-12-09,2026-03-04,1.083347435517345,1.646438466492393,1.6114594284072983,50.0,1.0011731465657558,1.6184622555924295,1.4922895931554165,38.333333333333336
SEARL,2,2023-01-16,2025-12-08,2025-12-09,2026-03-04,3.4204313404207065,4.18440071334486,3.0305538281618647,55.00000000000001,2.2906665802001944,3.037900095756292,2.0784183697162426,55.00000000000001
SHFA,2,2023-01-16,2025-12-08,2025-12-09,2026-03-04,9.280439374894634,12.952280684630336,1.7126675242744174,48.333333333333336,7.580332438151043,11.823951160605121,1.3961719318087051,51.66666666666667
SNGP,2,2023-01-16,2025-12-08,2025-12-09,2026-03-04,2.059142665708848,3.0472443485247633,1.9499426836311815,53.333333333333336,1.9806662241617823,3.023102445469302,1.876551339691521,53.333333333333336
SRVI,2,2023-01-16,2025-12-08,2025-12-09,2026-03-04,54.19287577426118,66.6942735162539,3.232983221822262,43.333333333333336,34.05131835937498,47.83187223616481,2.020343611214766,40.0
SSGC,2,2023-01-16,2025-12-08,2025-12-09,2026-03-04,0.7728329721157591,1.121417231049919,2.538560146739389,56.666666666666664,0.7738332748413084,1.1229016202496012,2.5161689511982117,58.333333333333336
SYS,2,2023-01-16,2025-12-08,2025-12-09,2026-03-04,7.230657195887476,8.098992543875733,4.786204276596297,41.66666666666667,2.5825448354085276,3.3938512991374465,1.767827728624425,46.666666666666664
TGL,2,2023-01-16,2025-12-08,2025-12-09,2026-03-04,6.675286169854937,7.769719035487225,3.2161986130505853,65.0,3.212159729003906,4.48814204494138,1.627928314726566,60.0
THALL,2,2023-01-16,2025-12-08,2025-12-09,2026-03-04,16.50512760088376,22.214560142942798,2.6972461202413145,40.0,14.0302754720052,20.412713072722376,2.31485486390294,38.333333333333336
TRG,2,2023-01-16,2025-12-08,2025-12-09,2026-03-04,1.6552656607176053,2.602367374386391,2.73748420037995,45.0,1.4644994735717773,2.138281135148642,2.369423580238962,50.0
UBL,2,2023-01-16,2025-12-08,2025-12-09,2026-03-04,14.037410471456973,20.29244737750297,3.2349006320107385,65.0,7.48363444010417,11.287826653523283,1.738218762979437,51.66666666666667
UPFL,2,2023-01-16,2025-12-08,2025-12-09,2026-03-04,637.6927408998916,718.2314614249277,2.354313622384685,55.00000000000001,225.57314453124977,336.66071271387335,0.8628360749642162,41.66666666666667
WAFI,2,2023-01-16,2025-12-08,2025-12-09,2026-03-04,5.798304955819761,7.639495258520256,2.579047529449371,43.333333333333336,4.307500000000001,6.076128838879792,1.9117876984323914,48.333333333333336
YOUW,2,2023-01-16,2025-12-08,2025-12-09,2026-03-04,0.11450982609633652,0.175726808138276,2.3574149513010676,43.333333333333336,0.11183337767918905,0.17442768595358096,2.348387840616461,41.66666666666667
ABL,3,2023-04-10,2026-03-04,2026-03-05,2026-05-28,3.0737571167461857,3.7091143794188364,1.786575852574028,43.333333333333336,1.6145011901855488,2.4928347621458373,0.9533544779705824,41.66666666666667
ABOT,3,2023-04-10,2026-03-04,2026-03-05,2026-05-28,15.378401368033245,21.97848124107227,1.7377515849669585,48.333333333333336,13.57930196126303,20.927559192612268,1.5439276476471848,55.00000000000001
AGP,3,2023-04-10,2026-03-04,2026-03-05,2026-05-28,4.326833164297879,6.187651194483104,2.3895925343642155,46.666666666666664,4.059671274820961,6.137768878659954,2.23367088653726,51.66666666666667
AHCL,3,2023-04-10,2026-03-04,2026-03-05,2026-05-28,0.460176692182776,0.5809014477090105,3.3797879473918115,46.666666666666664,0.30033324559529645,0.44824836090701864,2.185120233810743,40.0
AICL,3,2023-04-10,2026-03-04,2026-03-05,2026-05-28,2.3151578931758783,2.869188530455089,3.2625046679926357,35.0,1.9058330535888677,2.7517072613807754,2.6611747633728497,40.0
AIRLINK,3,2023-04-10,2026-03-04,2026-03-05,2026-05-28,3.889864884964097,5.220556087982268,2.821656849991019,40.0,3.450834147135416,4.711174053498138,2.493742303623232,41.66666666666667
AKBL,3,2023-04-10,2026-03-04,2026-03-05,2026-05-28,2.368729190756621,3.0313537241322734,2.763109087138569,41.66666666666667,1.8511034647623705,2.698299626056187,2.2015226225310176,51.66666666666667
APL,3,2023-04-10,2026-03-04,2026-03-05,2026-05-28,9.145368317168314,12.754352340111122,1.6578749932001642,50.0,7.893169148763017,11.48833378199006,1.4341552236215742,53.333333333333336
ASTL,3,2023-04-10,2026-03-04,2026-03-05,2026-05-28,0.34956964687982606,0.4644552604029108,2.2579407811692507,50.0,0.3161667188008624,0.4407815792135452,2.0403525404949456,38.333333333333336
ATLH,3,2023-04-10,2026-03-04,2026-03-05,2026-05-28,25.2871235960587,38.44793647082023,1.6033801088956054,43.333333333333336,20.956148274739594,37.50737183731206,1.345910327454921,45.0
ATRL,3,2023-04-10,2026-03-04,2026-03-05,2026-05-28,18.121427334232,22.858928966427886,2.1108878995401623,36.666666666666664,14.249002075195312,20.083281046983167,1.6805798348707417,41.66666666666667
AVN,3,2023-04-10,2026-03-04,2026-03-05,2026-05-28,1.138996309776256,1.3749562324029894,3.529788827218155,43.333333333333336,0.7196989059448237,1.056179009387164,2.263761119990386,43.333333333333336
BAFL,3,2023-04-10,2026-03-04,2026-03-05,2026-05-28,3.0443512793531466,8.437895782265498,4.464215314704982,46.666666666666664,2.4590982437133784,7.955543492689008,3.4281766251451233,41.66666666666667
BAHL,3,2023-04-10,2026-03-04,2026-03-05,2026-05-28,3.536363274067019,4.639798781800309,2.1217991233840623,38.333333333333336,2.839496358235677,4.121710835534245,1.7240191655794317,40.0
BNWM,3,2023-04-10,2026-03-04,2026-03-05,2026-05-28,1.6898076784815685,2.5547688031976707,2.6929519718217994,36.666666666666664,1.4656671524047846,2.3330499985182214,2.3325517579253305,48.333333333333336
BOP,3,2023-04-10,2026-03-04,2026-03-05,2026-05-28,1.029974031372886,1.3703119474979495,3.358649779292666,43.333333333333336,0.8727257410685226,1.2010559993738052,2.893472224637416,43.333333333333336
BWCL,3,2023-04-10,2026-03-04,2026-03-05,2026-05-28,8.913910188566406,11.392688702510307,2.0457815157355808,46.666666666666664,6.012375895182287,9.607407885612876,1.3898789150314255,50.0
CHCC,3,2023-04-10,2026-03-04,2026-03-05,2026-05-28,7.155423386202316,9.835693809282857,2.688944630687427,45.0,7.1891682942708295,10.027652898362147,2.6960202618336964,45.0
CNERGY,3,2023-04-10,2026-03-04,2026-03-05,2026-05-28,0.24857158395324025,0.313173067002229,3.1372740511843853,43.333333333333336,0.17133333683013918,0.23617784677298806,2.2415938279604695,33.33333333333333
COLG,3,2023-04-10,2026-03-04,2026-03-05,2026-05-28,10.34652745059371,13.765796234002206,0.9377961773201852,51.66666666666667,10.04383138020833,13.565725203888542,0.9098555785289848,45.0
CPHL,3,2023-04-10,2026-03-04,2026-03-05,2026-05-28,1.9845367782055428,2.5910123245645456,2.5707291243426753,53.333333333333336,1.705333836873372,2.5051938471636737,2.2162666982489125,38.333333333333336
DCR,3,2023-04-10,2026-03-04,2026-03-05,2026-05-28,0.29025091289726507,0.4438455299532668,0.8318927222813067,38.333333333333336,0.224387550354004,0.45049976483296106,0.6463682727781115,53.333333333333336
DGKC,3,2023-04-10,2026-03-04,2026-03-05,2026-05-28,6.245944293450071,7.906566846672757,3.564073620458879,46.666666666666664,5.423167165120443,7.200327968773134,3.105959650589863,46.666666666666664
DHPL,3,2023-04-10,2026-03-04,2026-03-05,2026-05-28,1.3832158203059635,1.659299241095644,5.398263088649136,75.0,1.4674999999999994,1.6744775304553956,5.657436430519535,25.0
EFERT,3,2023-04-10,2026-03-04,2026-03-05,2026-05-28,3.4673097572734743,4.61115186052402,1.730848610973651,50.0,2.514504241943357,3.978056351499951,1.2528646598826363,46.666666666666664
ENGROH,3,2023-04-10,2026-03-04,2026-03-05,2026-05-28,8.143489811629292,9.777274273835664,2.994952376825701,54.54545454545454,6.056727272727269,8.29144027405262,2.2520007872218635,56.36363636363636
EPCL,3,2023-04-10,2026-03-04,2026-03-05,2026-05-28,0.9877553821745046,1.2851161159050069,2.960161464748153,40.0,0.8225002288818355,1.1572476894285475,2.470243743982364,36.666666666666664
FABL,3,2023-04-10,2026-03-04,2026-03-05,2026-05-28,1.830475844725238,2.5663908011185397,2.2162297420441894,41.66666666666667,1.6373045603434226,2.5057807490230752,1.9760367237574548,46.666666666666664
FATIMA,3,2023-04-10,2026-03-04,2026-03-05,2026-05-28,3.209680210095975,4.335644038652768,2.4215810861423828,41.66666666666667,2.869424184163412,4.146825078363839,2.1571279932943046,33.33333333333333
FCCL,3,2023-04-10,2026-03-04,2026-03-05,2026-05-28,1.506973416625707,2.0031709928855834,3.304396403564469,46.666666666666664,1.4281668980916342,1.9449907964053756,3.1147405643577284,41.66666666666667
FFC,3,2023-04-10,2026-03-04,2026-03-05,2026-05-28,10.793037588578308,14.618534748482604,2.180608014791259,45.0,7.804247029622398,12.777451727265209,1.5857326264963845,53.333333333333336
FFL,3,2023-04-10,2026-03-04,2026-03-05,2026-05-28,0.42522501935985274,0.5644003323253783,2.5855801713449567,48.333333333333336,0.383999903996786,0.544967729295993,2.341570385237413,50.0
FHAM,3,2023-04-10,2026-03-04,2026-03-05,2026-05-28,0.42984873378904115,0.6464596628400474,1.4233662177487565,43.333333333333336,0.4339999834696451,0.6706067831006678,1.4383289592846662,46.666666666666664
GADT,3,2023-04-10,2026-03-04,2026-03-05,2026-05-28,9.278745499446096,13.579803332946318,3.4082686217163594,43.333333333333336,8.66849975585937,12.953789186544183,3.1749925944091366,43.333333333333336
GAL,3,2023-04-10,2026-03-04,2026-03-05,2026-05-28,11.670702008250482,14.503588522401559,2.996619416666691,61.81818181818181,12.994363636363637,16.393797330365253,3.351275996357371,60.0
GATM,3,2023-04-10,2026-03-04,2026-03-05,2026-05-28,0.7055978885925404,0.9197433280844832,3.2356522457656003,45.0,0.5203333536783851,0.7710490755892463,2.44078986841985,43.333333333333336
GHGL,3,2023-04-10,2026-03-04,2026-03-05,2026-05-28,0.8019178891446014,1.0655667537322355,2.4234469262582055,41.66666666666667,0.7119829813639323,1.0129666338264127,2.1702245531878455,40.0
GHNI,3,2023-04-10,2026-03-04,2026-03-05,2026-05-28,21.19388480497672,28.587842791062634,2.8574136155578143,46.666666666666664,20.84983418782553,28.31191653854672,2.800640802023907,53.333333333333336
GLAXO,3,2023-04-10,2026-03-04,2026-03-05,2026-05-28,8.58645830760342,10.881600586309016,2.586913213320154,53.333333333333336,7.117179361979169,9.920527066916605,2.1451276782759208,58.333333333333336
HALEON,3,2023-04-10,2026-03-04,2026-03-05,2026-05-28,16.71695668110074,22.25455914377103,2.280421434998219,46.666666666666664,13.27204793294271,19.93891711449838,1.8253596731495767,55.00000000000001
HBL,3,2023-04-10,2026-03-04,2026-03-05,2026-05-28,7.298373282130722,9.330914581373406,2.6607951594139148,43.333333333333336,5.195011393229167,7.813018586003008,1.9234029818109142,53.333333333333336
HCAR,3,2023-04-10,2026-03-04,2026-03-05,2026-05-28,5.499376617521407,8.426857146831814,2.966973251123102,48.333333333333336,5.381464131673183,8.4061570724227,2.8954601537336,38.333333333333336
HGFA,3,2023-04-10,2026-03-04,2026-03-05,2026-05-28,0.3505646252363574,0.4205698592013489,2.483668308329633,45.28301886792453,0.2522623853863414,0.33788325649089784,1.8114912374144458,47.16981132075472
HINOON,3,2023-04-10,2026-03-04,2026-03-05,2026-05-28,22.079063019958788,29.31823588709358,2.4645321064710513,48.333333333333336,14.762960815429695,23.533178375275813,1.702638056114545,45.0
HMB,3,2023-04-10,2026-03-04,2026-03-05,2026-05-28,2.914430852845746,3.377000229233624,2.6405784361208573,40.0,1.3900628407796207,2.287229717624598,1.2789757521846572,45.0
HUBC,3,2023-04-10,2026-03-04,2026-03-05,2026-05-28,4.636379656883124,6.019111447724868,2.247807148511761,45.0,3.809502665201829,5.605532530521853,1.8682375503701407,45.0
HUMNL,3,2023-04-10,2026-03-04,2026-03-05,2026-05-28,0.26487042385341647,0.34890586773998794,2.4699187074753555,50.0,0.20554699897766113,0.31682881379143646,1.9257043173461126,38.333333333333336
IBFL,3,2023-04-10,2026-03-04,2026-03-05,2026-05-28,6.290697983017528,8.10406730751477,2.907971935515902,20.0,4.016832478841158,7.1281680090080854,1.8658621040828982,36.666666666666664
ILP,3,2023-04-10,2026-03-04,2026-03-05,2026-05-28,1.6549803859635792,2.3721362549467613,2.09115212664623,55.00000000000001,1.6438327789306648,2.525185083537937,2.079038968709256,46.666666666666664
INDU,3,2023-04-10,2026-03-04,2026-03-05,2026-05-28,29.122331689005463,41.4787706841311,1.5340358189192576,45.0,21.835793050130217,34.700484603969095,1.1739970295838722,50.0
INIL,3,2023-04-10,2026-03-04,2026-03-05,2026-05-28,4.013935999145775,5.422824487825839,2.6584969995724164,48.333333333333336,3.5124994913736995,5.061278367789613,2.3136464542382678,41.66666666666667
ISL,3,2023-04-10,2026-03-04,2026-03-05,2026-05-28,2.0407760824071697,2.7706157715600086,2.709449281233074,53.333333333333336,2.086333084106445,2.8827905531091806,2.752793867049897,50.0
JDWS,3,2023-04-10,2026-03-04,2026-03-05,2026-05-28,11.858965782839459,16.366563075655453,1.4029133737167399,58.333333333333336,11.913042195638019,16.96324640130995,1.4056607043863336,40.0
JVDC,3,2023-04-10,2026-03-04,2026-03-05,2026-05-28,3.905097996059999,4.962290219821975,3.399014852970876,45.0,3.6576672871907543,4.871646695752579,3.1766237647333195,38.333333333333336
KAPCO,3,2023-04-10,2026-03-04,2026-03-05,2026-05-28,0.4411390636179916,0.6439543305746163,1.6180051184370399,46.666666666666664,0.35563923517863044,0.6015420933430926,1.2981435631451999,40.0
KEL,3,2023-04-10,2026-03-04,2026-03-05,2026-05-28,0.20434464462014673,0.29382967511882757,2.6572130826439904,36.666666666666664,0.18716670672098792,0.2800327839960138,2.4337321264585774,40.0
KOHC,3,2023-04-10,2026-03-04,2026-03-05,2026-05-28,2.562698681856171,3.296119723693135,3.0590421454651446,55.00000000000001,2.596499252319337,3.33553984081597,3.1000972998520084,50.0
KTML,3,2023-04-10,2026-03-04,2026-03-05,2026-05-28,1.3266655991059855,1.7192170272066742,2.872322587850168,60.0,1.3793332417805986,1.774970344102958,2.981782004340715,50.0
LCI,3,2023-04-10,2026-03-04,2026-03-05,2026-05-28,6.263291172857885,7.718190694386844,2.6731507771584835,50.0,2.914998372395839,4.759921910201441,1.2455378864567168,46.666666666666664
LOTCHEM,3,2023-04-10,2026-03-04,2026-03-05,2026-05-28,0.7254622973272299,0.9413797188063191,2.9871064543157164,45.0,0.5581857681274414,0.8055969881407072,2.350941367652324,41.66666666666667
LUCK,3,2023-04-10,2026-03-04,2026-03-05,2026-05-28,101.81328703083143,184.56171858887,27.88517464096586,40.0,9.99699859619141,14.013745412078116,2.520074005451931,45.0
MARI,3,2023-04-10,2026-03-04,2026-03-05,2026-05-28,9.56515229732693,12.769513511484634,1.4825204393716633,48.333333333333336,8.163999430338547,12.137365048557701,1.2652257339981676,41.66666666666667
MCB,3,2023-04-10,2026-03-04,2026-03-05,2026-05-28,6.924869757922133,8.797804542639682,1.8376528233370417,46.666666666666664,5.532936096191411,7.959153207799037,1.4913758772615062,50.0
MEBL,3,2023-04-10,2026-03-04,2026-03-05,2026-05-28,11.01425658840302,13.130815520298016,2.3764508767752224,45.0,7.598420206705728,10.930486924528141,1.659049805421406,41.66666666666667
MEHT,3,2023-04-10,2026-03-04,2026-03-05,2026-05-28,4.920722508140546,7.679806361666872,2.083638193983891,41.66666666666667,4.712166849772141,7.683899979349155,2.0040333452750936,36.666666666666664
MLCF,3,2023-04-10,2026-03-04,2026-03-05,2026-05-28,2.546384688601058,3.3425180605628237,3.0663908483329694,46.666666666666664,2.3841668446858715,3.2291413309353008,2.8581582105666214,43.333333333333336
MTL,3,2023-04-10,2026-03-04,2026-03-05,2026-05-28,11.716614256782934,37.68764657092531,3.3956288924315277,38.333333333333336,9.078249104817708,37.85407547024832,2.598164989940382,46.666666666666664
MUGHAL,3,2023-04-10,2026-03-04,2026-03-05,2026-05-28,2.109286992248855,2.785796186970356,2.9789271522799066,50.0,2.1213334401448565,2.9008961735518324,2.9783945309687185,45.0
MUREB,3,2023-04-10,2026-03-04,2026-03-05,2026-05-28,14.278571460767143,20.074265462742947,1.6341389523727343,45.0,11.689117431640625,17.88023629985824,1.3303438620028485,31.666666666666664
NATF,3,2023-04-10,2026-03-04,2026-03-05,2026-05-28,8.583270994152315,11.221823692240934,2.3939470931777596,38.333333333333336,6.4902114868164045,9.990369335056444,1.8217879212280155,46.666666666666664
NBP,3,2023-04-10,2026-03-04,2026-03-05,2026-05-28,5.751128484825712,8.075040274096462,3.1030640842180666,41.66666666666667,5.422383626302083,7.947034152058457,2.9034576799733918,60.0
NESTLE,3,2023-04-10,2026-03-04,2026-03-05,2026-05-28,223.6324494859343,269.50157423382626,3.0583995008613765,46.666666666666664,47.9236653645833,72.40947580858285,0.6568565639094872,43.333333333333336
NML,3,2023-04-10,2026-03-04,2026-03-05,2026-05-28,4.54729084320807,5.782216044465208,3.2010669144192017,43.333333333333336,4.119833374023438,5.578899639068097,2.895089100156598,48.333333333333336
NRL,3,2023-04-10,2026-03-04,2026-03-05,2026-05-28,10.780321289429995,13.314124299158147,3.0839083313686713,36.666666666666664,7.786833190917978,11.670811560112366,2.2660228370862474,51.66666666666667
OGDC,3,2023-04-10,2026-03-04,2026-03-05,2026-05-28,7.20203814825309,8.998900283239303,2.366495566513085,58.333333333333336,5.1657414754231805,7.3394237060402,1.7516481766325962,46.666666666666664
PABC,3,2023-04-10,2026-03-04,2026-03-05,2026-05-28,2.4174030217915314,3.30431545183314,2.375302923651926,48.333333333333336,2.0328332265218125,3.018869578014589,2.0299556628339808,45.0
PAEL,3,2023-04-10,2026-03-04,2026-03-05,2026-05-28,1.1852492521832176,1.534150845974079,3.1053669533042614,46.666666666666664,1.1079996744791667,1.4774986623215995,2.917305504542974,51.66666666666667
PAKT,3,2023-04-10,2026-03-04,2026-03-05,2026-05-28,28.130068987523575,36.55123374949246,2.22687105441382,43.333333333333336,19.198640950520815,30.005796695731398,1.5522680002455358,45.0
PGLC,3,2023-04-10,2026-03-04,2026-03-05,2026-05-28,0.6565566402819962,0.9551160183052914,4.77543569645816,46.666666666666664,0.38433332443237317,0.5507782168994505,2.8322802432305565,40.0
PIBTL,3,2023-04-10,2026-03-04,2026-03-05,2026-05-28,0.4341992165782938,0.5969181141636121,2.815472796503064,41.66666666666667,0.4244998455047606,0.5836649538508809,2.758931652002587,48.333333333333336
PIOC,3,2023-04-10,2026-03-04,2026-03-05,2026-05-28,6.427716538254068,8.946645057808624,2.7097542107156727,58.333333333333336,6.519833882649747,9.086249394896251,2.7480967191783234,51.66666666666667
PKGS,3,2023-04-10,2026-03-04,2026-03-05,2026-05-28,16.281449384689783,22.23932399279131,2.3581795529525795,40.0,11.190699259440112,18.213824729741436,1.606701576639922,48.333333333333336
POL,3,2023-04-10,2026-03-04,2026-03-05,2026-05-28,10.15108748544751,12.093000882403011,1.5573180183036657,50.0,4.436996459960932,6.75900736580103,0.6864023846588944,40.0
POWER,3,2023-04-10,2026-03-04,2026-03-05,2026-05-28,0.5346881420865727,0.6916346791998016,2.9884921616614735,43.333333333333336,0.4871667544047039,0.6472467540057766,2.7204819706462104,41.66666666666667
PPL,3,2023-04-10,2026-03-04,2026-03-05,2026-05-28,5.961876908348281,7.4614493498530505,2.738428896552632,36.666666666666664,5.074832153320305,6.916724808501634,2.3394892493892323,48.333333333333336
PRL,3,2023-04-10,2026-03-04,2026-03-05,2026-05-28,0.8872400682553391,1.139131111763221,2.6853021500434884,36.666666666666664,0.6834999720255527,1.005013336726647,2.078909031318481,46.666666666666664
PSEL,3,2023-04-10,2026-03-04,2026-03-05,2026-05-28,9.834560432499755,13.727593708549644,1.1510423816088722,48.333333333333336,9.290172322591141,13.362002846248696,1.0873703885176673,35.0
PSO,3,2023-04-10,2026-03-04,2026-03-05,2026-05-28,9.236680140408932,11.753762386318053,2.5664340267076775,40.0,6.778500366210947,10.085761735136224,1.8842729802713498,41.66666666666667
PSX,3,2023-04-10,2026-03-04,2026-03-05,2026-05-28,0.9309827486520287,1.3188226849610494,2.6399942654874153,50.0,0.9031668980916341,1.301603728163457,2.5627114462905634,51.66666666666667
PTC,3,2023-04-10,2026-03-04,2026-03-05,2026-05-28,1.6599803984332724,2.1928862388077817,3.1716164065827868,40.0,1.4993335088094073,2.0174200187883984,2.840394904498091,51.66666666666667
RMPL,3,2023-04-10,2026-03-04,2026-03-05,2026-05-28,97.38945755391657,119.67718513176445,1.0725298910919525,48.333333333333336,54.591487630208334,79.50615792597128,0.6003781145540737,45.0
SAZEW,3,2023-04-10,2026-03-04,2026-03-05,2026-05-28,53.32564060595482,67.12968653851523,2.8023677979083654,48.333333333333336,46.8157755533854,63.71050781627061,2.4380076655962757,46.666666666666664
SCBPL,3,2023-04-10,2026-03-04,2026-03-05,2026-05-28,1.5472289822448986,1.9878654171974897,2.567621941165419,40.0,1.123720105489094,1.6870833957433813,1.867529437682236,46.666666666666664
SEARL,3,2023-04-10,2026-03-04,2026-03-05,2026-05-28,2.3915755772439704,3.15659283503435,2.7203598249719843,46.666666666666664,2.157833480834959,3.0069236231921166,2.474625953548611,45.0
SHFA,3,2023-04-10,2026-03-04,2026-03-05,2026-05-28,9.85425298319064,12.695871852106494,2.0651030038426814,53.333333333333336,7.111336263020831,10.281069466289173,1.4970859135317771,48.333333333333336
SNGP,3,2023-04-10,2026-03-04,2026-03-05,2026-05-28,2.6661910867961867,3.1357215058012704,2.7395945486587356,38.333333333333336,1.7313336690266918,2.501809189789625,1.7932938571414208,43.333333333333336
SRVI,3,2023-04-10,2026-03-04,2026-03-05,2026-05-28,39.67064875535871,54.43643861533293,2.4536097052800514,36.666666666666664,33.82330118815102,51.99779629688452,2.1254219802886656,40.0
SSGC,3,2023-04-10,2026-03-04,2026-03-05,2026-05-28,1.0225625932751718,1.2546733880140897,4.094461955789239,41.66666666666667,0.7493333180745445,1.027894137326249,3.0229720642169395,41.66666666666667
SYS,3,2023-04-10,2026-03-04,2026-03-05,2026-05-28,6.6545651378227815,10.81050496409689,4.603695720302715,46.666666666666664,2.6289638519287113,3.9083624960093877,1.9353661993282325,35.0
TGL,3,2023-04-10,2026-03-04,2026-03-05,2026-05-28,3.669071900677411,5.586398125751267,2.344691967703909,48.333333333333336,3.3221672058105467,5.194767990676236,2.1304347756294097,40.0
THALL,3,2023-04-10,2026-03-04,2026-03-05,2026-05-28,17.200701184197282,22.491361192414686,2.793658080199336,38.333333333333336,13.642997233072919,19.821524257539103,2.212691226022813,46.666666666666664
TRG,3,2023-04-10,2026-03-04,2026-03-05,2026-05-28,2.0824891061787967,2.788723751115798,3.7388925127393855,40.0,1.6228328069051101,2.405803845642845,2.943950420871244,51.66666666666667
UBL,3,2023-04-10,2026-03-04,2026-03-05,2026-05-28,11.094474845072659,14.271685012600026,3.1046767383843874,45.0,10.015498860677079,13.157576309870667,2.7737623764818173,50.0
UPFL,3,2023-04-10,2026-03-04,2026-03-05,2026-05-28,275.64123511583387,401.9082092790455,1.1042976504056448,46.666666666666664,240.60387369791698,392.58984795921526,0.9682971544517848,38.333333333333336
WAFI,3,2023-04-10,2026-03-04,2026-03-05,2026-05-28,4.049276982555713,5.5371456249344835,2.079851620429073,49.09090909090909,3.2578181818181835,4.8200565820896175,1.67353204857899,45.45454545454545
YOUW,3,2023-04-10,2026-03-04,2026-03-05,2026-05-28,0.2654350699738963,0.4200610880385399,4.726364493457485,51.66666666666667,0.22666668494542447,0.4047056727273151,4.146031384182217,33.33333333333333
ABL,4,2023-07-03,2026-05-28,2026-05-29,2026-08-20,2.599154298199095,3.7311931410678545,1.4753994378056137,53.333333333333336,1.4242719014485659,2.054614258923609,0.8048360445851906,40.0
ABOT,4,2023-07-03,2026-05-28,2026-05-29,2026-08-20,9.399837720579166,13.124706644857362,0.9967278097175517,55.00000000000001,8.895832316080734,12.901617103347013,0.9405047210806792,48.333333333333336
AGP,4,2023-07-03,2026-05-28,2026-05-29,2026-08-20,2.2058700056177116,2.8847401136619624,1.1105004073017082,56.666666666666664,1.9058334350585975,2.6896079405846662,0.9613946708960189,50.0
AHCL,4,2023-07-03,2026-05-28,2026-05-29,2026-08-20,0.24843543754567174,0.30598687650984013,1.5893663419580064,43.333333333333336,0.20250012079874663,0.273815679814784,1.299548607525979,43.333333333333336
AICL,4,2023-07-03,2026-05-28,2026-05-29,2026-08-20,1.750104417405698,2.281047520713038,2.1223573736259698,38.333333333333336,1.4969997406005866,2.1816615254497838,1.7988581274158397,48.333333333333336
AIRLINK,4,2023-07-03,2026-05-28,2026-05-29,2026-08-20,2.0977221985167698,2.9360624836330045,1.4413328595513832,58.333333333333336,1.8441670735677083,2.551810297197837,1.2579109557543777,45.0
AKBL,4,2023-07-03,2026-05-28,2026-05-29,2026-08-20,2.1068555779010407,2.7890440322604535,2.0215942450159456,55.00000000000001,1.6223452250162766,2.3410886422817234,1.5586922782557329,40.0
APL,4,2023-07-03,2026-05-28,2026-05-29,2026-08-20,5.460718827893146,7.85800652117234,1.005129034402696,45.0,3.5224995930989604,4.88597199926771,0.6478663872840379,48.333333333333336
ASTL,4,2023-07-03,2026-05-28,2026-05-29,2026-08-20,0.227983942939832,0.2870710028702612,1.4141547904731862,35.0,0.17483342488606762,0.23048142962653956,1.0789592717214254,41.66666666666667
ATLH,4,2023-07-03,2026-05-28,2026-05-29,2026-08-20,20.18758106049288,24.72944442558084,1.219096442088979,30.0,5.9861450195312615,9.895198723304427,0.35801699063140685,36.666666666666664
ATRL,4,2023-07-03,2026-05-28,2026-05-29,2026-08-20,18.37736812934143,27.317807414043536,1.881053872886563,43.333333333333336,13.674494425455718,22.226098594068873,1.4089967053056363,38.333333333333336
AVN,4,2023-07-03,2026-05-28,2026-05-29,2026-08-20,0.5488727567961976,0.815585254663015,1.615525752500236,48.333333333333336,0.43500003814697247,0.7116460989776846,1.2642279923653115,30.0
BAFL,4,2023-07-03,2026-05-28,2026-05-29,2026-08-20,0.7905622111507866,1.125954074027704,1.3816174340193803,26.666666666666668,0.5626745223999022,0.940370169210907,0.9796433186417292,48.333333333333336
BAHL,4,2023-07-03,2026-05-28,2026-05-29,2026-08-20,2.2070979541484923,3.1245109852678508,1.275240690254153,38.333333333333336,1.6553329467773452,2.423267333863434,0.9566161593781871,40.0
BNWM,4,2023-07-03,2026-05-28,2026-05-29,2026-08-20,0.7619581553400292,1.1611001806624262,1.1295668066788664,51.66666666666667,0.7206666310628254,1.1050299287568335,1.0693054539219722,25.0
BOP,4,2023-07-03,2026-05-28,2026-05-29,2026-08-20,0.5499839753220139,0.7693043837623458,1.5874926827374558,45.0,0.48399982452392565,0.714189418875464,1.3983975502307042,43.333333333333336
BWCL,4,2023-07-03,2026-05-28,2026-05-29,2026-08-20,6.1136410498024585,9.362401609709774,1.275143160998832,50.0,3.1141103108724026,5.3752739573789485,0.6587842176833345,41.66666666666667
CHCC,4,2023-07-03,2026-05-28,2026-05-29,2026-08-20,6.732837102943909,9.084045296942802,2.135711666491074,51.66666666666667,5.7298324584961,8.499091933638029,1.8161133036738542,35.0
CNERGY,4,2023-07-03,2026-05-28,2026-05-29,2026-08-20,0.3154938875445649,0.4964848684375123,2.827839526798286,40.0,0.24450003306070972,0.3818921995896045,2.2110393241653137,45.0
COLG,4,2023-07-03,2026-05-28,2026-05-29,2026-08-20,10.454770546755965,14.29340040227156,0.8521602154561961,38.333333333333336,7.647662353515614,11.452469469674975,0.6225121959184924,35.0
CPHL,4,2023-07-03,2026-05-28,2026-05-29,2026-08-20,0.9876317982560008,1.3039490131084148,1.2882201090789536,43.333333333333336,0.7446669260660808,1.1200121359432937,0.9611668566658117,43.333333333333336
DCR,4,2023-07-03,2026-05-28,2026-05-29,2026-08-20,0.27445824676998176,0.39211135064113495,0.7217139558506505,53.333333333333336,0.16212724049886104,0.28123228017307866,0.4289668461309139,41.66666666666667
DGKC,4,2023-07-03,2026-05-28,2026-05-29,2026-08-20,3.5850866837517663,5.24764252013809,1.6900271934216151,51.66666666666667,3.431167602539058,5.150274488979079,1.6184915479257285,40.0
EFERT,4,2023-07-03,2026-05-28,2026-05-29,2026-08-20,2.084589412003576,3.343127496330979,1.092332554000757,46.666666666666664,1.4302815755208338,1.8620280012156003,0.7465798483731247,41.66666666666667
ENGROH,4,2023-07-03,2026-05-28,2026-05-29,2026-08-20,4.344422602611614,5.511247686116342,1.5744872688442677,47.368421052631575,3.8982456140350923,5.09989439175142,1.4150393615622308,42.10526315789473
EPCL,4,2023-07-03,2026-05-28,2026-05-29,2026-08-20,0.4771420871402974,0.6208664163542553,1.4018006161689172,50.0,0.423166783650716,0.5776115715740053,1.2429769222502265,33.33333333333333
FABL,4,2023-07-03,2026-05-28,2026-05-29,2026-08-20,1.807484042419894,2.276269360582627,1.8485110686140067,56.666666666666664,1.009602610270185,1.348354753173644,1.0448640319958795,35.0
FATIMA,4,2023-07-03,2026-05-28,2026-05-29,2026-08-20,2.4643385233248325,3.577338127054373,1.5510882580869743,45.0,2.2806671142578123,3.550875443039608,1.441261878234448,38.333333333333336
FCCL,4,2023-07-03,2026-05-28,2026-05-29,2026-08-20,0.9613243236157551,1.3107840735546343,1.734857269075525,53.333333333333336,0.907333437601725,1.2809893378864292,1.6424578616711638,43.333333333333336
FFC,4,2023-07-03,2026-05-28,2026-05-29,2026-08-20,5.592845349990868,7.738492831094777,1.0199797656737035,38.333333333333336,4.214413452148434,5.905102105255068,0.771310492653835,41.66666666666667
FFL,4,2023-07-03,2026-05-28,2026-05-29,2026-08-20,0.2933522630517635,0.3520662020766232,1.7148357665860152,35.0,0.1539999961853026,0.2104361812005159,0.9045498763768599,43.333333333333336
FHAM,4,2023-07-03,2026-05-28,2026-05-29,2026-08-20,0.29681001842247756,0.4826118489267262,0.8875622520310066,51.66666666666667,0.2889999707539877,0.4779994907266753,0.8645867379767755,31.666666666666664
GADT,4,2023-07-03,2026-05-28,2026-05-29,2026-08-20,7.767333297482164,10.686567376981348,2.5141904014804517,53.333333333333336,5.638834126790365,8.534603763066697,1.7951720539537919,45.0
GAL,4,2023-07-03,2026-05-28,2026-05-29,2026-08-20,11.184202128789593,15.274080460890497,1.9917054513516954,43.859649122807014,11.014035087719305,15.105416247161154,1.9622446732999308,38.59649122807017
GATM,4,2023-07-03,2026-05-28,2026-05-29,2026-08-20,0.6108866103633552,0.8055704462477904,2.240338173193239,53.333333333333336,0.5636667569478355,0.776277587875751,2.0614391876372617,40.0
GHGL,4,2023-07-03,2026-05-28,2026-05-29,2026-08-20,0.6866352042736149,0.9157317088528176,1.7822204198429614,43.333333333333336,0.5834285736083988,0.8383310648582695,1.5225909149664918,48.333333333333336
GHNI,4,2023-07-03,2026-05-28,2026-05-29,2026-08-20,23.419133557760563,33.69762273261276,2.084421032327538,41.66666666666667,20.2091542561849,31.096744462539693,1.8172782685215192,35.0
GLAXO,4,2023-07-03,2026-05-28,2026-05-29,2026-08-20,6.489363803790448,8.464919089582438,1.8089188245969632,40.0,3.8276662190755255,5.852757914906534,1.0619190304809478,41.66666666666667
HALEON,4,2023-07-03,2026-05-28,2026-05-29,2026-08-20,7.763578910142269,10.404180880202832,1.005626923092537,50.0,6.4943339029947955,9.82864672699215,0.8389469058791112,36.666666666666664
HBL,4,2023-07-03,2026-05-28,2026-05-29,2026-08-20,5.4666171273327695,7.191026815449441,1.8042840969078557,36.666666666666664,3.895148722330731,5.507502493371553,1.2890289318498849,43.333333333333336
HCAR,4,2023-07-03,2026-05-28,2026-05-29,2026-08-20,6.2605468737438175,7.748252689894905,2.5553103296111397,38.333333333333336,4.2785059611002625,6.6876818612273095,1.723280676427654,36.666666666666664
HGFA,4,2023-07-03,2026-05-28,2026-05-29,2026-08-20,0.37904451033209136,0.5070692171492037,2.318498034638236,56.36363636363636,0.3781735333529387,0.5030443900597944,2.296678412292104,47.27272727272727
HINOON,4,2023-07-03,2026-05-28,2026-05-29,2026-08-20,13.559095066333162,21.126919292045738,1.3612838914528809,56.666666666666664,9.568327840169271,13.722172134187115,0.9604491252082197,40.0
HMB,4,2023-07-03,2026-05-28,2026-05-29,2026-08-20,1.4618029529984657,2.178191990933951,1.3082955093725586,46.666666666666664,0.8417622884114586,1.1033601428893292,0.7487992388889282,35.0
HUBC,4,2023-07-03,2026-05-28,2026-05-29,2026-08-20,3.18548117705942,4.088697868525442,1.4385800341033201,36.666666666666664,2.5166666666666746,3.670658200152706,1.1380297251977856,36.666666666666664
HUMNL,4,2023-07-03,2026-05-28,2026-05-29,2026-08-20,0.13350292659279123,0.17678331749591827,1.2263392553184513,36.666666666666664,0.10699996948242217,0.15393722110024474,0.979485882825464,43.333333333333336
IBFL,4,2023-07-03,2026-05-28,2026-05-29,2026-08-20,7.255648428188615,10.842099661850815,2.568987957860077,43.333333333333336,7.184834289550777,10.872838528821424,2.525826314208452,40.0
ILP,4,2023-07-03,2026-05-28,2026-05-29,2026-08-20,2.107299294572208,2.9107346889283643,2.0995991328521995,50.0,1.518667093912762,2.378125247050618,1.5299511854861916,36.666666666666664
INDU,4,2023-07-03,2026-05-28,2026-05-29,2026-08-20,21.927300263449403,34.788470949722026,1.1174158225138653,43.333333333333336,10.22567545572919,14.237878680283266,0.5125116329879065,48.333333333333336
INIL,4,2023-07-03,2026-05-28,2026-05-29,2026-08-20,3.0673706208767726,4.293330289515053,1.8145152184661648,46.666666666666664,2.9170008341471356,4.350674401262258,1.724914967155642,31.666666666666664
ISL,4,2023-07-03,2026-05-28,2026-05-29,2026-08-20,1.995070125391108,2.7215886692520637,2.2581623595643916,50.0,1.7490001678466804,2.5437438880806,1.980686294003358,46.666666666666664
JDWS,4,2023-07-03,2026-05-28,2026-05-29,2026-08-20,6.989963613907376,10.160668224882356,0.7529114859912084,50.0,6.393828328450533,9.909062468315813,0.6862787844371773,33.33333333333333
JVDC,4,2023-07-03,2026-05-28,2026-05-29,2026-08-20,3.115612145506381,4.021316502135425,2.118390199701071,48.333333333333336,2.281165822347005,3.173700648823371,1.5524885060100633,36.666666666666664
KAPCO,4,2023-07-03,2026-05-28,2026-05-29,2026-08-20,0.2702249667113096,0.42482033387794377,0.959416933760943,46.666666666666664,0.18716665903727236,0.2858233042337019,0.6646375544173213,43.333333333333336
KEL,4,2023-07-03,2026-05-28,2026-05-29,2026-08-20,0.13603726393157983,0.17346337992886904,1.7675922326600542,38.333333333333336,0.11450000603993739,0.14757482262429392,1.4761898958019635,46.666666666666664
KOHC,4,2023-07-03,2026-05-28,2026-05-29,2026-08-20,1.8825266966073901,2.859282989238994,1.9079230151616173,46.666666666666664,1.7899996439615886,2.7955934973871797,1.8171596819503932,48.333333333333336
KTML,4,2023-07-03,2026-05-28,2026-05-29,2026-08-20,1.0333375349978398,1.450721957303961,2.1620940939075775,46.666666666666664,0.9496667861938481,1.4035504081694488,1.9802242761943776,43.333333333333336
LCI,4,2023-07-03,2026-05-28,2026-05-29,2026-08-20,3.485619001022673,4.992101159798852,1.5101704410434282,41.66666666666667,2.195333607991544,3.219505169716806,0.9433134257616764,43.333333333333336
LOTCHEM,4,2023-07-03,2026-05-28,2026-05-29,2026-08-20,0.44669320284346825,0.561292655330048,1.6239641936233815,41.66666666666667,0.35854771931966023,0.49233986278183745,1.2979609537297285,41.66666666666667
LUCK,4,2023-07-03,2026-05-28,2026-05-29,2026-08-20,5.909910389181854,8.215456024473292,1.3037196461835658,51.66666666666667,5.559666442871094,7.821915739296131,1.2288695266230731,50.0
MARI,4,2023-07-03,2026-05-28,2026-05-29,2026-08-20,7.540353024720304,10.704266133923417,1.1338883750471371,50.0,5.645496622721352,7.839249901410711,0.8474730768630763,41.66666666666667
MCB,4,2023-07-03,2026-05-28,2026-05-29,2026-08-20,5.837745748437433,9.699369031560243,1.4427615728394703,50.0,3.6924682617187528,5.587269444785147,0.9137520588258587,48.333333333333336
MEBL,4,2023-07-03,2026-05-28,2026-05-29,2026-08-20,7.623819426984371,11.040529247271555,1.4030041909787658,58.333333333333336,6.251565043131515,9.103184180376001,1.1614059542230577,46.666666666666664
MEHT,4,2023-07-03,2026-05-28,2026-05-29,2026-08-20,4.421329327814154,6.807540840427169,2.256352189772574,45.0,4.279834238688148,6.824205810860237,2.177481414275728,43.333333333333336
MLCF,4,2023-07-03,2026-05-28,2026-05-29,2026-08-20,1.861696875681241,2.5967212337196224,1.9021083116520898,58.333333333333336,1.8760008494059226,2.6615506315746713,1.9209457605981899,35.0
MTL,4,2023-07-03,2026-05-28,2026-05-29,2026-08-20,88.85933789197216,111.56591002104203,25.890459221272483,41.66666666666667,12.417250061035158,51.597783426044685,3.4347170056223795,41.66666666666667
MUGHAL,4,2023-07-03,2026-05-28,2026-05-29,2026-08-20,1.3264484771468188,1.8724204976427619,1.594043209480581,43.333333333333336,1.2339995066324865,1.7363913538083233,1.489510332794224,38.333333333333336
MUREB,4,2023-07-03,2026-05-28,2026-05-29,2026-08-20,5.218298667252672,8.038961582884767,0.5686625684671828,56.666666666666664,5.2570007324218695,8.170950582106958,0.5728563086750103,38.333333333333336
NATF,4,2023-07-03,2026-05-28,2026-05-29,2026-08-20,5.1987335638553365,6.986713466623998,1.3602060324536565,48.333333333333336,4.1956675211588585,5.547238552910298,1.1001856680411684,43.333333333333336
NBP,4,2023-07-03,2026-05-28,2026-05-29,2026-08-20,3.2249721301006837,4.274923774497115,1.5947737367011623,55.00000000000001,2.88583450317382,4.142039883390059,1.4295250363537406,50.0
NESTLE,4,2023-07-03,2026-05-28,2026-05-29,2026-08-20,32.99087569819201,44.568141117219525,0.44047491743081196,46.666666666666664,30.182902018229168,43.82286435488274,0.40319559994581416,43.333333333333336
NML,4,2023-07-03,2026-05-28,2026-05-29,2026-08-20,2.302746264634494,3.1518572588750766,1.5359449105036345,56.666666666666664,2.266665649414061,3.0129073339328296,1.5105913774027038,45.0
NRL,4,2023-07-03,2026-05-28,2026-05-29,2026-08-20,9.062783543938735,13.553469587159173,2.070368171548138,41.66666666666667,7.801666259765631,12.2918172978224,1.7959095546462411,55.00000000000001
OGDC,4,2023-07-03,2026-05-28,2026-05-29,2026-08-20,3.8029780379864007,4.72097727356053,1.1741535483579035,46.666666666666664,3.2958338419596354,4.464277813737875,1.0134174527486732,45.0
PABC,4,2023-07-03,2026-05-28,2026-05-29,2026-08-20,1.3489784870880448,1.8647933245211283,1.2509188243682496,50.0,1.2590003967285126,1.8569134477394065,1.1666634741453097,41.66666666666667
PAEL,4,2023-07-03,2026-05-28,2026-05-29,2026-08-20,0.7037116392137425,0.9907030797206627,1.646853056151359,48.333333333333336,0.6605003356933602,0.9494885749586804,1.5503702725162158,38.333333333333336
PAKT,4,2023-07-03,2026-05-28,2026-05-29,2026-08-20,21.481742656255893,30.387293862113072,1.5311127616522373,53.333333333333336,11.671685791015625,18.49869715601175,0.8407478854540237,35.0
PGLC,4,2023-07-03,2026-05-28,2026-05-29,2026-08-20,0.3612274197924693,0.5735171178900844,2.337171869594693,48.333333333333336,0.3459999879201259,0.5721800663631517,2.240353605210176,35.0
PIBTL,4,2023-07-03,2026-05-28,2026-05-29,2026-08-20,0.3085409965800535,0.3903001271985205,1.7896797123929307,38.333333333333336,0.24283316930135085,0.3485228059045719,1.3992074221307746,40.0
PIOC,4,2023-07-03,2026-05-28,2026-05-29,2026-08-20,4.635371681311696,6.485897006390892,1.6705305207502277,48.333333333333336,4.656999206542969,6.617490178668922,1.677425413442932,38.333333333333336
PKGS,4,2023-07-03,2026-05-28,2026-05-29,2026-08-20,13.29700956949518,18.04607618266449,1.686665949772633,53.333333333333336,6.618328857421883,9.13870459000614,0.8454421161788165,35.0
POL,4,2023-07-03,2026-05-28,2026-05-29,2026-08-20,3.1460466919002252,4.8971513448676145,0.4538575809183863,58.333333333333336,3.0733276367187536,4.937474273222791,0.442980741231414,48.333333333333336
POWER,4,2023-07-03,2026-05-28,2026-05-29,2026-08-20,0.4070482057746902,0.5604691979048813,1.8646574445214263,48.333333333333336,0.3896665255228674,0.5348238489954471,1.796684848231012,40.0
PPL,4,2023-07-03,2026-05-28,2026-05-29,2026-08-20,3.677476115125026,4.881724962247342,1.5865524505753337,48.333333333333336,3.308499654134104,4.393410414845544,1.4290673751508804,41.66666666666667
PRL,4,2023-07-03,2026-05-28,2026-05-29,2026-08-20,1.747571356928293,2.834131279053583,2.960917800909396,33.33333333333333,1.2486663818359374,2.1401392776238293,2.217073512229846,53.333333333333336
PSEL,4,2023-07-03,2026-05-28,2026-05-29,2026-08-20,8.87263187469826,15.040393327612303,0.9703433482479275,40.0,7.673165893554684,13.589265878852723,0.8393000036368895,45.0
PSO,4,2023-07-03,2026-05-28,2026-05-29,2026-08-20,4.086473019899108,6.405506531128561,1.1536350933409805,41.66666666666667,3.350332132975258,5.656918949834744,0.9426901733604883,41.66666666666667
PSX,4,2023-07-03,2026-05-28,2026-05-29,2026-08-20,1.2270569520283767,1.6725968895516392,2.4401627534463834,48.333333333333336,1.141500155131023,1.620343370413567,2.2801721486225013,36.666666666666664
PTC,4,2023-07-03,2026-05-28,2026-05-29,2026-08-20,1.0527915913669625,1.4976388460806451,1.526211309431058,45.0,1.0158332824707033,1.4973950516042291,1.4720388875191237,43.333333333333336
RMPL,4,2023-07-03,2026-05-28,2026-05-29,2026-08-20,51.8396716032471,74.09813041513797,0.551419670170007,43.333333333333336,43.48500976562491,61.537626519681,0.46196952318390383,30.0
SAZEW,4,2023-07-03,2026-05-28,2026-05-29,2026-08-20,21.53963816129879,28.951594269854034,1.0952136622984459,43.333333333333336,18.549833170572914,27.46821340935332,0.9377261409330363,58.333333333333336
SCBPL,4,2023-07-03,2026-05-28,2026-05-29,2026-08-20,0.9615538906294223,1.3630661709072682,1.470124020275885,35.0,0.621832784016927,0.9921092375552615,0.9483314560867974,30.0
SEARL,4,2023-07-03,2026-05-28,2026-05-29,2026-08-20,1.1596116611942207,1.5359600695575004,1.249662687699524,45.0,1.0858337402343758,1.5460343599138149,1.1703454789250742,30.0
SHFA,4,2023-07-03,2026-05-28,2026-05-29,2026-08-20,6.965948565870695,9.722082065821468,1.3544206414911746,60.0,6.25399729410807,9.152689763601945,1.215504316062644,45.0
SNGP,4,2023-07-03,2026-05-28,2026-05-29,2026-08-20,2.1897293350788276,2.8417488480041557,2.0258202018480396,55.00000000000001,2.084667460123695,2.8343676486228633,1.9222188554709152,45.0
SRVI,4,2023-07-03,2026-05-28,2026-05-29,2026-08-20,63.74637489301757,246.2961927687288,16.726677144235254,50.0,51.88194147745768,248.62754925715527,16.204707264386595,50.0
SSGC,4,2023-07-03,2026-05-28,2026-05-29,2026-08-20,0.6331101247362935,0.8289385945209895,2.215238318538343,51.66666666666667,0.5849999427795417,0.8202479288671587,2.034686480509791,43.333333333333336
SYS,4,2023-07-03,2026-05-28,2026-05-29,2026-08-20,1.6832071319106703,2.209634651588817,1.2092817578766473,38.333333333333336,1.3918329874674469,1.9127005100674654,0.9904039953833568,41.66666666666667
TGL,4,2023-07-03,2026-05-28,2026-05-29,2026-08-20,3.6041350056989803,4.9629364143818915,1.9102615532334282,48.333333333333336,2.8466654459635388,4.319621753832953,1.4919788852195182,43.333333333333336
THALL,4,2023-07-03,2026-05-28,2026-05-29,2026-08-20,8.433555020016206,11.956114532602825,1.4344069289492969,36.666666666666664,5.769833374023441,8.826713298475074,0.9796372429762548,40.0
TRG,4,2023-07-03,2026-05-28,2026-05-29,2026-08-20,1.420382001936083,1.8063540428206242,2.210896396990849,51.66666666666667,1.0766666412353507,1.5890853861118495,1.6735016941123566,46.666666666666664
UBL,4,2023-07-03,2026-05-28,2026-05-29,2026-08-20,28.75126436489721,40.94592167648431,6.214265346665669,53.333333333333336,6.62083587646485,9.758014258601957,1.473907459471325,43.333333333333336
UPFL,4,2023-07-03,2026-05-28,2026-05-29,2026-08-20,111.14704845918884,147.08212944196472,0.4369814252539187,53.333333333333336,95.89414062500006,134.86254957759596,0.3765711488024573,25.0
WAFI,4,2023-07-03,2026-05-28,2026-05-29,2026-08-20,2.4723730713507606,3.079398935579505,1.3183382948229194,42.10526315789473,2.172807017543862,2.7275993557731404,1.1576908070538852,40.35087719298245
YOUW,4,2023-07-03,2026-05-28,2026-05-29,2026-08-20,0.10677286601434925,0.14209615683394633,1.9107702925836818,36.666666666666664,0.07716664473215734,0.11092785496593136,1.3753005099086038,31.666666666666664
ABL,5,2023-09-25,2026-08-20,2026-08-21,2026-09-04,2.080664013559906,2.4203766515876386,1.2361094695028976,0.0,1.4779815673828125,1.8208355572737362,0.8779730794594152,66.66666666666666
ABOT,5,2023-09-25,2026-08-20,2026-08-21,2026-09-04,14.523293729787383,17.005458618880752,1.5520623061987224,66.66666666666666,13.223347981770795,16.269664100907445,1.4069208384859082,66.66666666666666
AGP,5,2023-09-25,2026-08-20,2026-08-21,2026-09-04,3.349303256648246,3.5870004910676583,1.9528915482237483,0.0,2.7533365885416665,3.2836907613675645,1.602258072709382,66.66666666666666
AHCL,5,2023-09-25,2026-08-20,2026-08-21,2026-09-04,0.0500749182639583,0.06274325967216278,0.3087869308170858,33.33333333333333,0.0366675059000651,0.045093529613591074,0.2258238269012945,33.33333333333333
AICL,5,2023-09-25,2026-08-20,2026-08-21,2026-09-04,3.2891253602258197,3.844197107483315,3.5625117439978746,0.0,2.8766657511393228,3.4695278383709183,3.108014138650787,66.66666666666666
AIRLINK,5,2023-09-25,2026-08-20,2026-08-21,2026-09-04,1.3985160808713128,1.6077874382392918,1.068106221968701,100.0,1.5900014241536458,1.7811718915636023,1.2145516827278893,33.33333333333333
AKBL,5,2023-09-25,2026-08-20,2026-08-21,2026-09-04,0.9714975031591374,1.1501206250475187,0.9242702432974784,66.66666666666666,0.9733327229817755,1.1619238358565862,0.9258080870433342,33.33333333333333
APL,5,2023-09-25,2026-08-20,2026-08-21,2026-09-04,9.194388418703284,14.71140739137441,1.5661441208474232,66.66666666666666,9.413330078125,14.683988967546648,1.6052402675247723,66.66666666666666
ASTL,5,2023-09-25,2026-08-20,2026-08-21,2026-09-04,0.24619382670353276,0.3308642886748677,1.5818545902247214,0.0,0.24000008900960404,0.3286335693264088,1.5412850809167262,33.33333333333333
ATLH,5,2023-09-25,2026-08-20,2026-08-21,2026-09-04,8.296771847216556,9.661381656439465,0.5220766693714451,33.33333333333333,8.059977213541666,9.329660529414607,0.5073843326009045,33.33333333333333
ATRL,5,2023-09-25,2026-08-20,2026-08-21,2026-09-04,16.629357816005495,17.15995844484542,1.5132608872813342,0.0,8.939982096354166,9.327116757073044,0.8133446500791288,66.66666666666666
AVN,5,2023-09-25,2026-08-20,2026-08-21,2026-09-04,0.5835194332400159,0.641869871763219,1.8610563579698887,66.66666666666666,0.5933335622151693,0.6457557772765118,1.8929317323372792,66.66666666666666
BAFL,5,2023-09-25,2026-08-20,2026-08-21,2026-09-04,0.49073459988517004,0.5219625746981645,0.8549344326104201,100.0,0.5266672770182316,0.5580334994623051,0.9174880641637946,66.66666666666666
BAHL,5,2023-09-25,2026-08-20,2026-08-21,2026-09-04,0.9887020332609779,1.2023603127988034,0.5876803249322593,33.33333333333333,0.9299977620442709,1.0080151383080724,0.5525643437701028,66.66666666666666
BNWM,5,2023-09-25,2026-08-20,2026-08-21,2026-09-04,1.0593861586954603,1.2409575210024404,1.5652607582985294,66.66666666666666,1.066668192545573,1.2145799519355518,1.5751163600918223,33.33333333333333
BOP,5,2023-09-25,2026-08-20,2026-08-21,2026-09-04,0.14966862302428532,0.24225867737767126,0.45948813606761785,66.66666666666666,0.14000066121419272,0.2044517418165661,0.4293777791429128,33.33333333333333
BWCL,5,2023-09-25,2026-08-20,2026-08-21,2026-09-04,2.883563743413371,3.730889806638673,0.5928606564917522,0.0,2.456665039062481,3.4233594085949455,0.5049784701731079,66.66666666666666
CHCC,5,2023-09-25,2026-08-20,2026-08-21,2026-09-04,1.5414936405888777,1.8630486689668357,0.5011999090945215,66.66666666666666,1.5866699218750189,1.748733656424074,0.5162461278018733,33.33333333333333
CNERGY,5,2023-09-25,2026-08-20,2026-08-21,2026-09-04,0.3707537186634558,0.4167234264472742,2.625251866713134,33.33333333333333,0.20333353678385535,0.2170254630814651,1.4383191413538559,0.0
COLG,5,2023-09-25,2026-08-20,2026-08-21,2026-09-04,0.7886036616522082,0.8478306402514875,0.06490257413305815,66.66666666666666,1.356689453125,1.3994223609282515,0.11170379618042237,33.33333333333333
CPHL,5,2023-09-25,2026-08-20,2026-08-21,2026-09-04,1.173963739670062,1.3017484045871524,1.5496213359170596,0.0,1.0899988810221355,1.2335701993071804,1.4393423610023373,66.66666666666666
DCR,5,2023-09-25,2026-08-20,2026-08-21,2026-09-04,0.5148196870089237,0.635865587197942,1.2693293585876266,100.0,0.6033337910970052,0.7074129350768787,1.49043830076018,66.66666666666666
DGKC,5,2023-09-25,2026-08-20,2026-08-21,2026-09-04,5.2673769027844815,5.443584151580285,2.4182736745277422,33.33333333333333,5.216669718424423,5.431078424963531,2.395896248421391,33.33333333333333
EFERT,5,2023-09-25,2026-08-20,2026-08-21,2026-09-04,1.4451417769507202,1.5262226992437193,0.7885235211223884,33.33333333333333,1.3633321126302274,1.4761759704207005,0.7436133304679672,33.33333333333333
ENGROH,5,2023-09-25,2026-08-20,2026-08-21,2026-09-04,1.820270527144746,2.312275883162963,0.6861747601091673,55.55555555555556,1.9333333333333433,2.322986583402221,0.7278264661257068,55.55555555555556
EPCL,5,2023-09-25,2026-08-20,2026-08-21,2026-09-04,0.5229270972666313,0.7326631951407171,1.5345481928734952,0.0,0.4933331807454427,0.7079081291181251,1.4466831813647374,66.66666666666666
FABL,5,2023-09-25,2026-08-20,2026-08-21,2026-09-04,0.2223554676038854,0.23272271555692386,0.2296553210927055,100.0,0.2966664632161458,0.34607335990391797,0.30673808554587606,66.66666666666666
FATIMA,5,2023-09-25,2026-08-20,2026-08-21,2026-09-04,1.418598201328346,1.504888689663808,0.9009492722860333,66.66666666666666,0.8266703287760416,0.9568018687846436,0.5242207622926077,66.66666666666666
FCCL,5,2023-09-25,2026-08-20,2026-08-21,2026-09-04,1.0024836391121237,1.015605402279614,1.7566067097696405,66.66666666666666,1.0433336893717424,1.0656612305212436,1.8279419406938353,33.33333333333333
FFC,5,2023-09-25,2026-08-20,2026-08-21,2026-09-04,1.2728590019423411,1.4905963939593774,0.2323475898090358,100.0,1.8566691080729167,2.0897372812857524,0.338686561821296,66.66666666666666
FFL,5,2023-09-25,2026-08-20,2026-08-21,2026-09-04,0.1569405954710922,0.17189903820756525,0.9905984961426182,66.66666666666666,0.17000007629394473,0.18574189997382837,1.073160386609813,33.33333333333333
FHAM,5,2023-09-25,2026-08-20,2026-08-21,2026-09-04,0.306090981579248,0.32159195162725734,0.9361802411600365,66.66666666666666,0.35666529337565106,0.36133870902567433,1.0898290131387924,0.0
GADT,5,2023-09-25,2026-08-20,2026-08-21,2026-09-04,4.042785252943266,4.927693810773909,1.2569879076046253,100.0,5.256663004557292,6.629974908344072,1.6305876024691488,33.33333333333333
GAL,5,2023-09-25,2026-08-20,2026-08-21,2026-09-04,9.744263323754517,12.462768425838949,1.5195823941751518,44.44444444444444,9.875555555555568,12.178979158095883,1.5394762929399104,44.44444444444444
GATM,5,2023-09-25,2026-08-20,2026-08-21,2026-09-04,0.3310111005987307,0.35718679171531237,1.3530637622260997,0.0,0.12999979654947916,0.14271131051700928,0.5313396499627732,66.66666666666666
GHGL,5,2023-09-25,2026-08-20,2026-08-21,2026-09-04,1.0161186235996713,1.213401881946624,2.362138021053499,100.0,1.0300013224283877,1.228048142375696,2.3944982493395623,0.0
GHNI,5,2023-09-25,2026-08-20,2026-08-21,2026-09-04,10.122756314325215,10.681565654170795,0.7804077274691242,66.66666666666666,11.676676432291666,13.378949365848019,0.8979835223535321,33.33333333333333
GLAXO,5,2023-09-25,2026-08-20,2026-08-21,2026-09-04,2.432045630338583,3.347836994567341,0.7122963505693154,66.66666666666666,2.4633382161458335,3.0794124475565487,0.7210392441698029,33.33333333333333
HALEON,5,2023-09-25,2026-08-20,2026-08-21,2026-09-04,4.269639547316842,5.693783497531105,0.5913507152882693,33.33333333333333,3.586669921875,4.626547372798202,0.4969246045836065,66.66666666666666
HBL,5,2023-09-25,2026-08-20,2026-08-21,2026-09-04,1.679795456133301,1.9871029143307355,0.52523478353383,0.0,1.5400085449218561,1.8522629191862292,0.48137546138598064,33.33333333333333
HCAR,5,2023-09-25,2026-08-20,2026-08-21,2026-09-04,4.587826773971888,4.731755622566605,2.01321912649141,33.33333333333333,0.5266672770182103,0.5857207446382918,0.2313566510719169,33.33333333333333
HGFA,5,2023-09-25,2026-08-20,2026-08-21,2026-09-04,0.1903217615331858,0.1953875127108586,1.306931051567576,66.66666666666666,0.12999979654947916,0.18193374506584337,0.8962224016307496,0.0
HINOON,5,2023-09-25,2026-08-20,2026-08-21,2026-09-04,12.298042440189912,13.044891087835593,1.274702609207909,0.0,10.653340657552084,11.490039524268042,1.1037851303347799,66.66666666666666
HMB,5,2023-09-25,2026-08-20,2026-08-21,2026-09-04,1.8146486311663352,1.941082444146158,1.7673040243066651,0.0,1.2866668701171828,1.5419921500662233,1.2507744409873982,66.66666666666666
HUBC,5,2023-09-25,2026-08-20,2026-08-21,2026-09-04,1.3692377400977496,1.6749692965010166,0.653270951131548,66.66666666666666,1.436665852864536,2.016874046751441,0.6839948184599901,0.0
HUMNL,5,2023-09-25,2026-08-20,2026-08-21,2026-09-04,0.11872809530868444,0.14668722499656703,1.1600289069625516,33.33333333333333,0.11333306630452533,0.14071216916415835,1.1070747042503652,33.33333333333333
IBFL,5,2023-09-25,2026-08-20,2026-08-21,2026-09-04,1.4141365202251943,1.5706360391538896,0.5331174135893999,0.0,0.05999755859375,0.07348170218371167,0.022618824401911923,0.0
ILP,5,2023-09-25,2026-08-20,2026-08-21,2026-09-04,0.2619666019451709,0.3001115618040149,0.2601198668217984,66.66666666666666,0.30000050862630206,0.32680480322939987,0.2980117379507562,66.66666666666666
INDU,5,2023-09-25,2026-08-20,2026-08-21,2026-09-04,5.253781588233475,6.040298558556576,0.26974067408131874,0.0,4.1966552734375,5.158326374889183,0.21543500297293447,66.66666666666666
INIL,5,2023-09-25,2026-08-20,2026-08-21,2026-09-04,3.604055292196051,3.8531485398592906,2.071669984316781,0.0,1.5966695149739583,1.8475691377533239,0.9167752536980797,66.66666666666666
ISL,5,2023-09-25,2026-08-20,2026-08-21,2026-09-04,1.836738520450221,2.2812358847253367,1.9429813750236402,0.0,1.5099995930989583,1.9996752543988476,1.5989668261855852,66.66666666666666
JDWS,5,2023-09-25,2026-08-20,2026-08-21,2026-09-04,3.9763024569555987,4.75952427639581,0.43899872123241357,66.66666666666666,4.146687825520833,5.099915239484482,0.4577619082887184,0.0
JVDC,5,2023-09-25,2026-08-20,2026-08-21,2026-09-04,1.2278967834459422,1.5699374953863958,0.8573031717119718,66.66666666666666,1.3266652425130208,1.6035334924756763,0.9253187560073981,0.0
KAPCO,5,2023-09-25,2026-08-20,2026-08-21,2026-09-04,0.11485088463887887,0.12146067992987279,0.412517242894107,33.33333333333333,0.11333338419596355,0.12301774208720428,0.4071940388118216,33.33333333333333
KEL,5,2023-09-25,2026-08-20,2026-08-21,2026-09-04,0.02493974525785821,0.025126628580901828,0.34969825448768266,33.33333333333333,0.02000013987223337,0.021602595548491126,0.28018021342736515,33.33333333333333
KOHC,5,2023-09-25,2026-08-20,2026-08-21,2026-09-04,0.5805976289524466,0.8504745652440023,0.5951062586445761,100.0,0.5933354695637973,0.8736898441048057,0.6082173925645186,66.66666666666666
KTML,5,2023-09-25,2026-08-20,2026-08-21,2026-09-04,0.6641931999568532,0.8683661135975561,1.5376889226636092,100.0,1.2166671752929712,1.3930665517935492,2.842877888594182,66.66666666666666
LCI,5,2023-09-25,2026-08-20,2026-08-21,2026-09-04,0.5015256255593291,0.5271162127135767,0.22449833730931604,66.66666666666666,0.5233256022135416,0.5963426025159799,0.23434134821009822,0.0
LOTCHEM,5,2023-09-25,2026-08-20,2026-08-21,2026-09-04,0.30480455300785536,0.41857865515793047,1.0851114420849275,33.33333333333333,0.32000033060709754,0.42402885991409156,1.140618355881739,33.33333333333333
LUCK,5,2023-09-25,2026-08-20,2026-08-21,2026-09-04,2.0468976665888667,2.2711167942936448,0.4633945091557589,0.0,1.6100056966146212,1.864059529118322,0.3644071067184262,0.0
MARI,5,2023-09-25,2026-08-20,2026-08-21,2026-09-04,3.675307900643437,3.6964897482806394,0.549894882006402,66.66666666666666,3.586669921875,3.59711267497771,0.5370372345201846,66.66666666666666
MCB,5,2023-09-25,2026-08-20,2026-08-21,2026-09-04,2.6601768665168115,3.1559586548449925,0.6628807055727065,33.33333333333333,2.60333251953125,3.0351694900267865,0.6483340608659474,33.33333333333333
MEBL,5,2023-09-25,2026-08-20,2026-08-21,2026-09-04,6.707064255486027,8.088385754543182,1.1747326270376683,50.0,5.196675618489583,5.492164253630624,0.9096394179974395,16.666666666666664
MEHT,5,2023-09-25,2026-08-20,2026-08-21,2026-09-04,1.1575368427076853,1.2592972530059754,0.8042713000919218,66.66666666666666,1.2999979654947917,1.556296697821036,0.9045391240537616,0.0
MLCF,5,2023-09-25,2026-08-20,2026-08-21,2026-09-04,2.3210054952318964,2.51105295059282,2.270113544320676,33.33333333333333,2.2833328247070455,2.5276652125239485,2.234123940256462,33.33333333333333
MTL,5,2023-09-25,2026-08-20,2026-08-21,2026-09-04,3.7853172431659914,4.399560193148124,1.2496914178784915,0.0,2.5933329264322915,3.2505173329212647,0.8550778985917319,33.33333333333333
MUGHAL,5,2023-09-25,2026-08-20,2026-08-21,2026-09-04,0.4657616349126054,0.49682901663892953,0.5928130800825583,33.33333333333333,0.47333526611328125,0.4944373779598163,0.6026927053050276,33.33333333333333
MUREB,5,2023-09-25,2026-08-20,2026-08-21,2026-09-04,8.392080907054568,10.749471624830871,0.9098513562551761,33.33333333333333,7.3999837239582575,8.840291185415385,0.7988783782179038,33.33333333333333
NATF,5,2023-09-25,2026-08-20,2026-08-21,2026-09-04,1.8924168627996398,2.8202971142384596,0.5102050875996438,33.33333333333333,1.6333414713541667,2.4556004329773184,0.44026896345677285,33.33333333333333
NBP,5,2023-09-25,2026-08-20,2026-08-21,2026-09-04,5.715435053920999,8.322397360172666,2.9923928181171346,33.33333333333333,4.58666483561196,7.658491037876149,2.423535501920805,66.66666666666666
NESTLE,5,2023-09-25,2026-08-20,2026-08-21,2026-09-04,14.796517217259558,18.325559714425104,0.19674332307915784,66.66666666666666,14.430013020833334,17.81364513530974,0.19188650690501075,33.33333333333333
NML,5,2023-09-25,2026-08-20,2026-08-21,2026-09-04,0.4095576299459651,0.44585921354970554,0.28401632074697614,100.0,0.3299967447916856,0.35378659912024885,0.22879217182899228,66.66666666666666
NRL,5,2023-09-25,2026-08-20,2026-08-21,2026-09-04,20.805160074844707,22.861301784617527,4.228790764763298,0.0,16.716654459635418,18.917554840743065,3.4109799239319267,66.66666666666666
OGDC,5,2023-09-25,2026-08-20,2026-08-21,2026-09-04,4.238269559889034,4.250888100692099,1.2934710303234425,33.33333333333333,4.159993489583353,4.233628244626746,1.268529140158379,33.33333333333333
PABC,5,2023-09-25,2026-08-20,2026-08-21,2026-09-04,0.3863173559472794,0.4667230383313658,0.3786434689724617,33.33333333333333,0.2933349609375,0.41109848374667435,0.287211890440094,33.33333333333333
PAEL,5,2023-09-25,2026-08-20,2026-08-21,2026-09-04,0.3259483696571787,0.36396578749196773,0.8006228186236636,33.33333333333333,0.3366661071777344,0.38957181721497675,0.8245830073404801,33.33333333333333
PAKT,5,2023-09-25,2026-08-20,2026-08-21,2026-09-04,5.820670390360874,7.357143511278751,0.419254906384501,66.66666666666666,5.603352864583333,8.51053888454171,0.4029693570324429,0.0
PGLC,5,2023-09-25,2026-08-20,2026-08-21,2026-09-04,1.8480149726047301,2.165168561280479,11.003677170831587,0.0,1.2166665395100924,1.420997014854752,7.285348551405203,66.66666666666666
PIBTL,5,2023-09-25,2026-08-20,2026-08-21,2026-09-04,0.1424887753327558,0.1487261530053395,0.8711664750728703,33.33333333333333,0.03999964396158854,0.043204749642833266,0.24439767863349496,0.0
PIOC,5,2023-09-25,2026-08-20,2026-08-21,2026-09-04,1.199779782551256,1.7799067256074625,0.4517985854641711,66.66666666666666,1.4300130208333524,1.7858330341397943,0.536692292007841,0.0
PKGS,5,2023-09-25,2026-08-20,2026-08-21,2026-09-04,6.035474756980913,6.754614418142589,0.7503177320686748,66.66666666666666,6.193339029947879,6.99981746646689,0.7697872043821111,33.33333333333333
POL,5,2023-09-25,2026-08-20,2026-08-21,2026-09-04,8.503050201078622,13.398349680064289,1.1412938872388463,100.0,9.889994303385341,14.362880181815013,1.331206595384595,66.66666666666666
POWER,5,2023-09-25,2026-08-20,2026-08-21,2026-09-04,0.7069662630204808,0.7931053912243854,3.0307966579852215,66.66666666666666,0.7000001271565756,0.8288948422725059,3.0050727377941278,33.33333333333333
PPL,5,2023-09-25,2026-08-20,2026-08-21,2026-09-04,4.3876106771496,4.61199567983854,1.8175153430028443,33.33333333333333,4.343332926432254,4.628595546446524,1.79758465872138,33.33333333333333
PRL,5,2023-09-25,2026-08-20,2026-08-21,2026-09-04,3.3476602092092187,4.0398543093494865,3.80274136093548,33.33333333333333,2.753331502278646,3.3039276633394543,3.108549146406153,0.0
PSEL,5,2023-09-25,2026-08-20,2026-08-21,2026-09-04,9.499264237019588,12.125963498515096,1.0606087113638285,66.66666666666666,9.456644694010455,12.039893018383571,1.0564670165634824,33.33333333333333
PSO,5,2023-09-25,2026-08-20,2026-08-21,2026-09-04,3.265897178912288,5.177510882761606,0.8961559695785336,50.0,3.0216623942057104,4.711051586636828,0.8301791791873305,50.0
PSX,5,2023-09-25,2026-08-20,2026-08-21,2026-09-04,0.8452371528914734,0.991405709611008,1.6758404138013685,33.33333333333333,0.8499997456868513,1.0343591437690263,1.687451234697844,33.33333333333333
PTC,5,2023-09-25,2026-08-20,2026-08-21,2026-09-04,0.5232551280080884,0.6433168135571254,0.7459151935210512,0.0,0.35333251953125,0.4795120747660731,0.5034337553175399,66.66666666666666
RMPL,5,2023-09-25,2026-08-20,2026-08-21,2026-09-04,83.67923455342013,85.96608728963,0.9029780787417957,66.66666666666666,88.94986979166667,90.06464724216846,0.9601781796277633,0.0
SAZEW,5,2023-09-25,2026-08-20,2026-08-21,2026-09-04,21.08687604282098,25.36476212354893,1.1204413230085573,0.0,18.723347981770832,24.470569710706922,0.9932126203055275,33.33333333333333
SCBPL,5,2023-09-25,2026-08-20,2026-08-21,2026-09-04,0.2124145640713143,0.214180793655057,0.31953868725337,33.33333333333333,0.279998779296875,0.4304251551963596,0.4187703721514598,33.33333333333333
SEARL,5,2023-09-25,2026-08-20,2026-08-21,2026-09-04,0.5273153041469669,0.6638599448772297,0.5926106560042188,66.66666666666666,0.5666681925455729,0.6689795988089349,0.6373292644628585,66.66666666666666
SHFA,5,2023-09-25,2026-08-20,2026-08-21,2026-09-04,1.6195734288843937,1.7754288502839994,0.32982828924074,100.0,1.86334228515625,1.9880617696025846,0.37945339361716623,33.33333333333333
SNGP,5,2023-09-25,2026-08-20,2026-08-21,2026-09-04,0.8119625887670736,0.967313262181512,0.7902804341175925,66.66666666666666,0.8366648356119839,0.9958730842198723,0.814691802343171,33.33333333333333
SRVI,5,2023-09-25,2026-08-20,2026-08-21,2026-09-04,5.903395482040892,7.418702498623712,2.780725033015298,0.0,4.0207481384277415,5.7694035571720335,1.8902573975934627,25.0
SSGC,5,2023-09-25,2026-08-20,2026-08-21,2026-09-04,0.4583424430571495,0.5734428862407157,1.622130097890219,33.33333333333333,0.38666661580403766,0.5041821928972683,1.3698645096840558,33.33333333333333
SYS,5,2023-09-25,2026-08-20,2026-08-21,2026-09-04,1.9644937992966238,1.9946122594089604,1.5722315172525443,33.33333333333333,1.909998575846359,1.9334322033755063,1.528616681491997,66.66666666666666
TGL,5,2023-09-25,2026-08-20,2026-08-21,2026-09-04,1.0864786684289907,1.1866122613938692,0.60571722968757,0.0,1.013336181640625,1.1481904319040739,0.5650214178147951,33.33333333333333
THALL,5,2023-09-25,2026-08-20,2026-08-21,2026-09-04,5.699355538949287,7.570320871334096,1.0365276486069783,100.0,11.42999267578125,12.351804954938817,2.0983175775859535,66.66666666666666
TRG,5,2023-09-25,2026-08-20,2026-08-21,2026-09-04,1.769577106109293,2.0604996227007524,3.1411255403474234,66.66666666666666,1.7633336385091145,2.0734916301945505,3.1349277350092866,66.66666666666666
UBL,5,2023-09-25,2026-08-20,2026-08-21,2026-09-04,50.617703781991395,81.1970273992806,11.35408110159004,100.0,5.499989827473978,7.224773030710478,1.2053122981835105,33.33333333333333
UPFL,5,2023-09-25,2026-08-20,2026-08-21,2026-09-04,291.897720096611,451.84383951708946,1.1281254347328176,33.33333333333333,281.1334635416679,432.86165087116865,1.0867275001583214,33.33333333333333
WAFI,5,2023-09-25,2026-08-20,2026-08-21,2026-09-04,2.433214797329482,3.224639241769948,1.4011001033325636,44.44444444444444,2.347777777777771,3.239236878580433,1.3502527405123559,66.66666666666666
YOUW,5,2023-09-25,2026-08-20,2026-08-21,2026-09-04,0.027899596965421065,0.029416177179158936,0.5407612962588906,33.33333333333333,0.026666641235351562,0.02943922880411824,0.5171765500381413,33.33333333333333
